time_s,time_h,reference_C,outside_temperature_C,temperature_C,sensor_temperature_C,measured_temperature_C,filtered_temperature_C,error_C,P_feedforward_W,P_proportional_W,P_integral_W,P_requested_W,P_command_W,power_effective_W
0.0,0.0,20.0,10.0,20.0,20.069116838412956,20.1,20.1,-0.10000000000000142,0.0,-45.00000000000064,-0.13500000000000192,2454.8649999999993,2454.8649999999993,2500.0
60.0,0.016666666666666666,20.0,10.0,20.0,20.16432362870023,20.200000000000003,20.133333333333336,-0.1333333333333364,0.0,-60.000000000001386,-0.31500000000000605,2439.6849999999986,2439.6849999999986,2500.0
120.0,0.03333333333333333,20.0,10.0,20.0,20.066087415236677,20.1,20.122222222222227,-0.12222222222222712,0.0,-55.0000000000022,-0.48000000000001264,2444.5199999999977,2444.5199999999977,2500.0
180.0,0.05,20.0,10.0,20.0,19.739368553679128,19.700000000000003,19.981481481481488,0.01851851851851194,0.0,8.333333333330373,-0.45500000000002155,2507.8783333333304,2507.8783333333304,2500.0
240.0,0.06666666666666667,20.0,10.0,20.0,20.181071173334622,20.200000000000003,20.054320987654325,-0.05432098765432514,0.0,-24.44444444444631,-0.5283333333333605,2475.0272222222206,2475.0272222222206,2500.0
300.0,0.08333333333333333,20.0,10.0,20.0,20.089274914472803,20.1,20.06954732510288,-0.06954732510288153,0.0,-31.29629629629669,-0.6222222222222505,2468.081481481481,2468.081481481481,2500.0
360.0,0.1,20.0,10.0,20.0,19.89260935292794,19.900000000000002,20.01303155006859,-0.013031550068589581,0.0,-5.864197530865312,-0.6398148148148465,2493.49598765432,2493.49598765432,2500.0
420.0,0.11666666666666667,20.0,10.0,20.0,20.11622362083927,20.1,20.042021033379058,-0.042021033379057826,0.0,-18.90946502057602,-0.6965432098765746,2480.3939917695475,2480.3939917695475,2500.0
480.0,0.13333333333333333,20.0,10.0,20.0,20.072914479237216,20.1,20.061347355586037,-0.061347355586036656,0.0,-27.606310013716495,-0.7793621399177241,2471.6143278463655,2471.6143278463655,2500.0
540.0,0.15,20.0,10.0,20.0,20.058826499331104,20.1,20.074231570390694,-0.07423157039069395,0.0,-33.404206675812276,-0.8795747599451609,2465.7162185642424,2465.7162185642424,2500.0
600.0,0.16666666666666666,20.0,10.0,20.0,20.00568444826316,20.0,20.0494877135938,-0.04948771359379833,0.0,-22.26947111720925,-0.9463831732967886,2476.7841457094937,2476.7841457094937,2500.0
660.0,0.18333333333333332,20.0,10.0,20.0,20.109342597322488,20.1,20.06632514239587,-0.0663251423958684,0.0,-29.84631407814078,-1.0359221155312108,2469.1177638063277,2469.1177638063277,2500.0
720.0,0.2,20.0,10.0,20.0,19.852709182599668,19.900000000000002,20.010883428263913,-0.010883428263912975,0.0,-4.897542718760839,-1.0506147436874935,2494.0518425375517,2494.0518425375517,2500.0
780.0,0.21666666666666667,20.0,10.0,20.0,19.96741801040139,20.0,20.00725561884261,-0.0072556188426098345,0.0,-3.2650284791744255,-1.0604098291250168,2495.6745616917005,2495.6745616917005,2500.0
840.0,0.23333333333333334,20.0,10.0,20.0,19.903576137464004,19.900000000000002,19.971503745895074,0.028496254104926066,0.0,12.82331434721673,-1.0219398860833666,2511.8013744611335,2511.8013744611335,2500.0
900.0,0.25,20.0,10.0,20.0,20.119769242526925,20.1,20.014335830596714,-0.014335830596714061,0.0,-6.451123768521327,-1.0412932573889304,2492.5075829740895,2492.5075829740895,2500.0
960.0,0.26666666666666666,20.0,10.0,20.0,20.007944421496333,20.0,20.00955722039781,-0.009557220397809374,0.0,-4.300749179014218,-1.0541955049259732,2494.64505531606,2494.64505531606,2500.0
1020.0,0.2833333333333333,20.0,10.0,20.0,19.941508649806984,19.900000000000002,19.973038146931874,0.026961853068126374,0.0,12.132833880656868,-1.0177970032840025,2511.115036877373,2511.115036877373,2500.0
1080.0,0.3,20.0,10.0,20.0,19.843618307528633,19.8,19.91535876462125,0.08464123537875068,0.0,38.088555920437805,-0.9035313355226892,2537.1850245849155,2537.1850245849155,2500.0
1140.0,0.31666666666666665,20.0,10.0,20.0,19.948561551876224,19.900000000000002,19.910239176414166,0.08976082358583426,0.0,40.39237061362542,-0.782354223681813,2539.6100163899437,2539.6100163899437,2500.0
1200.0,0.3333333333333333,20.0,10.0,20.0,20.00162843610367,20.0,19.94015945094278,0.05984054905722047,0.0,26.928247075749212,-0.7015694824545653,2526.226677593295,2526.226677593295,2500.0
1260.0,0.35,20.0,10.0,20.0,19.944879418940126,19.900000000000002,19.926772967295186,0.07322703270481412,0.0,32.952164717166355,-0.6027129883030662,2532.349451728863,2532.349451728863,2500.0
1320.0,0.36666666666666664,20.0,10.0,20.0,20.258812762879643,20.3,20.05118197819679,-0.05118197819679082,0.0,-23.03189018855587,-0.6718086588687339,2476.2963011525753,2476.2963011525753,2500.0
1380.0,0.38333333333333336,20.0,10.0,20.0,20.20134486306116,20.200000000000003,20.100787985464528,-0.10078798546452816,0.0,-45.35459345903767,-0.8078724392458468,2453.8375341017168,2453.8375341017168,2500.0
1440.0,0.4,20.0,10.0,20.0,19.457767504206807,19.5,19.90052532364302,0.09947467635698004,0.0,44.76360436064102,-0.6735816261639238,2544.0900227344773,2544.0900227344773,2500.0
1500.0,0.4166666666666667,20.0,10.0,20.0,19.622197350806466,19.6,19.800350215762013,0.1996497842379874,0.0,89.84240290709434,-0.4040544174426408,2589.4383484896516,2589.4383484896516,2500.0
1560.0,0.43333333333333335,20.0,10.0,20.0,19.965045581588967,20.0,19.86690014384134,0.13309985615865827,0.0,59.89493527139622,-0.22436961162845215,2559.670565659768,2559.670565659768,2500.0
1620.0,0.45,20.0,10.0,20.0,19.91556191768473,19.900000000000002,19.87793342922756,0.12206657077243932,0.0,54.929956847597694,-0.05957974108565906,2554.870377106512,2554.870377106512,2500.0
1680.0,0.4666666666666667,20.0,10.0,20.0,20.04272859949972,20.0,19.91862228615171,0.08137771384829051,0.0,36.61997123173073,0.05028017260953312,2536.6702514043404,2536.6702514043404,2500.0
1740.0,0.48333333333333334,20.0,10.0,20.0,20.043464386204512,20.0,19.94574819076781,0.054251809232191306,0.0,24.413314154486088,0.12352011507299138,2524.536834269559,2524.536834269559,2500.0
1800.0,0.5,20.0,10.0,20.0,20.42356775101021,20.400000000000002,20.097165460511874,-0.09716546051187436,0.0,-43.72445723034346,-0.007653256618038995,2456.2678895130384,2456.2678895130384,2500.0
1860.0,0.5166666666666667,20.0,10.0,20.0,19.777595847461544,19.8,19.998110307007916,0.0018896929920835248,0.0,0.8503618464375862,-0.005102171078726236,2500.8452596753586,2500.8452596753586,2499.24775
1920.0,0.5333333333333333,20.0,10.0,19.999990973,19.9244699715746,19.900000000000002,19.96540687133861,0.034593128661388306,0.0,15.566907897624738,0.04159855261414797,2515.608506450239,2515.608506450239,2498.2550375
1980.0,0.55,20.0,10.0,19.999970060531,20.408524382029466,20.400000000000002,20.110271247559076,-0.11027124755907636,0.0,-49.62206140158436,-0.10726763159060511,2450.270670966825,2450.270670966825,2497.359453541667
2040.0,0.5666666666666667,20.0,10.0,19.999938463791906,20.129279063032275,20.1,20.106847498372716,-0.10684749837271568,0.0,-48.081374267722055,-0.25151175439377127,2451.667113977884,2451.667113977884,2497.5347682048614
2100.0,0.5833333333333334,20.0,10.0,19.99990906561899,20.13252174009424,20.1,20.104564998915144,-0.10456499891514426,0.0,-47.054249511814916,-0.392674502929216,2452.553075985256,2452.553075985256,2497.159642438484
2160.0,0.6,20.0,10.0,19.999875254131396,19.897073979793905,19.900000000000002,20.03637666594343,-0.03637666594342903,0.0,-16.369499674543064,-0.4417830019528452,2483.188717323504,2483.188717323504,2496.675006422534
2220.0,0.6166666666666667,20.0,10.0,19.999835728446072,19.670220694274942,19.700000000000003,19.92425111062895,0.07574888937104873,0.0,34.08700021697193,-0.3395220013019294,2533.74747821567,2533.74747821567,2496.622022776397
2280.0,0.6333333333333333,20.0,10.0,19.99979568553405,20.033288634378597,20.0,19.949500740419303,0.05049925958069679,0.0,22.724666811313554,-0.27134800086798877,2522.4533188104456,2522.4533188104456,2496.3515555929494
2340.0,0.65,20.0,10.0,19.999752517144564,20.021555334708875,20.0,19.966333826946205,0.03366617305379549,0.0,15.14977787420797,-0.22589866724536484,2514.9238792069623,2514.9238792069623,2495.9392684638397
2400.0,0.6666666666666666,20.0,10.0,19.999704530814697,19.754234119965783,19.8,19.910889217964137,0.08911078203586342,0.0,40.09985191613854,-0.10559911149694923,2539.9942528046417,2539.9942528046417,2495.435550965513
2460.0,0.6833333333333333,20.0,10.0,19.99965064383384,19.863005311477725,19.900000000000002,19.907259478642757,0.09274052135724276,0.0,41.73323461075924,0.01960059233532849,2541.7528352030945,2541.7528352030945,2495.1246942112457
2520.0,0.7,20.0,10.0,19.999593188232872,19.985184452287427,20.0,19.938172985761838,0.06182701423816184,0.0,27.822156407172827,0.10306706155684697,2527.9252234687297,2527.9252234687297,2494.691245371164
2580.0,0.7166666666666667,20.0,10.0,19.999530703612628,19.810580379000474,19.8,19.892115323841224,0.1078846761587755,0.0,48.54810427144898,0.2487113743711939,2548.7968156458205,2548.7968156458205,2494.68058865727
2640.0,0.7333333333333333,20.0,10.0,19.999468278565676,19.979814284995232,20.0,19.928076882560816,0.07192311743918367,0.0,32.36540284763265,0.34580758291409186,2532.7112104305465,2532.7112104305465,2494.6971548745105
2700.0,0.75,20.0,10.0,19.999406239588474,20.018502845082367,20.0,19.952051255040544,0.04794874495945578,0.0,21.5769352317551,0.41053838860935715,2521.9874736203647,2521.9874736203647,2494.9822252009544
2760.0,0.7666666666666667,20.0,10.0,19.99934780757212,20.00646505498322,20.0,19.968034170027032,0.03196582997296815,0.0,14.384623487835668,0.45369225907286415,2514.8383157469084,2514.8383157469084,2494.94098116384
2820.0,0.7833333333333333,20.0,10.0,19.99928905592337,19.898030724260508,19.900000000000002,19.945356113351355,0.054643886648644724,0.0,24.589748991890126,0.5274615060485345,2525.1172104979387,2525.1172104979387,2494.936049066377
2880.0,0.8,20.0,10.0,19.999230421344397,20.11798003570156,20.1,19.99690407556757,0.0030959244324293422,0.0,1.393165994593204,0.5316410040323142,2501.9248069986256,2501.9248069986256,2495.205698863227
2940.0,0.8166666666666667,20.0,10.0,19.999175198466723,20.17740858932319,20.200000000000003,20.064602717045048,-0.06460271704504805,0.0,-29.071222670271624,0.44442733602149925,2471.3732046657497,2471.3732046657497,2495.905354291922
3000.0,0.8333333333333334,20.0,10.0,19.999128537122825,20.063298198036136,20.1,20.076401811363368,-0.07640181136336821,0.0,-34.380815113515695,0.3412848906809522,2465.960469777165,2465.960469777165,2496.633765326889
3060.0,0.85,20.0,10.0,19.99909075669538,19.83544471121732,19.8,19.984267874242246,0.01573212575775429,0.0,7.07945659098943,0.36252326045392047,2507.4419798514436,2507.4419798514436,2497.126980531329
3120.0,0.8666666666666667,20.0,10.0,19.999059008191672,20.14538946494876,20.1,20.02284524949483,-0.02284524949482858,0.0,-10.28036227267286,0.3316821736359019,2490.051319900963,2490.051319900963,2497.7140217179544
3180.0,0.8833333333333333,20.0,10.0,19.999034399427714,19.898746395734303,19.900000000000002,19.981896832996554,0.01810316700344572,0.0,8.146425151550574,0.3561214490905536,2508.502546600641,2508.502546600641,2497.3570597085313
3240.0,0.9,20.0,10.0,19.999005580945934,20.17483770460353,20.200000000000003,20.05459788866437,-0.05459788866437165,0.0,-24.569049898967243,0.28241429939365187,2475.7133644004266,2475.7133644004266,2496.631734281751
3300.0,0.9166666666666666,20.0,10.0,19.998968145014477,19.784610661638986,19.8,19.969731925776248,0.030268074223751995,0.0,13.620633400688398,0.3232761995957171,2513.943909600284,2513.943909600284,2497.4227057559633
3360.0,0.9333333333333333,20.0,10.0,19.998940313048504,20.18183375367426,20.200000000000003,20.0464879505175,-0.04648795051749843,0.0,-20.919577732874295,0.2605174663970942,2479.340939733523,2479.340939733523,2498.956299801525
3420.0,0.95,20.0,10.0,19.998930967706976,19.994918276783878,20.0,20.030991967011666,-0.030991967011665622,0.0,-13.94638515524953,0.21867831093134563,2486.272293155682,2486.272293155682,2499.9682042324957
3480.0,0.9666666666666667,20.0,10.0,19.998933793254643,19.749184015187762,19.700000000000003,19.920661311341114,0.07933868865888627,0.0,35.70240989649882,0.3257855406208421,2536.02819543712,2536.02819543712,2500.8832404470627
3540.0,0.9833333333333333,20.0,10.0,19.998947590760245,19.936167696366876,19.900000000000002,19.913774207560742,0.08622579243925799,0.0,38.801606597666094,0.44219036041384036,2539.24379695808,2539.24379695808,2501.479690629684
3600.0,1.0,20.0,10.0,19.99896850427552,20.00978896002983,20.0,19.94251613837383,0.05748386162617081,0.0,25.867737731776863,0.5197935736091709,2526.387531305386,2526.387531305386,2501.863976357015
3660.0,1.0166666666666666,20.0,10.0,19.998993966478977,20.05355223431187,20.1,19.99501075891589,0.004989241084111029,0.0,2.245158487849963,0.5265290490727208,2502.771687536923,2502.771687536923,2501.104041576282
3720.0,1.0333333333333334,20.0,10.0,19.999010233078454,19.80257260809026,19.8,19.930007172610594,0.06999282738940593,0.0,31.49677232523267,0.6210193660484188,2532.117791691281,2532.117791691281,2501.0997285445997
3780.0,1.05,20.0,10.0,19.999026399121753,19.777551789688715,19.8,19.886671448407064,0.11332855159293587,0.0,50.99784821682114,0.7740129106988822,2551.77186112752,2551.77186112752,2501.341541509694
3840.0,1.0666666666666667,20.0,10.0,19.999045418422504,20.03896232499192,20.0,19.924447632271377,0.07555236772862273,0.0,33.99856547788023,0.8760086071325229,2534.8745740850127,2534.8745740850127,2500.4903603339794
3900.0,1.0833333333333333,20.0,10.0,19.999054166491245,19.905704243115284,19.900000000000002,19.916298421514252,0.08370157848574777,0.0,37.6657103185865,0.9890057380882824,2538.654716056675,2538.654716056675,2499.6766395613777
3960.0,1.1,20.0,10.0,19.999053123666506,20.046154246012552,20.0,19.94419894767617,0.05580105232382948,0.0,25.110473545723266,1.0643371587254522,2526.1748107044486,2526.1748107044486,2498.891246835109
4020.0,1.1166666666666667,20.0,10.0,19.99904265925753,20.150946563753205,20.200000000000003,20.02946596511745,-0.029465965117449144,0.0,-13.259684302852115,1.0245581058168958,2487.7648738029648,2487.7648738029648,2498.6295380099154
4080.0,1.1333333333333333,20.0,10.0,19.999029085735877,19.66927161246569,19.700000000000003,19.919643976744965,0.08035602325503532,0.0,36.160210464765896,1.1330387372111936,2537.2932492019772,2537.2932492019772,2499.2148370133445
4140.0,1.15,20.0,10.0,19.99902257652283,20.049900199826354,20.0,19.946429317829978,0.053570682170022366,0.0,24.106806976510065,1.2053591581407237,2525.312166134651,2525.312166134651,2499.6021450432963
4200.0,1.1666666666666667,20.0,10.0,19.99902073453378,20.243950128040925,20.200000000000003,20.030952878553318,-0.030952878553318186,0.0,-13.928795348993184,1.163572772093744,2487.2347774231002,2487.2347774231002,2499.8575072793574
4260.0,1.1833333333333333,20.0,10.0,19.99902196241753,19.939516593543434,19.900000000000002,19.987301919035545,0.012698080964455016,0.0,5.714136434004757,1.1807151813957584,2506.8948516154005,2506.8948516154005,2500.5264530381123
4320.0,1.2,20.0,10.0,19.999031213966735,19.83686829731922,19.8,19.924867946023696,0.07513205397630429,0.0,33.80942428933693,1.2821434542637693,2535.091567743601,2535.091567743601,2501.213559407529
4380.0,1.2166666666666666,20.0,10.0,19.999048683037724,20.149497448473642,20.1,19.98324529734913,0.016754702650871423,0.0,7.53961619289214,1.3047623028424458,2508.8443784957344,2508.8443784957344,2501.658753808549
4440.0,1.2333333333333334,20.0,10.0,19.999071442034314,20.049760745275943,20.0,19.988830198232755,0.011169801767245247,0.0,5.026410795260361,1.3198415352282267,2506.3462523304884,2506.3462523304884,2502.4443881725037
4500.0,1.25,20.0,10.0,19.99910356036628,20.17828017452179,20.200000000000003,20.059220132155172,-0.05922013215517197,0.0,-26.649059469827385,1.2398943568187446,2474.590834886991,2474.590834886991,2502.948835210138
4560.0,1.2666666666666666,20.0,10.0,19.9991416357077,19.930098493697447,19.900000000000002,20.006146754770114,-0.006146754770114171,0.0,-2.766039646551377,1.2315962378790906,2498.4655565913276,2498.4655565913276,2503.2661458503085
4620.0,1.2833333333333334,20.0,10.0,19.99918340455078,19.702819749806338,19.700000000000003,19.904097836513408,0.09590216348659197,0.0,43.15597356896639,1.3610641585859897,2544.5170377275526,2544.5170377275526,2503.459015348585
4680.0,1.3,20.0,10.0,19.99922736252131,19.97722520957906,20.0,19.936065224342272,0.06393477565772798,0.0,28.770649045977592,1.4473761057239225,2530.2180251517016,2530.2180251517016,2503.8199852677412
4740.0,1.3166666666666667,20.0,10.0,19.99927552025696,19.910109889654713,19.900000000000002,19.92404348289485,0.07595651710515128,0.0,34.180432697318075,1.5499174038158767,2535.730350101134,2535.730350101134,2503.788398963256
4800.0,1.3333333333333333,20.0,10.0,19.999323154483747,20.154387918893264,20.200000000000003,20.016028988596567,-0.016028988596566762,0.0,-7.213044868455043,1.5282782692105115,2494.3152334007555,2494.3152334007555,2503.248145724964
4860.0,1.35,20.0,10.0,19.999364162768995,20.038090732444424,20.0,20.01068599239771,-0.010685992397711175,0.0,-4.808696578970029,1.5138521794736015,2496.705155600504,2496.705155600504,2502.6266844591673
4920.0,1.3666666666666667,20.0,10.0,19.999397590494198,19.67322774400718,19.700000000000003,19.90712399493181,0.0928760050681916,0.0,41.79420228068622,1.63923478631566,2543.4334370670017,2543.4334370670017,2502.7069393823717
4980.0,1.3833333333333333,20.0,10.0,19.999431880995303,19.760399264974662,19.8,19.871415996621206,0.12858400337879416,0.0,57.862801520457374,1.8128231908770323,2559.6756247113344,2559.6756247113344,2502.496012391015
5040.0,1.4,20.0,10.0,19.999463537501008,20.176221344818458,20.200000000000003,19.98094399774747,0.01905600225252968,0.0,8.575201013638356,1.8385487939179472,2510.4137498075565,2510.4137498075565,2502.596121294509
5100.0,1.4166666666666667,20.0,10.0,19.99949630034404,20.135449303827606,20.1,20.02062933183165,-0.020629331831649722,0.0,-9.283199324242375,1.81069919594522,2492.5274998717027,2492.5274998717027,2502.1480753462743
5160.0,1.4333333333333333,20.0,10.0,19.999523588347163,19.871474915165464,19.900000000000002,19.980419554554434,0.01958044544556614,0.0,8.811200450504764,1.8371327972967344,2510.6483332478015,2510.6483332478015,2502.344672583841
5220.0,1.45,20.0,10.0,19.999553153653128,19.99934339433967,20.0,19.986946369702956,0.013053630297044094,0.0,5.874133633669842,1.854755198197744,2507.7288888318676,2507.7288888318676,2501.961277036336
5280.0,1.4666666666666666,20.0,10.0,19.999578029516606,20.088692740271842,20.1,20.024630913135304,-0.02463091313530441,0.0,-11.083910910886985,1.821503465465083,2490.737592554578,2490.737592554578,2501.6997939716584
5340.0,1.4833333333333334,20.0,10.0,19.999599692955716,20.093280560125173,20.1,20.049753942090206,-0.04975394209020578,0.0,-22.389273940592602,1.7543356436433053,2479.3650617030503,2479.3650617030503,2502.2719339960827
5400.0,1.5,20.0,10.0,19.999628157084803,20.174876596307673,20.200000000000003,20.09983596139347,-0.09983596139347028,0.0,-44.92618262706163,1.6195570957621204,2456.6933744687003,2456.6933744687003,2502.888131712116
5460.0,1.5166666666666666,20.0,10.0,19.999663930194096,20.050961055638407,20.1,20.099890640928983,-0.09989064092898303,0.0,-44.950788418042364,1.4847047305079932,2456.5339163124654,2456.5339163124654,2503.2797883720036
5520.0,1.5333333333333334,20.0,10.0,19.999704295863978,19.980738628070277,20.0,20.066593760619323,-0.0665937606193232,0.0,-29.967192278695443,1.394803153671907,2471.4276108749764,2471.4276108749764,2503.271320024752
5580.0,1.55,20.0,10.0,19.999744438816684,19.947974825859117,19.900000000000002,20.01106250707955,-0.011062507079550699,0.0,-4.978128185797814,1.3798687691145135,2496.401740583317,2496.401740583317,2503.7520945525275
5640.0,1.5666666666666667,20.0,10.0,19.999790230634865,20.210938790741515,20.200000000000003,20.074041671386368,-0.07404167138636808,0.0,-33.318752123865636,1.2799125127429165,2467.9611603888775,2467.9611603888775,2504.552423995444
5700.0,1.5833333333333333,20.0,10.0,19.999845489030907,19.5496746340152,19.5,19.88269444759091,0.11730555240908913,0.0,52.78749858409011,1.438275008495187,2554.225773592585,2554.225773592585,2505.0577931636035
5760.0,1.6,20.0,10.0,19.999906646081776,19.972175581063507,20.0,19.921796298393943,0.07820370160605705,0.0,35.19166572272567,1.543850005663364,2536.735515728389,2536.735515728389,2505.6177418784882
5820.0,1.6166666666666667,20.0,10.0,19.999974339046073,20.006574359842887,20.0,19.947864198929295,0.0521358010707047,0.0,23.461110481817116,1.6142333371088153,2525.0753438189263,2525.0753438189263,2505.9603596922543
5880.0,1.6333333333333333,20.0,10.0,20.00004594034524,19.714976148171203,19.700000000000003,19.8652427992862,0.13475720071379982,0.0,60.64074032120992,1.796155558072445,2562.436895879282,2562.436895879282,2505.6571015940995
5940.0,1.65,20.0,10.0,20.000113687743337,20.066676410370945,20.1,19.943495199524136,0.0565048004758637,0.0,25.427160214138667,1.872437038714861,2527.299597252854,2527.299597252854,2506.1843707208973
6000.0,1.6666666666666667,20.0,10.0,20.000187559128758,19.86993135664008,19.900000000000002,19.928996799682757,0.07100320031724294,0.0,31.951440142759324,1.968291359143139,2533.9197315019023,2533.9197315019023,2506.5031673111266
6060.0,1.6833333333333333,20.0,10.0,20.000265034459105,20.172753993722253,20.200000000000003,20.019331199788507,-0.019331199788506837,0.0,-8.699039904828076,1.9421942394286547,2493.2431543346006,2493.2431543346006,2506.1820274796596
6120.0,1.7,20.0,10.0,20.000338423685484,19.97522000687862,20.0,20.012887466525672,-0.012887466525672409,0.0,-5.799359936552584,1.9247961596189969,2496.125436223066,2496.125436223066,2506.193907881922
6180.0,1.7166666666666666,20.0,10.0,20.00041173530901,20.1342423834669,20.1,20.041924977683784,-0.04192497768378445,0.0,-18.866239957703,1.868197439745888,2483.001957482043,2483.001957482043,2506.6755355462833
6240.0,1.7333333333333334,20.0,10.0,20.00049060652964,20.244259327563885,20.200000000000003,20.09461665178919,-0.09461665178919176,0.0,-42.577493305136294,1.740464959830479,2459.1629716546945,2459.1629716546945,2506.7116829287743
6300.0,1.75,20.0,10.0,20.000569674905197,20.07715559144789,20.1,20.096411101192793,-0.09641110119279261,0.0,-43.384995536756676,1.610309973220209,2458.2253144364636,2458.2253144364636,2506.705592418803
6360.0,1.7666666666666666,20.0,10.0,20.000648432989507,19.825504204304938,19.8,19.997607400795196,0.0023925992048035027,0.0,1.0766696421615762,1.6135399821466938,2502.6902096243084,2502.6902096243084,2506.1703464599395
6420.0,1.7833333333333334,20.0,10.0,20.000720531848057,19.69785680550713,19.700000000000003,19.898404933863468,0.10159506613653235,0.0,45.71777976143956,1.7506933214310125,2547.4684730828703,2547.4684730828703,2506.0419332954625
6480.0,1.8,20.0,10.0,20.000790873452058,20.351467696955332,20.400000000000002,20.06560328924231,-0.06560328924231129,0.0,-29.52148015904008,1.6621288809538923,2472.1406487219137,2472.1406487219137,2506.683185035997
6540.0,1.8166666666666667,20.0,10.0,20.000868699052134,19.97861026041463,20.0,20.04373552616154,-0.04373552616154086,0.0,-19.680986772693387,1.6030859206358121,2481.9220991479424,2481.9220991479424,2507.075432371259
6600.0,1.8333333333333333,20.0,10.0,20.000950998143434,19.86323800861657,19.900000000000002,19.995823684107695,0.004176315892305382,0.0,1.879342151537422,1.6087239470904244,2503.4880660986278,2503.4880660986278,2507.5530143334236
6660.0,1.85,20.0,10.0,20.001038781321004,20.02989019893317,20.0,19.997215789405132,0.0027842105948678864,0.0,1.2528947676905489,1.612482631393496,2502.865377399084,2502.865377399084,2507.3323846512126
6720.0,1.8666666666666667,20.0,10.0,20.001123653592856,19.962841387496326,20.0,19.998143859603424,0.0018561403965762224,0.0,0.8352631784593001,1.6149884209288738,2502.450251599388,2502.450251599388,2507.155264167034
6780.0,1.8833333333333333,20.0,10.0,20.001206145802083,20.17163459864462,20.200000000000003,20.065429239735618,-0.06542923973561798,0.0,-29.443157881028093,1.5266589472857897,2472.0835010662577,2472.0835010662577,2507.7599003820337
6840.0,1.9,20.0,10.0,20.00129564616926,20.008081282656683,20.0,20.04361949315708,-0.043619493157081024,0.0,-19.62877192068646,1.4677726315237303,2481.839000710837,2481.839000710837,2508.6251624541887
6900.0,1.9166666666666667,20.0,10.0,20.001395261180203,20.004145177903887,20.0,20.02907966210472,-0.029079662104720683,0.0,-13.085847947124307,1.4285150876823574,2488.3426671405578,2488.3426671405578,2508.6549722434115
6960.0,1.9333333333333333,20.0,10.0,20.001494935063583,19.85857899085699,19.900000000000002,19.986053108069814,0.013946891930185501,0.0,6.2761013685834754,1.4473433917881078,2507.723444760372,2507.723444760372,2508.3861810372164
7020.0,1.95,20.0,10.0,20.00159108443084,20.09550470418034,20.1,20.024035405379877,-0.024035405379876806,0.0,-10.815932420944563,1.4148955945252741,2490.5989631735806,2490.5989631735806,2508.4238835740593
7080.0,1.9666666666666666,20.0,10.0,20.001687397780437,19.79491405330944,19.8,19.94935693691992,0.05064306308008071,0.0,22.78937838603632,1.483263729683383,2524.27264211572,2524.27264211572,2508.412300328356
7140.0,1.9833333333333334,20.0,10.0,20.001783283191035,20.13496117114383,20.1,19.99957129127995,0.00042870872005096317,0.0,0.19291892402293342,1.4838424864554518,2501.6767614104783,2501.6767614104783,2508.1177218654598
7200.0,2.0,20.0,10.0,20.001875346003846,20.30666284860187,20.3,20.09971419418663,-0.09971419418663174,0.0,-44.871387383984285,1.349228324303499,2456.4778409403193,2456.4778409403193,2507.638510862753
7260.0,2.0166666666666666,20.0,10.0,20.001961382096187,19.697024174476358,19.700000000000003,19.966476129457753,0.033523870542246925,0.0,15.085741744011116,1.3944855495355324,2516.4802272935467,2516.4802272935467,2506.7894252561855
7320.0,2.033333333333333,20.0,10.0,20.002036971052974,19.50879112478271,19.5,19.81098408630517,0.18901591369483128,0.0,85.05716116267408,1.6496570330235545,2586.706818195698,2586.706818195698,2505.951833440457
7380.0,2.05,20.0,10.0,20.0021022821411,20.125478033171962,20.1,19.907322724203446,0.09267727579655372,0.0,41.70477410844917,1.774771355348902,2543.4795454637983,2543.4795454637983,2505.376429731032
7440.0,2.066666666666667,20.0,10.0,20.00216049245145,20.511740055548074,20.5,20.10488181613563,-0.10488181613563086,0.0,-47.196817261033885,1.6331809035658005,2454.436363642532,2454.436363642532,2505.2268515785704
7500.0,2.0833333333333335,20.0,10.0,20.002216733193038,19.802031763418658,19.8,20.00325454409042,-0.003254544090420808,0.0,-1.4645448406893635,1.6287872690437324,2500.164242428354,2500.164242428354,2504.605756725409
7560.0,2.1,20.0,10.0,20.002265352074165,19.752126200313768,19.8,19.935503029393615,0.06449697060638471,0.0,29.023636772873118,1.7158581793623517,2530.7394949522354,2530.7394949522354,2505.4327570065284
7620.0,2.1166666666666667,20.0,10.0,20.002323749102022,20.120117535858117,20.1,19.99033535292908,0.009664647070920296,0.0,4.349091181914133,1.728905452908094,2506.0779966348223,2506.0779966348223,2505.954469651893
7680.0,2.1333333333333333,20.0,10.0,20.00238823149054,19.834243913478875,19.8,19.926890235286052,0.07310976471394781,0.0,32.899394121276515,1.8276036352719236,2534.7269977565484,2534.7269977565484,2506.27315088801
7740.0,2.15,20.0,10.0,20.002456344606724,19.901251247819378,19.900000000000002,19.917926823524034,0.08207317647596568,0.0,36.93292941418456,1.9384024235144772,2538.871331837699,2538.871331837699,2507.209213304531
7800.0,2.1666666666666665,20.0,10.0,20.002535486132558,19.932911992795802,19.900000000000002,19.91195121568269,0.08804878431730856,0.0,39.62195294278885,2.057268282342844,2541.6792212251316,2541.6792212251316,2507.5440530370033
7860.0,2.183333333333333,20.0,10.0,20.002618408310603,20.109018825568963,20.1,19.974634143788464,0.025365856211536197,0.0,11.414635295191289,2.0915121882284176,2513.5061474834197,2513.5061474834197,2507.983647678085
7920.0,2.2,20.0,10.0,20.002706356857807,19.921645884579185,19.900000000000002,19.949756095858977,0.05024390414102342,0.0,22.60975686346054,2.1593414588187994,2524.769098322279,2524.769098322279,2507.737972789027
7980.0,2.216666666666667,20.0,10.0,20.0027910934607,20.058367661476733,20.1,19.999837397239318,0.000162602760681807,0.0,0.07317124230681316,2.15956097254572,2502.2327322148526,2502.2327322148526,2507.5444305129276
8040.0,2.2333333333333334,20.0,10.0,20.002873253346475,19.96756660156776,20.0,19.999891598159547,0.00010840184045335377,0.0,0.0487808282040092,2.1597073150303316,2502.2084881432343,2502.2084881432343,2507.1353892957463
8100.0,2.25,20.0,10.0,20.002950258257986,19.834016037527665,19.8,19.933261065439698,0.066738934560302,0.0,30.0325205521359,2.2498048766867393,2532.2823254288223,2532.2823254288223,2506.335849001729
8160.0,2.2666666666666666,20.0,10.0,20.003017437671232,19.939052186122588,19.900000000000002,19.922174043626466,0.07782595637353396,0.0,35.02168036809028,2.35486991779101,2537.376550285881,2537.376550285881,2505.5340067589746
8220.0,2.283333333333333,20.0,10.0,20.003074793439325,19.81299486040574,19.8,19.881449362417644,0.11855063758235573,0.0,53.34778691206008,2.5149132785271906,2555.8627001905875,2555.8627001905875,2505.4866101400635
8280.0,2.3,20.0,10.0,20.00313140838069,20.00443440555464,20.0,19.920966241611765,0.07903375838823479,0.0,35.565191274705654,2.6216088523513075,2538.1868001270573,2538.1868001270573,2506.1863078557767
8340.0,2.316666666666667,20.0,10.0,20.003196249849815,19.778423004336688,19.8,19.88064416107451,0.11935583892548962,0.0,53.71012751647033,2.7827392349007183,2556.4928667513714,2556.4928667513714,2505.618880203546
8400.0,2.3333333333333335,20.0,10.0,20.003254087662707,19.78467521380366,19.8,19.853762774049674,0.14623722595032618,0.0,65.80675167764679,2.980159489933659,2568.7869111675805,2568.7869111675805,2505.223933852619
8460.0,2.35,20.0,10.0,20.00330701260595,20.294699375667,20.3,20.002508516033117,-0.002508516033117303,0.0,-1.1288322149027863,2.9767729932889506,2501.847940778386,2501.847940778386,2505.195002723386
8520.0,2.3666666666666667,20.0,10.0,20.003359431600813,19.992722587539745,20.0,20.00167234402208,-0.0016723440220793861,0.0,-0.7525548099357238,2.974515328859143,2502.2219605189234,2502.2219605189234,2505.1561756346478
8580.0,2.3833333333333333,20.0,10.0,20.003411227413626,19.992630822319217,20.0,20.00111489601472,-0.0011148960147195908,0.0,-0.5017032066238158,2.9730102192392716,2502.4713070126154,2502.4713070126154,2505.111076900727
8640.0,2.4,20.0,10.0,20.003462326654194,20.10576961063772,20.1,20.034076597343144,-0.0340765973431445,0.0,-15.334468804415025,2.9270068128260265,2487.5925380084113,2487.5925380084113,2504.5606173034857
8700.0,2.4166666666666665,20.0,10.0,20.003506667081872,19.919335266572098,19.900000000000002,19.989384398228765,0.010615601771235106,0.0,4.777020797055798,2.9413378752171937,2507.718358672273,2507.718358672273,2504.181923693608
8760.0,2.433333333333333,20.0,10.0,20.00354633016495,19.95783925666932,20.0,19.99292293215251,0.0070770678474900706,0.0,3.1846805313705318,2.9508919168113055,2506.135572448182,2506.135572448182,2503.9179360843905
8820.0,2.45,20.0,10.0,20.00358270640747,20.088612453473853,20.1,20.028615288101676,-0.02861528810167613,0.0,-12.876879645754258,2.9122612778740424,2490.03538163212,2490.03538163212,2503.98136122899
8880.0,2.466666666666667,20.0,10.0,20.003619734622998,20.06010290307188,20.1,20.052410192067782,-0.05241019206778219,0.0,-23.584586430501986,2.8415075185825365,2479.2569210880806,2479.2569210880806,2503.7583212614
8940.0,2.4833333333333334,20.0,10.0,20.003653975274265,19.77179462988778,19.8,19.968273461378523,0.03172653862147712,0.0,14.276942379664703,2.8843383457215306,2517.1612807253864,2517.1612807253864,2504.1002266089718
9000.0,2.5,20.0,10.0,20.00369221606775,20.170360735401683,20.200000000000003,20.045515640919017,-0.045515640919017386,0.0,-20.482038413557824,2.8228922304808575,2482.340853816923,2482.340853816923,2504.05983552233
9060.0,2.5166666666666666,20.0,10.0,20.003729857445816,19.885642868788008,19.900000000000002,19.997010427279346,0.0029895727206543654,0.0,1.3453077242944644,2.8269281536537405,2504.172235877948,2504.172235877948,2503.2668022792964
9120.0,2.533333333333333,20.0,10.0,20.00375786950083,19.792542079437993,19.8,19.931340284852897,0.06865971514710267,0.0,30.896871816196203,2.9196187691023296,2533.8164905852987,2533.8164905852987,2503.487026029534
9180.0,2.55,20.0,10.0,20.003788440204683,19.823693426204873,19.8,19.887560189901933,0.11243981009806703,0.0,50.59791454413016,3.07141251273472,2553.669327056865,2553.669327056865,2504.8740225656366
9240.0,2.566666666666667,20.0,10.0,20.00383556315486,19.925726494283793,19.900000000000002,19.891706793267957,0.10829320673204279,0.0,48.731943029419256,3.2176083418229777,2551.9495513712423,2551.9495513712423,2505.5174479472726
9300.0,2.5833333333333335,20.0,10.0,20.00389026584076,20.32935031676537,20.3,20.027804528845305,-0.027804528845305043,0.0,-12.51203798038727,3.1800722278818165,2490.6680342474947,2490.6680342474947,2504.6660965421934
9360.0,2.6,20.0,10.0,20.003934588201744,19.76882740721759,19.8,19.95186968589687,0.048130314103129734,0.0,21.65864134640838,3.2450481519210412,2524.903689498329,2524.903689498329,2504.591065640296
9420.0,2.6166666666666667,20.0,10.0,20.003977877224823,20.03599305573169,20.0,19.967913123931247,0.032086876068753156,0.0,14.43909423093892,3.288365434613858,2517.7274596655525,2517.7274596655525,2505.0268727954954
9480.0,2.6333333333333333,20.0,10.0,20.004026266066695,19.57646139444858,19.6,19.845275415954166,0.15472458404583378,0.0,69.62606282062521,3.4972436230757338,2573.1233064437006,2573.1233064437006,2505.044391526151
9540.0,2.65,20.0,10.0,20.00407471996681,20.00376133333777,20.0,19.89685027730278,0.10314972269722134,0.0,46.4173752137496,3.6364957487169822,2550.0538709624666,2550.0538709624666,2505.539101629991
9600.0,2.6666666666666665,20.0,10.0,20.004128965026467,20.184042248521667,20.200000000000003,19.99790018486852,0.002099815131479943,0.0,0.9449168091659743,3.63933049914448,2504.5842473083103,2504.5842473083103,2506.0946388001194
9660.0,2.683333333333333,20.0,10.0,20.00418971379699,19.9568570493847,20.0,19.99860012324568,0.001399876754319962,0.0,0.6299445394439829,3.641220332762812,2504.2711648722066,2504.2711648722066,2506.6877151738695
9720.0,2.7,20.0,10.0,20.004257397237684,19.878386412461015,19.900000000000002,19.96573341549712,0.03426658450288045,0.0,15.419963026296202,3.687480221841701,2519.1074432481378,2519.1074432481378,2506.801355712362
9780.0,2.716666666666667,20.0,10.0,20.00432624131452,20.050628454126226,20.1,20.010488943664747,-0.010488943664746841,0.0,-4.720024649136079,3.6733201478942927,2498.953295498758,2498.953295498758,2507.1008180891936
9840.0,2.7333333333333334,20.0,10.0,20.004398472407647,20.144428822637778,20.1,20.040325962443163,-0.040325962443162666,0.0,-18.1466830994232,3.6188800985960228,2485.472196999173,2485.472196999173,2507.0196833246214
9900.0,2.75,20.0,10.0,20.00446951319032,20.1372010273938,20.1,20.060217308295442,-0.06021730829544225,0.0,-27.097788732949013,3.537586732397176,2476.4397979994483,2476.4397979994483,2506.939496738265
9960.0,2.7666666666666666,20.0,10.0,20.004539378611607,20.399034149397565,20.400000000000002,20.173478205530294,-0.17347820553029436,0.0,-78.06519248863246,3.3033911549312784,2425.238198666299,2425.238198666299,2507.361877216441
10020.0,2.783333333333333,20.0,10.0,20.00461410300237,20.046447597469626,20.0,20.1156521370202,-0.11565213702019861,0.0,-52.043461659089374,3.1472607699540105,2451.1037991108647,2451.1037991108647,2507.862121767598
10080.0,2.8,20.0,10.0,20.004694606154576,19.88621258620399,19.900000000000002,20.0437680913468,-0.0437680913467986,0.0,-19.69564110605937,3.0881738466358324,2483.392532740577,2483.392532740577,2508.662131407981
10140.0,2.816666666666667,20.0,10.0,20.00478446791301,19.97958862991568,20.0,20.029178727564535,-0.029178727564534768,0.0,-13.130427404040645,3.0487825644237105,2489.918355160383,2489.918355160383,2509.1542092199657
10200.0,2.8333333333333335,20.0,10.0,20.00487996501991,19.990380255895946,20.0,20.019452485043026,-0.019452485043025547,0.0,-8.753618269361496,3.022521709615626,2494.2689034402542,2494.2689034402542,2509.943186845489
10260.0,2.85,20.0,10.0,20.004984643366996,20.02673212006262,20.0,20.012968323362017,-0.012968323362017031,0.0,-5.835745512907664,3.005014473076903,2497.169268960169,2497.169268960169,2510.9239155841906
10320.0,2.8666666666666667,20.0,10.0,20.005100776423905,19.99909521377802,20.0,20.008645548908014,-0.008645548908013723,0.0,-3.890497008606175,2.9933429820510846,2499.1028459734453,2499.1028459734453,2510.772649337427
10380.0,2.8833333333333333,20.0,10.0,20.005214745886683,20.040007933665922,20.0,20.00576369927201,-0.0057636992720091484,0.0,-2.593664672404117,2.985561988033872,2500.39189731563,2500.39189731563,2510.630137857119
10440.0,2.9,20.0,10.0,20.005326663303308,19.671156651180286,19.700000000000003,19.903842466181338,0.09615753381866199,0.0,43.270890218397895,3.1153746586890656,2546.3862648770873,2546.3862648770873,2510.4941573430438
10500.0,2.9166666666666665,20.0,10.0,20.005436613201514,20.17136240440952,20.200000000000003,20.00256164412089,-0.0025616441208917706,0.0,-1.1527398544012968,3.1119164391258622,2501.9591765847244,2501.9591765847244,2510.1124636874665
10560.0,2.933333333333333,20.0,10.0,20.00554165292616,19.890593799141953,19.900000000000002,19.968374429413927,0.03162557058607263,0.0,14.231506763732682,3.1546109594170604,2517.3861177231497,2517.3861177231497,2510.0725619372133
10620.0,2.95,20.0,10.0,20.005645898710625,19.77101415942122,19.8,19.912249619609284,0.08775038039071603,0.0,39.487671175822214,3.273073972944527,2542.7607451487665,2542.7607451487665,2510.0069454457293
10680.0,2.966666666666667,20.0,10.0,20.005749044359842,20.133299276288128,20.1,19.974833079739525,0.025166920260474512,0.0,11.32511411721353,3.3070493152961675,2514.63216343251,2514.63216343251,2509.6740860488358
10740.0,2.9833333333333334,20.0,10.0,20.00584788625935,20.269313087736567,20.3,20.083222053159684,-0.0832220531596839,0.0,-37.44992392185775,3.1946995435305947,2465.744775621673,2465.744775621673,2509.1671332994897
10800.0,3.0,20.0,10.0,20.005940348200166,20.104545978100056,20.1,20.088814702106454,-0.08881470210645404,0.0,-39.966615947904316,3.0747996956868815,2463.1081837477827,2463.1081837477827,2509.3003690899213
10860.0,3.0166666666666666,20.0,10.0,20.006034131584645,20.03826599435375,20.0,20.059209801404304,-0.059209801404303875,0.0,-26.644410631936744,2.994866463791071,2476.350455831854,2476.350455831854,2508.8510438353715
10920.0,3.033333333333333,20.0,10.0,20.006122241715914,19.819678180641525,19.8,19.972806534269537,0.027193465730462663,0.0,12.237059578708198,3.0315776425271954,2515.2686372212356,2515.2686372212356,2508.7730637027475
10980.0,3.05,20.0,10.0,20.0062091517552,20.5805226193179,20.6,20.18187102284636,-0.1818710228463587,0.0,-81.84196028086141,2.7860517616846114,2420.9440914808233,2420.9440914808233,2509.19045415079
11040.0,3.066666666666667,20.0,10.0,20.006300809749746,20.182352533882046,20.200000000000003,20.187914015230906,-0.18791401523090556,0.0,-84.5613068539075,2.532367841122889,2417.9710609872154,2417.9710609872154,2509.931768699225
11100.0,3.0833333333333335,20.0,10.0,20.006401088544887,19.77854215447629,19.8,20.05860934348727,-0.05860934348726943,0.0,-26.374204569271242,2.453245227415075,2476.079040658144,2476.079040658144,2510.6320650770917
11160.0,3.1,20.0,10.0,20.006509470060177,19.85058188681223,19.900000000000002,20.005739562324848,-0.00573956232484818,0.0,-2.582803046181681,2.44549681827653,2499.862693772095,2499.862693772095,2510.299331229932
11220.0,3.1166666666666667,20.0,10.0,20.006613533624755,20.024009383339134,20.0,20.003826374883232,-0.00382637488323212,0.0,-1.721868697454454,2.4403312121841667,2500.7184625147297,2500.7184625147297,2510.5427372010718
11280.0,3.1333333333333333,20.0,10.0,20.006720205870295,19.6957739794711,19.700000000000003,19.902550916588822,0.09744908341117764,0.0,43.85208753502994,2.5718874747892566,2546.423975009819,2546.423975009819,2510.6624825754798
11340.0,3.15,20.0,10.0,20.00682799504359,20.040554076445694,20.0,19.93503394439255,0.06496605560744939,0.0,29.234725023352226,2.6595916498593133,2531.894316673212,2531.894316673212,2511.7034963066167
11400.0,3.1666666666666665,20.0,10.0,20.006947953014137,19.915133641871584,19.900000000000002,19.92335596292837,0.07664403707163103,0.0,34.489816682233965,2.763061099906015,2537.25287778214,2537.25287778214,2512.3426692175476
11460.0,3.183333333333333,20.0,10.0,20.007075221185705,20.25232934124895,20.3,20.04890397528558,-0.04890397528557955,0.0,-22.006788878510797,2.697040733270483,2480.69025185476,2480.69025185476,2512.213362185727
11520.0,3.2,20.0,10.0,20.007200555868376,20.199631488594026,20.200000000000003,20.099269316857054,-0.09926931685705398,0.0,-44.67119258567429,2.56302715551346,2457.891834569839,2457.891834569839,2512.0809922305016
11580.0,3.216666666666667,20.0,10.0,20.00732392610754,19.465066838620583,19.5,19.8995128779047,0.10048712209529853,0.0,45.21920494288434,2.698684770342113,2547.9178897132265,2547.9178897132265,2512.198099747462
11640.0,3.2333333333333334,20.0,10.0,20.007448331526184,20.015788848731646,20.0,19.933008585269803,0.06699141473019665,0.0,30.146136628588494,2.7891231802278784,2532.935259808816,2532.935259808816,2511.9773530099837
11700.0,3.25,20.0,10.0,20.007569714767726,19.684076214862987,19.700000000000003,19.85533905684654,0.14466094315346112,0.0,65.0974244190575,2.984415453485051,2568.0818398725423,2568.0818398725423,2511.5356004098035
11760.0,3.2666666666666666,20.0,10.0,20.00768543282834,20.229613032678042,20.200000000000003,19.970226037897692,0.02977396210230765,0.0,13.398282946038442,3.024610302323166,2516.4228932483616,2516.4228932483616,2510.950670369631
11820.0,3.283333333333333,20.0,10.0,20.00779378457429,20.041414958399855,20.0,19.980150691931797,0.01984930806820273,0.0,8.932188630691229,3.0514068682152398,2511.983595498906,2511.983595498906,2509.5221291745756
11880.0,3.3,20.0,10.0,20.00788466877066,20.11756575920806,20.1,20.020100461287868,-0.020100461287867688,0.0,-9.04520757954046,3.0242712454766183,2493.979063665936,2493.979063665936,2508.5484903401803
11940.0,3.316666666666667,20.0,10.0,20.00796359664843,19.794938650887772,19.8,19.94673364085858,0.053266359141421304,0.0,23.969861613639587,3.0961808303175378,2527.0660424439575,2527.0660424439575,2508.1292243801868
12000.0,3.3333333333333335,20.0,10.0,20.00803725655105,20.37372330415015,20.400000000000002,20.097822427239052,-0.09782242723905199,0.0,-44.020092257573396,2.9641205535448174,2458.9440282959717,2458.9440282959717,2507.82570989319
12060.0,3.35,20.0,10.0,20.008107053300115,20.412121726730206,20.400000000000002,20.198548284826035,-0.19854828482603537,0.0,-89.34672817171591,2.6960803690296697,2413.3493521973137,2413.3493521973137,2507.5997631189744
12120.0,3.3666666666666667,20.0,10.0,20.008173929297644,19.7952197207724,19.8,20.06569885655069,-0.0656988565506893,0.0,-29.564485447810185,2.607386912686239,2473.042901464876,2473.042901464876,2507.425921549661
12180.0,3.3833333333333333,20.0,10.0,20.008238518568348,20.08280154294161,20.1,20.077132571033793,-0.07713257103379334,0.0,-34.709656965207,2.503257941790618,2467.7936009765835,2467.7936009765835,2507.2872036233907
12240.0,3.4,20.0,10.0,20.008301249456125,19.873640763778088,19.900000000000002,20.018088380689196,-0.01808838068919627,0.0,-8.139771310138322,2.478838627860203,2494.339067317722,2494.339067317722,2507.1722818515946
12300.0,3.4166666666666665,20.0,10.0,20.008362413089976,20.00364842571783,20.0,20.012058920459467,-0.012058920459466549,0.0,-5.426514206759947,2.4625590852399233,2497.03604487848,2497.03604487848,2507.8258482353526
12360.0,3.433333333333333,20.0,10.0,20.00843123602953,19.755303840184617,19.8,19.941372613639643,0.05862738636035658,0.0,26.38232386216046,2.5417060568264045,2528.924029918987,2528.924029918987,2507.7280703745087
12420.0,3.45,20.0,10.0,20.008498679165935,20.38192778208206,20.400000000000002,20.094248409093098,-0.09424840909309751,0.0,-42.41178409189388,2.414470704550723,2460.002686612657,2460.002686612657,2507.8890378303195
12480.0,3.466666666666667,20.0,10.0,20.008567851582402,19.814731949365868,19.8,19.996165606062064,0.0038343939379359426,0.0,1.7254772720711742,2.4196471363669367,2504.1451244084383,2504.1451244084383,2508.4702329522934
12540.0,3.4833333333333334,20.0,10.0,20.008643790823083,19.949427027823585,19.900000000000002,19.964110404041378,0.03588959595862207,0.0,16.15031818137993,2.4680980909110763,2518.618416272291,2518.618416272291,2508.5729317936302
12600.0,3.5,20.0,10.0,20.00872073463214,20.109017320854242,20.1,20.009406936027588,-0.00940693602758813,0.0,-4.233121212414659,2.4553987272738325,2498.2222775148593,2498.2222775148593,2507.859129190764
12660.0,3.5166666666666666,20.0,10.0,20.008788881978532,19.879276746295307,19.900000000000002,19.972937957351725,0.027062042648275053,0.0,12.177919191723774,2.491932484849004,2514.6698516765728,2514.6698516765728,2507.1132801000476
12720.0,3.533333333333333,20.0,10.0,20.008847874693796,19.960985388747336,20.0,19.981958638234484,0.018041361765515518,0.0,8.118612794481983,2.5162883232324496,2510.6349011177144,2510.6349011177144,2506.6005663622445
12780.0,3.55,20.0,10.0,20.00890053786606,19.896172568580667,19.900000000000002,19.954639092156324,0.0453609078436763,0.0,20.412408529654336,2.577525548821413,2522.989934078476,2522.989934078476,2506.7450342098946
12840.0,3.566666666666667,20.0,10.0,20.008954776662982,19.982262625695725,20.0,19.969759394770882,0.030240605229117534,0.0,13.60827235310289,2.6183503658807212,2516.226622718984,2516.226622718984,2505.3150184977435
12900.0,3.5833333333333335,20.0,10.0,20.008991692554964,19.774883165534902,19.8,19.913172929847256,0.0868270701527436,0.0,39.07218156873462,2.7355669105869254,2541.8077484793216,2541.8077484793216,2503.859285872568
12960.0,3.6,20.0,10.0,20.00901102890777,19.92141341378731,19.900000000000002,19.908781953231504,0.09121804676849621,0.0,41.048121045823294,2.858711273724395,2543.906832319548,2543.906832319548,2503.396281785661
13020.0,3.6166666666666667,20.0,10.0,20.009024751202475,19.967646166260025,20.0,19.939187968821003,0.06081203117899747,0.0,27.365414030548862,2.940807515816042,2530.306221546365,2530.306221546365,2503.3373886521013
13080.0,3.6333333333333333,20.0,10.0,20.009037725612693,19.942292524851865,19.900000000000002,19.926125312547335,0.07387468745266546,0.0,33.243609353699455,3.04053834387714,2536.2841476975764,2536.2841476975764,2503.293739883145
13140.0,3.65,20.0,10.0,20.009050137314453,20.020388128293213,20.0,19.95075020836489,0.04924979163510912,0.0,22.162406235799104,3.107025562584537,2525.2694317983837,2525.2694317983837,2504.0125771352564
13200.0,3.6666666666666665,20.0,10.0,20.009071137828133,19.95045069395679,20.0,19.967166805576596,0.03283319442340371,0.0,14.77493749053167,3.151350375056132,2517.9262878655877,2517.9262878655877,2504.4772727942222
13260.0,3.683333333333333,20.0,10.0,20.00909765168818,20.159739933376056,20.200000000000003,20.044777870384397,-0.04477787038439729,0.0,-20.15004167297878,3.0909002500371954,2482.9408585770584,2482.9408585770584,2505.0235328773542
13320.0,3.7,20.0,10.0,20.009130641127644,19.94449145597048,19.900000000000002,19.996518580256264,0.0034814197437356142,0.0,1.5666388846810264,3.0956001666912383,2504.6622390513726,2504.6622390513726,2504.6179781936444
13380.0,3.716666666666667,20.0,10.0,20.009158664942586,19.98182874568341,20.0,19.99767905350418,0.0023209464958213744,0.0,1.0444259231196185,3.0987334444605974,2504.14315936758,2504.14315936758,2503.8392091332476
13440.0,3.7333333333333334,20.0,10.0,20.009177259457356,19.876220992258187,19.900000000000002,19.965119369002785,0.03488063099721472,0.0,15.696283948746625,3.145822296306837,2518.8421062450534,2518.8421062450534,2504.5738538095807
13500.0,3.75,20.0,10.0,20.009204613924698,19.90390164590165,19.900000000000002,19.943412912668524,0.05658708733147577,0.0,25.464189299164097,3.222214864204329,2528.6864041633685,2528.6864041633685,2505.046543909568
13560.0,3.7666666666666666,20.0,10.0,20.00923755860984,19.756339000445898,19.8,19.895608608445684,0.10439139155431576,0.0,46.97612619944209,3.3631432428026553,2550.339269442245,2550.339269442245,2506.0971321756174
13620.0,3.783333333333333,20.0,10.0,20.009283011520118,20.11303999569571,20.1,19.963739072297123,0.0362609277028767,0.0,16.317417466294515,3.4120954952015388,2519.729512961496,2519.729512961496,2506.2692281934965
13680.0,3.8,20.0,10.0,20.00933039322388,19.780826789693382,19.8,19.909159381531417,0.09084061846858305,0.0,40.87827831086237,3.534730330134126,2544.4130086409964,2544.4130086409964,2506.3644676485865
13740.0,3.816666666666667,20.0,10.0,20.009378775655993,19.860207496018326,19.900000000000002,19.906106254354277,0.0938937456457225,0.0,42.25218554057513,3.6614868867558514,2545.913672427331,2545.913672427331,2506.1580442488757
13800.0,3.8333333333333335,20.0,10.0,20.00942453586001,20.08127346626225,20.1,19.97073750290285,0.02926249709715023,0.0,13.168123693717604,3.7009912578370043,2516.8691149515544,2516.8691149515544,2506.5065108854606
13860.0,3.85,20.0,10.0,20.009474340383054,20.089989013571962,20.1,20.01382500193523,-0.013825001935231285,0.0,-6.221250870854078,3.682327505224442,2497.4610766343703,2497.4610766343703,2505.7138028423024
13920.0,3.8666666666666667,20.0,10.0,20.009514482996014,19.929491532795,19.900000000000002,19.97588333462349,0.024116665376510582,0.0,10.852499419429762,3.714885003482731,2514.5673844229127,2514.5673844229127,2504.1743953315527
13980.0,3.8833333333333333,20.0,10.0,20.009536032291006,19.605682870193245,19.6,19.850588889748995,0.1494111102510054,0.0,67.23499961295244,3.916590002321589,2571.151589615274,2571.151589615274,2503.6555371004415
14040.0,3.9,20.0,10.0,20.009551290639337,20.093653948098453,20.1,19.933725926499328,0.06627407350067216,0.0,29.82333307530247,4.006060001547496,2533.82939307685,2533.82939307685,2503.057838165044
14100.0,3.9166666666666665,20.0,10.0,20.0095593308254,20.061472022603812,20.1,19.98915061766622,0.010849382333780966,0.0,4.882222050201435,4.020706667698101,2508.9029287178996,2508.9029287178996,2502.9125253175885
14160.0,3.933333333333333,20.0,10.0,20.009565603136735,19.72708936004238,19.700000000000003,19.892767078444145,0.1072329215558554,0.0,48.25481470013493,4.165471111798506,2552.4202858119334,2552.4202858119334,2502.814583976937
14220.0,3.95,20.0,10.0,20.00957068133505,20.16363509789395,20.200000000000003,19.995178052296097,0.0048219477039026515,0.0,2.169876466756193,4.171980741198774,2506.341857207955,2506.341857207955,2503.249741409304
14280.0,3.966666666666667,20.0,10.0,20.009580966187954,19.86936100610127,19.900000000000002,19.963452034864066,0.03654796513593439,0.0,16.446584311170476,4.221320494132286,2520.667904805303,2520.667904805303,2502.528957162693
14340.0,3.9833333333333334,20.0,10.0,20.009582570775343,19.78434494754468,19.8,19.90896802324271,0.09103197675728936,0.0,40.96438954078021,4.344213662754626,2545.308603203535,2545.308603203535,2502.5558932834556
14400.0,4.0,22.0,10.0,20.00958449378242,20.028730635975272,20.0,19.93931201549514,2.0606879845048596,0.0,927.3095930271868,7.126142441836187,3434.435735469023,3434.435735469023,2502.8236019999363
14460.0,4.016666666666667,22.0,10.0,20.00958962352507,19.973895537245227,20.0,19.959541343663428,2.040458656336572,0.0,918.2063953514573,9.880761627890559,3428.0871569793476,3428.0871569793476,2502.7469132585184
14520.0,4.033333333333333,22.0,10.0,20.009593817613595,20.050118617811826,20.1,20.00636089577562,1.9936391042243784,0.0,897.1375969009703,12.572174418593471,3409.709771319564,3409.709771319564,2502.9456288988195
14580.0,4.05,22.0,10.0,20.00960038370754,19.68845077204265,19.700000000000003,19.90424059718375,2.095759402816249,0.0,943.0917312673121,15.401449612395407,3458.4931808797073,3458.4931808797073,2503.073783435801
14640.0,4.066666666666666,22.0,10.0,20.009608467957648,20.372054491212122,20.400000000000002,20.069493731455836,1.930506268544164,0.0,868.7278208448738,18.007633074930027,3386.735453919804,3386.735453919804,2503.4057192798455
14700.0,4.083333333333333,22.0,10.0,20.009620511185133,19.88908878827639,19.900000000000002,20.01299582097056,1.9870041790294408,0.0,894.1518805632484,20.690088716619773,3414.8419692798684,3414.8419692798684,2503.619401003831
14760.0,4.1,22.0,10.0,20.009635082463625,19.701703220764344,19.700000000000003,19.90866388064704,2.0913361193529596,0.0,941.1012537088318,23.51339247774627,3464.6146461865783,3464.6146461865783,2504.255873461756
14820.0,4.116666666666666,22.0,10.0,20.009657247697774,20.133425685411204,20.1,19.97244258709803,2.0275574129019702,0.0,912.4008358058866,26.25059498516393,3438.65143079105,3438.65143079105,2504.9167227760527
14880.0,4.133333333333334,22.0,10.0,20.009687276627993,19.938726450607756,19.900000000000002,19.948295058065355,2.051704941934645,0.0,923.2672238705902,29.020396656775702,3452.2876205273656,3452.2876205273656,2505.339881088891
14940.0,4.15,22.0,10.0,20.009722293371176,20.074693990525756,20.1,19.998863372043573,2.001136627956427,0.0,900.5114825803922,31.721931104516877,3432.233413684909,3432.233413684909,2505.8556188657026
15000.0,4.166666666666667,22.0,10.0,20.009763393917453,19.941841707792445,19.900000000000002,19.965908914695717,2.034091085304283,0.0,915.3409883869273,34.46795406967766,3449.8089424566047,3449.8089424566047,2506.1791824145807
15060.0,4.183333333333334,22.0,10.0,20.009808253924675,19.997860181828692,20.0,19.977272609797147,2.022727390202853,0.0,910.2273255912838,37.198636046451504,3447.4259616377353,3447.4259616377353,2506.374967505431
15120.0,4.2,22.0,10.0,20.009855328772964,20.059009897520692,20.1,20.018181739864765,1.9818182601352348,0.0,891.8182170608557,39.874090697634074,3431.6923077584897,3431.6923077584897,2505.984399023291
15180.0,4.216666666666667,22.0,10.0,20.009897575574925,19.860566998778346,19.900000000000002,19.97878782657651,2.021212173423489,0.0,909.5454780405701,42.602727131755785,3452.1482051723256,3452.1482051723256,2505.9623630237593
15240.0,4.233333333333333,22.0,10.0,20.009939431204486,20.1456873503764,20.1,20.01919188438434,1.980808115615659,0.0,891.3636520270466,45.27681808783692,3436.6404701148836,3436.6404701148836,2505.932042962823
15300.0,4.25,22.0,10.0,20.009980797426426,19.916000777610517,19.900000000000002,19.97946125625623,2.0205387437437707,0.0,909.2424346846968,48.00454539189101,3457.246980076588,3457.246980076588,2506.1472106841934
15360.0,4.266666666666667,22.0,10.0,20.01002462156236,19.836087192728264,19.8,19.919640837504154,2.0803591624958457,0.0,936.1616231231305,50.8130302612604,3486.974653384391,3486.974653384391,2506.5228639088464
15420.0,4.283333333333333,22.0,10.0,20.01007282206458,20.02547930642908,20.0,19.946427225002772,2.053572774997228,0.0,924.1077487487527,53.58535350750667,3477.6931022562594,3477.6931022562594,2507.253137334403
15480.0,4.3,22.0,10.0,20.010129641246397,20.099137896944605,20.1,19.99761815000185,2.0023818499981516,0.0,901.0718324991682,56.28856900500416,3457.3604015041724,3457.3604015041724,2507.461076928188
15540.0,4.316666666666666,22.0,10.0,20.010188785245795,19.964372916922066,20.0,19.998412100001232,2.0015878999987677,0.0,900.7145549994455,58.9907126700025,3459.7052676694484,3459.7052676694484,2508.0769424567347
15600.0,4.333333333333333,22.0,10.0,20.01025514219954,19.837751184783627,19.8,19.932274733334154,2.067725266665846,0.0,930.4763699996307,61.78214178000139,3492.258511779632,3492.258511779632,2508.707554622911
15660.0,4.35,22.0,10.0,20.010328867428417,20.134285980690144,20.1,19.9881831555561,2.0118168444438993,0.0,905.3175799997547,64.49809452000066,3469.8156745197552,3469.8156745197552,2508.8435806283887
15720.0,4.366666666666666,22.0,10.0,20.01040400379367,19.658338245369116,19.700000000000003,19.892122103704068,2.107877896295932,0.0,948.5450533331693,67.34372968000017,3515.88878301317,3515.88878301317,2508.6538722284886
15780.0,4.383333333333334,22.0,10.0,20.01047663824903,19.804303811041926,19.8,19.86141473580271,2.138585264197289,0.0,962.36336888878,70.2308197866665,3532.5941886754463,3532.5941886754463,2508.7524307650624
15840.0,4.4,22.0,10.0,20.010550237503466,20.01845481561014,20.0,19.907609823868476,2.0923901761315236,0.0,941.5755792591856,73.05554652444407,3514.6311257836296,3514.6311257836296,2509.792416745899
15900.0,4.416666666666667,22.0,10.0,20.010636095791906,19.73842421613089,19.700000000000003,19.838406549245654,2.1615934507543457,0.0,972.7170528394556,75.97369768296242,3548.6907505224176,3548.6907505224176,2510.1930330180817
15960.0,4.433333333333334,22.0,10.0,20.01072650390075,20.01632535675058,20.0,19.892271032830436,2.107728967169564,0.0,948.4780352263037,78.81913178864134,3527.297167014945,3527.297167014945,2510.1715312797455
16020.0,4.45,22.0,10.0,20.010816382764403,19.99984375916071,20.0,19.928180688553624,2.071819311446376,0.0,932.3186901508691,81.61608785909395,3513.934778009963,3513.934778009963,2510.875677188615
16080.0,4.466666666666667,22.0,10.0,20.010914441742372,20.190662399514007,20.200000000000003,20.018787125702417,1.981212874297583,0.0,891.5457934339123,84.29072523939568,3475.836518673308,3475.836518673308,2510.8001135222707
16140.0,4.483333333333333,22.0,10.0,20.011011299779412,19.828053229416753,19.8,19.94585808380161,2.0541419161983896,0.0,924.3638622892753,87.0638168262635,3511.427679115539,3511.427679115539,2510.964576710321
16200.0,4.5,22.0,10.0,20.011109840800597,19.885928536072267,19.900000000000002,19.930572055867742,2.069427944132258,0.0,931.242574859516,89.85754455084205,3521.1001194103583,3521.1001194103583,2511.536977151875
16260.0,4.516666666666667,22.0,10.0,20.011214955004018,20.077851291944217,20.1,19.98704803724516,2.0129519627548405,0.0,905.8283832396783,92.57502970056109,3498.4034129402394,3498.4034129402394,2526.9186231238273
16320.0,4.533333333333333,22.0,10.0,20.011504333616493,19.519991615575332,19.5,19.824698691496774,2.175301308503226,0.0,978.8855888264516,95.51168646704045,3574.397275293492,3574.397275293492,2541.938098688086
16380.0,4.55,22.0,10.0,20.0119730777999,20.631981537582817,20.6,20.08313246099785,1.9168675390021512,0.0,862.5903925509681,98.09945764469336,3460.6898501956616,3460.6898501956616,2556.400959898611
16440.0,4.566666666666666,22.0,10.0,20.012613970085283,19.87288382399293,19.900000000000002,20.0220883073319,1.9779116926681013,0.0,890.0602617006456,100.7696384297953,3490.829900130441,3490.829900130441,2571.4358302482956
16500.0,4.583333333333333,22.0,10.0,20.013433358138006,19.867466347592895,19.900000000000002,19.981392204887932,2.018607795112068,0.0,908.3735078004306,103.4947589531966,3511.8682667536273,3511.8682667536273,2585.0241573094872
16560.0,4.6,22.0,10.0,20.014413347951304,20.18663885013205,20.200000000000003,20.05426146992529,1.9457385300747099,0.0,875.5823385336195,106.12150596879746,3481.703844502417,3481.703844502417,2598.85445417566
16620.0,4.616666666666666,22.0,10.0,20.015556361357557,20.00758999307042,20.0,20.036174313283528,1.963825686716472,0.0,883.7215590224124,108.77267064586471,3492.494229668277,3492.494229668277,2613.2837907091753
16680.0,4.633333333333334,22.0,10.0,20.016869097761994,19.660983374021274,19.700000000000003,19.924116208855686,2.0758837911443138,0.0,934.1477060149411,111.57511376390953,3545.7228197788504,3545.7228197788504,2627.039918043873
16740.0,4.65,22.0,10.0,20.018342969485236,20.143728445503758,20.1,19.982744139237127,2.017255860762873,0.0,907.7651373432928,114.29840917593941,3522.063546519232,3522.063546519232,2640.794046418598
16800.0,4.666666666666667,22.0,10.0,20.019977469133803,20.191053035933646,20.200000000000003,20.05516275949142,1.9448372405085799,0.0,875.176758228861,116.92393945062598,3492.100697679487,3492.100697679487,2653.9847025397034
16860.0,4.683333333333334,22.0,10.0,20.021765353156876,19.93177609846169,19.900000000000002,20.003441839660947,1.9965581603390525,0.0,898.4511721525737,119.61929296708371,3518.0704651196575,3518.0704651196575,2667.248439871652
16920.0,4.7,22.0,10.0,20.023707038375864,19.96738696671746,20.0,20.002294559773965,1.997705440226035,0.0,898.9674481017157,122.31619531138885,3521.2836434131045,3521.2836434131045,2680.2513985677533
16980.0,4.716666666666667,22.0,10.0,20.02579893404355,20.12299585349543,20.1,20.034863039849313,1.9651369601506872,0.0,884.3116320678092,124.96913020759229,3509.2807622754012,3509.2807622754012,2692.775413720932
17040.0,4.733333333333333,22.0,10.0,20.028034842206072,19.84627879222318,19.8,19.956575359899542,2.043424640100458,0.0,919.541088045206,127.7277534717279,3547.2688415169337,3547.2688415169337,2705.431626911789
17100.0,4.75,22.0,10.0,20.030415917202394,20.118093630043774,20.1,20.00438357326636,1.9956164267336405,0.0,898.0273920301382,130.4218356478183,3528.4492276779565,3528.4492276779565,2717.6184409651737
17160.0,4.766666666666667,22.0,10.0,20.032936090742368,20.07279579283127,20.1,20.036255715510904,1.9637442844890955,0.0,883.684928020093,133.0728904318786,3516.7578184519716,3516.7578184519716,2729.9455832836975
17220.0,4.783333333333333,22.0,10.0,20.035596629469545,19.90061010631436,19.900000000000002,19.990837143673936,2.009162856326064,0.0,904.1232853467288,135.7852602879188,3539.908545634648,3539.908545634648,2742.5627344520426
17280.0,4.8,22.0,10.0,20.03840059239456,19.75998021763219,19.8,19.927224762449292,2.072775237550708,0.0,932.7488568978187,138.58350685861222,3571.332363756431,3571.332363756431,2754.8149072487795
17340.0,4.816666666666666,22.0,10.0,20.041343169504362,19.996222003352145,20.0,19.951483174966196,2.048516825033804,0.0,921.8325712652119,141.34900457240786,3563.1815758376197,3563.1815758376197,2766.5239988197027
17400.0,4.833333333333333,22.0,10.0,20.044417427981685,19.869332976329652,19.900000000000002,19.934322116644132,2.0656778833558676,0.0,929.5550475101404,144.13766971493828,3573.692717225079,3573.692717225079,2778.0770199671983
17460.0,4.85,22.0,10.0,20.047621099937345,20.247903145073376,20.200000000000003,20.02288141109609,1.9771185889039096,0.0,889.7033650067593,146.80677980995858,3536.510144816718,3536.510144816718,2789.9800448307387
17520.0,4.866666666666666,22.0,10.0,20.0509579971755,20.079775070875485,20.1,20.048587607397394,1.951412392602606,0.0,878.1355766711727,149.4411865399721,3527.5767632111447,3527.5767632111447,2801.310638658889
17580.0,4.883333333333334,22.0,10.0,20.054420850847883,20.21083775535986,20.200000000000003,20.099058404931597,1.900941595068403,0.0,855.4237177807813,152.00745769331445,3507.4311754740957,3507.4311754740957,2813.220274398127
17640.0,4.9,22.0,10.0,20.058016231588116,20.084940618657008,20.1,20.0993722699544,1.9006277300455992,0.0,855.2824785205196,154.573305128876,3509.8557836493956,3509.8557836493956,2825.2098396360825
17700.0,4.916666666666667,22.0,10.0,20.061744700968983,20.11432492438599,20.1,20.099581513302937,1.9004184866970633,0.0,855.1883190136784,157.13887008591703,3512.3271890995957,3512.3271890995957,2836.700194405208
17760.0,4.933333333333334,22.0,10.0,20.065599869198937,19.90900008575286,19.900000000000002,20.033054342201957,1.9669456577980426,0.0,885.1255460091191,159.79424672394438,3544.919792733064,3544.919792733064,2848.566703673828
17820.0,4.95,22.0,10.0,20.069585870035425,20.203195355349855,20.200000000000003,20.088702894801305,1.9112971051986953,0.0,860.0836973394129,162.37449781596263,3522.4581951553755,3522.4581951553755,2859.878878062847
17880.0,4.966666666666667,22.0,10.0,20.073695658962073,20.43063531382348,20.400000000000002,20.192468596534205,1.807531403465795,0.0,813.3891315596078,164.81466521064144,3478.2037967702495,3478.2037967702495,2870.7798097286322
17940.0,4.983333333333333,22.0,10.0,20.07792392970193,20.015986418598423,20.0,20.12831239768947,1.87168760231053,0.0,842.2594210397385,167.34144347376068,3509.600864513499,3509.600864513499,2880.8640882110435
18000.0,5.0,22.0,10.0,20.082260526971357,19.963705621428527,20.0,20.08554159845965,1.914458401540351,0.0,861.5062806931579,169.92596231584014,3531.432243008998,3531.432243008998,2891.373481392785
18060.0,5.016666666666667,22.0,10.0,20.086710227167156,20.055142886729087,20.1,20.09036106563977,1.9096389343602311,0.0,859.3375204621041,172.50397487722645,3531.841495339331,3531.841495339331,2901.8689253597445
18120.0,5.033333333333333,22.0,10.0,20.09127252358997,19.995016466869746,20.0,20.060240710426513,1.9397592895734874,0.0,872.8916803080693,175.12264991815067,3548.01433022622,3548.01433022622,2911.811166819419
18180.0,5.05,22.0,10.0,20.095940440021035,19.955644580290326,20.0,20.040160473617675,1.959839526382325,0.0,881.9277868720462,177.7684332787668,3559.696220150813,3559.696220150813,2922.8542686273204
18240.0,5.066666666666666,22.0,10.0,20.1007268699245,20.128365598718133,20.1,20.06010698241178,1.9398930175882185,0.0,872.9518579146984,180.3872888525109,3553.339146767209,3553.339146767209,2931.8181949867926
18300.0,5.083333333333333,22.0,10.0,20.105606507654567,20.04742300104455,20.0,20.040071321607854,1.9599286783921457,0.0,881.9679052764656,183.0331925683403,3565.001097844806,3565.001097844806,2941.135056739187
18360.0,5.1,22.0,10.0,20.110583308812473,20.398358027581004,20.400000000000002,20.16004754773857,1.8399524522614286,0.0,827.9786035176428,185.5171283788932,3513.495731896536,3513.495731896536,2950.6472769060942
18420.0,5.116666666666666,22.0,10.0,20.11565932620891,20.115699654799933,20.1,20.14003169849238,1.859968301507621,0.0,836.9857356784294,188.0280855859285,3525.0138212643583,3525.0138212643583,2959.4982196993665
18480.0,5.133333333333334,22.0,10.0,20.120826326866677,20.185608722392963,20.200000000000003,20.160021132328254,1.8399788676717463,0.0,827.9904904522858,190.51205705728535,3518.5025475095713,3518.5025475095713,2968.3814865321815
18540.0,5.15,22.0,10.0,20.126084425724464,20.316488799324425,20.3,20.206680754885504,1.7933192451144961,0.0,806.9936603015233,192.93303803818992,3499.926698339713,3499.926698339713,2978.0038420862925
18600.0,5.166666666666667,22.0,10.0,20.131442218552326,20.071291048051418,20.1,20.171120503257,1.8288794967429993,0.0,822.9957735343497,195.40202535879294,3518.3977988931424,3518.3977988931424,2987.0715038268413
18660.0,5.183333333333334,22.0,10.0,20.136892749942593,20.42424005796038,20.400000000000002,20.247413668838,1.752586331162,0.0,788.6638490229,197.76801690586166,3486.4318659287615,3486.4318659287615,2995.4886570577187
18720.0,5.2,22.0,10.0,20.14242793557746,20.015889093073437,20.0,20.164942445892002,1.8350575541079976,0.0,825.775899348599,200.24534460390745,3526.0212439525067,3526.0212439525067,3004.198353858751
18780.0,5.216666666666667,22.0,10.0,20.14805103201703,19.986385491639805,20.0,20.10996163059467,1.8900383694053318,0.0,850.5172662323993,202.79689640260466,3553.314162635004,3553.314162635004,3012.81644201799
18840.0,5.233333333333333,22.0,10.0,20.153760676225193,20.080507272455144,20.1,20.10664108706311,1.8933589129368897,0.0,852.0115108216004,205.35293093506945,3557.3644417566697,3557.3644417566697,3021.0908473556137
18900.0,5.25,22.0,10.0,20.159552484364784,20.13660900597136,20.1,20.10442739137541,1.8955726086245903,0.0,853.0076738810657,207.91195395671267,3560.9196278377785,3560.9196278377785,3029.8604805916357
18960.0,5.266666666666667,22.0,10.0,20.16543215267879,19.88516851265898,19.900000000000002,20.03628492758361,1.9637150724163916,0.0,883.6717825873762,210.5629693044748,3594.234751891851,3594.234751891851,3038.1702930430743
19020.0,5.283333333333333,22.0,10.0,20.17139389973727,20.1643749429115,20.200000000000003,20.090856618389072,1.909143381610928,0.0,859.1145217249176,213.14031286964953,3572.2548345945675,3572.2548345945675,3046.146751799889
19080.0,5.3,22.0,10.0,20.17743347905966,19.843936160971776,19.8,19.993904412259383,2.0060955877406172,0.0,902.7430144832778,215.84854191309935,3618.591556396377,3618.591556396377,3054.376115030468
19140.0,5.316666666666666,22.0,10.0,20.183553692002846,20.461981372111946,20.5,20.162602941506258,1.8373970584937425,0.0,826.8286763221842,218.32902794206592,3545.15770426425,3545.15770426425,3062.9920525092343
19200.0,5.333333333333333,22.0,10.0,20.18975893555695,20.17355954527541,20.200000000000003,20.17506862767084,1.8249313723291607,0.0,821.2191175481223,220.7926852947103,3542.0118028428324,3542.0118028428324,3071.3285445647075
19260.0,5.35,22.0,10.0,20.196045601285054,20.06765405634586,20.1,20.15004575178056,1.84995424821944,0.0,832.479411698748,223.29012352980652,3555.769535228554,3555.769535228554,3079.7012807757137
19320.0,5.366666666666666,22.0,10.0,20.202413879850507,20.020746256193792,20.0,20.100030501187042,1.8999694988129576,0.0,854.9862744658309,225.85508235320404,3580.841356819035,3580.841356819035,3087.314761843064
19380.0,5.383333333333334,22.0,10.0,20.208854415353073,20.131968320511433,20.1,20.100020334124693,1.899979665875307,0.0,854.9908496438882,228.42005490213572,3583.410904546024,3583.410904546024,3094.6524618658655
19440.0,5.4,22.0,10.0,20.215363681649404,20.170747787963318,20.200000000000003,20.133346889416462,1.8666531105835382,0.0,839.9938997625922,230.94003660142346,3570.9339363640156,3570.9339363640156,3101.5321070926693
19500.0,5.416666666666667,22.0,10.0,20.22193597588957,20.013033782767295,20.0,20.088897926277642,1.9111020737223576,0.0,859.9959331750609,233.52002440094867,3593.51595757601,3593.51595757601,3108.337501701948
19560.0,5.433333333333334,22.0,10.0,20.228570217982323,20.044611199217755,20.0,20.059265284185095,1.940734715814905,0.0,873.3306221167073,236.1400162672988,3609.470638384006,3609.470638384006,3115.0706631585754
19620.0,5.45,22.0,10.0,20.23526535528628,20.19783035427397,20.200000000000003,20.106176856123398,1.8938231438766024,0.0,852.2204147444711,238.69667751153222,3590.917092256003,3590.917092256003,3122.23481531815
19680.0,5.466666666666667,22.0,10.0,20.24202637700424,20.137869627445113,20.1,20.104117904082266,1.8958820959177345,0.0,853.1469431629805,241.25611834102114,3594.4030615040015,3594.4030615040015,3128.905204982104
19740.0,5.483333333333333,22.0,10.0,20.248847160333014,20.43668978106868,20.400000000000002,20.202745269388178,1.7972547306118223,0.0,808.76462877532,243.6824122273471,3552.447041002667,3552.447041002667,3134.726848178573
19800.0,5.5,22.0,10.0,20.25571734103016,20.483291415879265,20.5,20.301830179592116,1.698169820407884,0.0,764.1764191835478,245.97494148489776,3510.1513606684457,3510.1513606684457,3140.974748450822
19860.0,5.516666666666667,22.0,10.0,20.26264188598848,20.265846126708457,20.3,20.30122011972808,1.6987798802719212,0.0,764.4509461223645,248.26829432326485,3512.719240445629,3512.719240445629,3147.482373360125
19920.0,5.533333333333333,22.0,10.0,20.269623748810837,20.364343663221742,20.400000000000002,20.334146746485388,1.6658532535146122,0.0,749.6339640815755,250.51719621550959,3500.151160297085,3500.151160297085,3153.8883587264454
19980.0,5.55,22.0,10.0,20.27666153786912,20.009623863144096,20.0,20.222764497656925,1.7772355023430748,0.0,799.7559760543836,252.91646414367275,3552.6724401980564,3552.6724401980564,3160.457124918108
20040.0,5.566666666666666,22.0,10.0,20.28375703875453,20.411240580641053,20.400000000000002,20.281842998437952,1.718157001562048,0.0,773.1706507029216,255.23597609578152,3528.406626798703,3528.406626798703,3167.111109838653
20100.0,5.583333333333333,22.0,10.0,20.29091110095633,20.284794407053678,20.3,20.287895332291967,1.712104667708033,0.0,770.4471004686148,257.5473173971873,3527.994417865802,3527.994417865802,3173.5482437874625
20160.0,5.6,22.0,10.0,20.29812094657891,20.395054609769076,20.400000000000002,20.325263554861312,1.674736445138688,0.0,753.6314003124096,259.80821159812456,3513.4396119105345,3513.4396119105345,3180.0724580217516
20220.0,5.616666666666666,22.0,10.0,20.305387453235433,20.625458679554164,20.6,20.416842369907542,1.5831576300924581,0.0,712.4209335416061,261.9454743987494,3474.3664079403557,3474.3664079403557,3185.629512586331
20280.0,5.633333333333334,22.0,10.0,20.312698845026762,19.85652729375789,19.900000000000002,20.244561579938363,1.7554384200616369,0.0,789.9472890277366,264.3153162658326,3554.2626052935693,3554.2626052935693,3191.285917730965
20340.0,5.65,22.0,10.0,20.320056179504455,20.37224581531514,20.400000000000002,20.296374386625576,1.7036256133744239,0.0,766.6315260184907,266.6152108438881,3533.246736862379,3533.246736862379,3196.739528227275
20400.0,5.666666666666667,22.0,10.0,20.32745688530467,20.1076330726711,20.1,20.230916257750387,1.769083742249613,0.0,796.0876840123259,269.0034738959251,3565.0911579082513,3565.0911579082513,3201.792647729149
20460.0,5.683333333333334,22.0,10.0,20.334896026421507,20.453335364702404,20.5,20.320610838500258,1.679389161499742,0.0,755.7251226748839,271.27064926394974,3526.995771938834,3526.995771938834,3207.069400248549
20520.0,5.7,22.0,10.0,20.342376171145226,20.079713483659532,20.1,20.247073892333503,1.7529261076664966,0.0,788.8167484499235,273.6370995092995,3562.453847959223,3562.453847959223,3211.7254413432192
20580.0,5.716666666666667,22.0,10.0,20.349889747927907,20.250809834527107,20.3,20.264715928222337,1.735284071777663,0.0,780.8778322999483,275.97973300619935,3556.8575653061475,3556.8575653061475,3216.963704720041
20640.0,5.733333333333333,22.0,10.0,20.357443643140765,20.39799039429284,20.400000000000002,20.309810618814893,1.6901893811851068,0.0,760.5852215332981,278.2614886707992,3538.8467102040972,3538.8467102040972,3222.56954568529
20700.0,5.75,22.0,10.0,20.365042146759567,20.48774402404664,20.5,20.373207079209926,1.6267929207900735,0.0,732.0568143555331,280.4576591138659,3512.5144734693986,3512.5144734693986,3228.149460619813
20760.0,5.766666666666667,22.0,10.0,20.372684813846725,20.387643631714038,20.400000000000002,20.382138052806617,1.6178619471933828,0.0,728.0378762370223,282.6417727425769,3510.6796489795993,3510.6796489795993,3233.695630073446
20820.0,5.783333333333333,22.0,10.0,20.380371106966066,20.221804919168505,20.200000000000003,20.321425368537746,1.6785746314622543,0.0,755.3585841580144,284.9078484950509,3540.2664326530653,3540.2664326530653,3239.704615437086
20880.0,5.8,22.0,10.0,20.388106449030413,20.277400005487333,20.3,20.314283579025165,1.6857164209748348,0.0,758.5723894386756,287.18356566336695,3545.7559551020427,3545.7559551020427,3245.247119089711
20940.0,5.816666666666666,22.0,10.0,20.395885095112398,20.572785673362272,20.6,20.40952238601678,1.5904776139832215,0.0,715.7149262924497,289.3307104422443,3505.0456367346937,3505.0456367346937,3251.4695263781555
21000.0,5.833333333333333,22.0,10.0,20.403715074143598,20.40261515100629,20.400000000000002,20.40634825734452,1.5936517426554815,0.0,717.1432841949667,291.4821402948292,3508.625424489796,3508.625424489796,3256.3643293429236
21060.0,5.85,22.0,10.0,20.411580300873283,20.07481742150507,20.1,20.304232171563015,1.6957678284369848,0.0,763.0955227966432,293.7714268632192,3556.8669496598623,3556.8669496598623,3261.1251205679223
21120.0,5.866666666666666,22.0,10.0,20.419479061417476,20.588211603071414,20.6,20.40282144770868,1.5971785522913216,0.0,718.7303485310947,295.9276179088124,3514.6579664399073,3514.6579664399073,3266.035860812266
21180.0,5.883333333333334,22.0,10.0,20.427413054562972,20.510662750505666,20.5,20.435214298472452,1.5647857015275477,0.0,704.1535656873965,298.0400786058746,3502.193644293271,3502.193644293271,3271.2826190790456
21240.0,5.9,22.0,10.0,20.43538620682823,20.61006931587862,20.6,20.490142865648302,1.509857134351698,0.0,679.4357104582641,300.0783857372494,3479.5140961955135,3479.5140961955135,3276.484757170162
21300.0,5.916666666666667,22.0,10.0,20.443397865293786,20.37607237201845,20.400000000000002,20.460095243765537,1.5399047562344634,0.0,692.9571403055086,302.1572571581659,3495.114397463675,3495.114397463675,3281.3922434900596
21360.0,5.933333333333334,22.0,10.0,20.451444378619787,20.61707568230511,20.6,20.506730162510358,1.4932698374896418,0.0,671.9714268703389,304.17317143877693,3476.1445983091157,3476.1445983091157,3286.594305391492
21420.0,5.95,22.0,10.0,20.459529177148625,20.24731619314829,20.200000000000003,20.404486775006905,1.5955132249930948,0.0,717.9809512468927,306.32711429251765,3524.3080655394106,3524.3080655394106,3291.9755776080337
21480.0,5.966666666666667,22.0,10.0,20.467654296548474,20.581654258721567,20.6,20.469657850004605,1.5303421499953949,0.0,688.6539674979277,308.3930761950114,3497.047043692939,3497.047043692939,3296.9579361855
21540.0,5.983333333333333,22.0,10.0,20.475814828893053,20.377738766967443,20.400000000000002,20.446438566669737,1.5535614333302625,0.0,699.1026449986182,310.49038413000727,3509.593029128626,3509.593029128626,3301.9153549408084
21600.0,6.0,22.0,10.0,20.484010368665665,20.618880709649694,20.6,20.49762571111316,1.5023742888868412,0.0,676.0684299990785,312.5185894200045,3488.587019419083,3488.587019419083,3306.0908830418393
21660.0,6.016666666666667,22.0,10.0,20.49223142815617,20.693360251439447,20.700000000000003,20.565083807408776,1.4349161925912242,0.0,645.7122866660509,314.45572628000264,3460.1680129460538,3460.1680129460538,3309.491891002283
21720.0,6.033333333333333,22.0,10.0,20.500468636563728,20.35327060616202,20.400000000000002,20.51005587160585,1.48994412839415,0.0,670.4748577773674,316.4671508533348,3486.9420086307023,3486.9420086307023,3312.8790134930055
21780.0,6.05,22.0,10.0,20.508721778815953,20.498475882916203,20.5,20.5067039144039,1.4932960855961,0.0,671.983238518245,318.4831005688895,3490.466339087134,3490.466339087134,3316.00021593974
21840.0,6.066666666666666,22.0,10.0,20.516987616070782,20.524778541361982,20.5,20.50446927626927,1.495530723730731,0.0,672.9888256788289,320.50206704592597,3493.490892724755,3493.490892724755,3319.944753010712
21900.0,6.083333333333333,22.0,10.0,20.5252759902587,20.763208953826823,20.8,20.602979517512846,1.3970204824871537,0.0,628.6592171192192,322.38804469728365,3451.0472618165027,3451.0472618165027,3323.419117573845
21960.0,6.1,22.0,10.0,20.533581191698808,20.675692809972762,20.700000000000003,20.6353196783419,1.3646803216580992,0.0,614.1061447461447,324.2303631315221,3438.336507877667,3438.336507877667,3326.8287059120444
22020.0,6.116666666666666,22.0,10.0,20.541902392594658,20.298046883792566,20.3,20.523546452227933,1.476453547772067,0.0,664.4040964974301,326.22357542101435,3490.6276719184443,3490.6276719184443,3329.9388876786857
22080.0,6.133333333333334,22.0,10.0,20.550235952069016,20.641757604210728,20.6,20.549030968151957,1.450969031848043,0.0,652.9360643316194,328.1823836140092,3481.1184479456288,3481.1184479456288,3332.3460130163803
22140.0,6.15,22.0,10.0,20.558573396369006,20.707591238244834,20.700000000000003,20.599353978767972,1.4006460212320277,0.0,630.2907095544125,330.0732557426724,3460.3639652970846,3460.3639652970846,3336.0446228876667
22200.0,6.166666666666667,22.0,10.0,20.56693021165455,20.9916913908401,21.0,20.73290265251198,1.2670973474880185,0.0,570.1938063696083,331.78383716178126,3401.9776435313897,3401.9776435313897,3339.331324787245
22260.0,6.183333333333334,22.0,10.0,20.575301396917034,20.239471577566196,20.200000000000003,20.55526843500799,1.4447315649920114,0.0,650.1292042464052,333.73422477452044,3483.8634290209257,3483.8634290209257,3343.0939886725955
22320.0,6.2,22.0,10.0,20.583692620590355,20.47642216060356,20.5,20.536845623338657,1.4631543766613433,0.0,658.4194694976045,335.7094831830133,3494.1289526806177,3494.1289526806177,3346.1590183936996
22380.0,6.216666666666667,22.0,10.0,20.59209545094931,20.858769688566774,20.900000000000002,20.657897082225773,1.342102917774227,0.0,603.9463129984022,337.5213221220085,3441.4676351204107,3441.4676351204107,3349.7639322197915
22440.0,6.233333333333333,22.0,10.0,20.600516331783098,20.32950227206176,20.3,20.538598054817182,1.4614019451828177,0.0,657.630875332268,339.4942147480053,3497.1250900802734,3497.1250900802734,3353.215492771231
22500.0,6.25,22.0,10.0,20.608953368701002,20.369061251916058,20.400000000000002,20.492398703211457,1.5076012967885433,0.0,678.4205835548445,341.5294764986698,3519.9500600535143,3519.9500600535143,3356.309346395112
22560.0,6.266666666666667,22.0,10.0,20.61740222075164,20.7208186598277,20.700000000000003,20.561599135474307,1.4384008645256934,0.0,647.280389036562,343.4713176657795,3490.751706702342,3490.751706702342,3358.9127651796834
22620.0,6.283333333333333,22.0,10.0,20.62585696727154,20.829538699447298,20.8,20.641066090316205,1.3589339096837953,0.0,611.5202593577079,345.30587844385263,3456.8261378015604,3456.8261378015604,3361.4422132430154
22680.0,6.3,22.0,10.0,20.634316702928643,20.500580605453532,20.5,20.594044060210805,1.4059559397891945,0.0,632.6801729051375,347.2039189625681,3479.8840918677056,3479.8840918677056,3364.42261689985
22740.0,6.316666666666666,22.0,10.0,20.642786824222657,20.75081225868107,20.8,20.66269604014054,1.3373039598594616,0.0,601.7867819367577,349.0092793083783,3450.7960612451357,3450.7960612451357,3367.4448392032195
22800.0,6.333333333333333,22.0,10.0,20.651267801820428,20.67465885570642,20.700000000000003,20.67513069342703,1.324869306572971,0.0,596.191187957837,350.79785287225184,3446.989040830089,3446.989040830089,3369.738185828744
22860.0,6.35,22.0,10.0,20.659750856644912,20.96350066344866,21.0,20.783420462284685,1.2165795377153152,0.0,547.4607919718918,352.4402352481675,3399.9010272200594,3399.9010272200594,3372.0529731397614
22920.0,6.366666666666666,22.0,10.0,20.668236239752655,20.667932551810907,20.700000000000003,20.755613641523126,1.2443863584768735,0.0,559.973861314593,354.1201568321113,3414.094018146704,3414.094018146704,3375.133206081763
22980.0,6.383333333333334,22.0,10.0,20.676733129506378,20.87478259189999,20.900000000000002,20.803742427682085,1.196257572317915,0.0,538.3159075430617,355.7351045547405,3394.0510120978024,3394.0510120978024,3377.4586187543987
23040.0,6.4,22.0,10.0,20.68523243354291,20.504608861680058,20.5,20.702494951788054,1.2975050482119457,0.0,583.8772716953756,357.4867363698266,3441.364008065202,3441.364008065202,3379.537535846713
23100.0,6.416666666666667,22.0,10.0,20.693731186672444,20.65675541678004,20.700000000000003,20.70166330119204,1.2983366988079617,0.0,584.2515144635828,359.23949091321737,3443.4910053768,3443.4910053768,3381.2038118525265
23160.0,6.433333333333334,22.0,10.0,20.702224438854657,20.682883548102293,20.700000000000003,20.70110886746136,1.298891132538639,0.0,584.5010096423875,360.99299394214455,3445.494003584532,3445.494003584532,3383.1023216127123
23220.0,6.45,22.0,10.0,20.710714993397445,20.93853658289449,20.900000000000002,20.767405911640907,1.2325940883590931,0.0,554.6673397615918,362.6569959614293,3417.3243357230212,3417.3243357230212,3384.653026224319
23280.0,6.466666666666667,22.0,10.0,20.719198684731946,20.83512129263604,20.8,20.778270607760604,1.2217293922393964,0.0,549.7782265077284,364.30633064095247,3414.084557148681,3414.084557148681,3386.980610212904
23340.0,6.483333333333333,22.0,10.0,20.727684856000305,20.57733422974159,20.6,20.718847071840404,1.281152928159596,0.0,576.5188176718182,366.0358870939679,3442.5547047657865,3442.5547047657865,3388.8150507709047
23400.0,6.5,22.0,10.0,20.736167582041556,20.872561134777545,20.900000000000002,20.779231381226936,1.2207686187730644,0.0,549.3458784478789,367.68392472931157,3417.0298031771904,3417.0298031771904,3390.8280170768667
23460.0,6.516666666666667,22.0,10.0,20.744649015500354,20.898775270785876,20.900000000000002,20.819487587484623,1.1805124125153768,0.0,531.2305856319196,369.2776164862073,3400.508202118127,3400.508202118127,3392.4573337825705
23520.0,6.533333333333333,22.0,10.0,20.753124556459245,20.730795411995356,20.700000000000003,20.77965839165642,1.2203416083435812,0.0,549.1537237546115,370.9250776574711,3420.0788014120826,3420.0788014120826,3393.5858451019617
23580.0,6.55,22.0,10.0,20.76158821293109,20.71005574992473,20.700000000000003,20.753105594437613,1.2468944055623865,0.0,561.1024825030739,372.6083851049803,3433.7108676080543,3433.7108676080543,3395.141781160774
23640.0,6.566666666666666,22.0,10.0,20.770045149666228,20.731284500581715,20.700000000000003,20.735403729625077,1.2645962703749234,0.0,569.0683216687155,374.31559006998646,3443.3839117387024,3443.3839117387024,3396.73052379288
23700.0,6.583333333333333,22.0,10.0,20.778495780502745,20.439497299304968,20.400000000000002,20.62360248641672,1.3763975135832816,0.0,619.3788811124767,376.1737267133239,3495.552607825801,3495.552607825801,3398.3431966084113
23760.0,6.6,22.0,10.0,20.786940411520536,20.82468901314546,20.8,20.682401657611145,1.3175983423888553,0.0,592.9192540749849,377.95248447554883,3470.871738550534,3470.871738550534,3399.221597695213
23820.0,6.616666666666666,22.0,10.0,20.795370249458315,20.842285835303773,20.8,20.721601105074097,1.2783988949259033,0.0,575.2795027166565,379.67832298369876,3454.9578257003554,3454.9578257003554,3399.8735128649205
23880.0,6.633333333333334,22.0,10.0,20.803782620864318,20.63067691611252,20.6,20.68106740338273,1.3189325966172696,0.0,593.5196684777713,381.45888198913207,3474.978550466903,3474.978550466903,3401.386082182479
23940.0,6.65,22.0,10.0,20.812187905987916,20.96067715596293,21.0,20.78737826892182,1.2126217310781797,0.0,545.6797789851809,383.09592132608765,3428.7757003112683,3428.7757003112683,3402.7149549451983
24000.0,6.666666666666667,22.0,10.0,20.820583921729295,20.54599053456457,20.5,20.691585512614544,1.3084144873854555,0.0,588.786519323455,384.862280884058,3473.648800207513,3473.648800207513,3403.6757717843966
24060.0,6.683333333333334,22.0,10.0,20.82896627922552,20.718603714946926,20.700000000000003,20.69439034174303,1.3056096582569694,0.0,587.5243462156362,386.6248539227049,3474.1492001383413,3474.1492001383413,3403.6474696468463
24120.0,6.7,22.0,10.0,20.837323150023604,20.742279336225295,20.700000000000003,20.696260227828688,1.303739772171312,0.0,586.6828974770904,388.3849026151362,3475.0678000922267,3475.0678000922267,3404.984402303081
24180.0,6.716666666666667,22.0,10.0,20.84567099340117,21.243172959798954,21.200000000000003,20.864173485219126,1.1358265147808737,0.0,511.1219316513932,389.9182684100904,3401.040200061484,3401.040200061484,3406.4701448093733
24240.0,6.733333333333333,22.0,10.0,20.85401162215868,20.534174809507103,20.5,20.742782323479418,1.2572176765205825,0.0,565.747954434262,391.6155122733932,3457.3634667076553,3457.3634667076553,3407.053436314557
24300.0,6.75,22.0,10.0,20.862334228527978,20.97486027956923,21.0,20.828521548986277,1.1714784510137228,0.0,527.1653029561753,393.1970081822617,3420.362311138437,3420.362311138437,3408.5546305439857
24360.0,6.766666666666667,22.0,10.0,20.870649881408923,21.059074536926715,21.1,20.919014365990854,1.0809856340091457,0.0,486.4435353041156,394.6563387881741,3381.0998740922896,3381.0998740922896,3410.411221035811
24420.0,6.783333333333333,22.0,10.0,20.878962866417126,20.9545079792251,21.0,20.946009577327235,1.053990422672765,0.0,474.29569020274425,396.0792258587823,3370.3749160615266,3370.3749160615266,3411.7502291302535
24480.0,6.8,22.0,10.0,20.88726698056744,21.123628569438118,21.1,20.997339718218157,1.0026602817818429,0.0,451.1971268018293,397.4328172391878,3348.629944041017,3348.629944041017,3412.5014942747753
24540.0,6.816666666666666,22.0,10.0,20.895555197557034,20.69500766013175,20.700000000000003,20.898226478812106,1.1017735211878943,0.0,495.79808453455246,398.92021149279145,3394.718296027344,3394.718296027344,3413.624537567991
24600.0,6.833333333333333,22.0,10.0,20.903832026415177,20.44778030595274,20.400000000000002,20.73215098587474,1.267849014125261,0.0,570.5320563563674,400.63180766186053,3471.1638640182277,3471.1638640182277,3414.24406296261
24660.0,6.85,22.0,10.0,20.91209145909148,21.065455036885535,21.1,20.854767323916494,1.1452326760835057,0.0,515.3547042375775,402.1778717745733,3417.532576012151,3417.532576012151,3414.7898125937345
24720.0,6.866666666666666,22.0,10.0,20.92033266246533,20.681167029531114,20.700000000000003,20.80317821594433,1.1968217840556683,0.0,538.5698028250507,403.79358118304845,3442.3633840080993,3442.3633840080993,3414.54166617084
24780.0,6.883333333333334,22.0,10.0,20.928546164471985,20.863266189162797,20.900000000000002,20.83545214396289,1.1645478560371103,0.0,524.0465352166997,405.3657207886985,3429.4122560053984,3429.4122560053984,3414.5342053704376
24840.0,6.9,22.0,10.0,20.936734936443013,20.700965736958057,20.700000000000003,20.790301429308595,1.2096985706914047,0.0,544.3643568111321,406.9988138591319,3451.363170670264,3451.363170670264,3414.1928188158936
24900.0,6.916666666666667,22.0,10.0,20.944895045459475,21.155363416849383,21.200000000000003,20.926867619539067,1.0731323804609332,0.0,482.90957120741996,408.4475425727542,3391.357113780174,3391.357113780174,3414.6456719700486
24960.0,6.933333333333334,22.0,10.0,20.953036108386737,21.12606615536022,21.1,20.984578413026046,1.0154215869739538,0.0,456.9397141382792,409.818361715169,3366.758075853448,3366.758075853448,3415.1264275268277
25020.0,6.95,22.0,10.0,20.961158517191897,20.8171457848105,20.8,20.9230522753507,1.076947724649301,0.0,484.6264760921855,411.2722411434455,3395.898717235631,3395.898717235631,3415.6325537944563
25080.0,6.966666666666667,22.0,10.0,20.969262632285854,21.149961001207785,21.1,20.982034850233802,1.017965149766198,0.0,458.0843173947891,412.64649409562986,3370.730811490419,3370.730811490419,3415.6607501599324
25140.0,6.983333333333333,22.0,10.0,20.977342773390916,21.00159822525486,21.0,20.9880232334892,1.0119767665107986,0.0,455.38954492985937,414.0126627304195,3369.4022076602787,3369.4022076602787,3415.6344802764115
25200.0,7.0,22.0,10.0,20.98539835883406,20.957520592722112,21.0,20.992015488992802,1.0079845110071979,0.0,453.59302995323907,415.3734418202792,3368.9664717735186,3368.9664717735186,3416.083150684568
25260.0,7.016666666666667,22.0,10.0,20.993435161565774,21.004918493974248,21.0,20.99467699266187,1.0053230073381307,0.0,452.3953533021588,416.7306278801857,3369.1259811823443,3369.1259811823443,3416.0989282261116
25320.0,7.033333333333333,22.0,10.0,21.00144804321979,20.9608981712498,21.0,20.996451328441246,1.0035486715587538,0.0,451.5969022014392,418.08541858678996,3369.682320788229,3369.682320788229,3415.8390827909784
25380.0,7.05,22.0,10.0,21.00943376808362,21.132434820845816,21.1,21.030967552294165,0.9690324477058354,0.0,436.06460146762595,419.39361239119285,3355.4582138588185,3355.4582138588185,3415.909744767997
25440.0,7.066666666666666,22.0,10.0,21.017396383716587,21.079465897805203,21.1,21.053978368196113,0.9460216318038874,0.0,425.70973431174934,420.6707415941281,3346.3804759058776,3346.3804759058776,3416.2064301486644
25500.0,7.083333333333333,22.0,10.0,21.025338671727223,20.955445242440458,21.0,21.03598557879741,0.9640144212025916,0.0,433.80648954116623,421.9721610627516,3355.778650603918,3355.778650603918,3416.659388175165
25560.0,7.1,22.0,10.0,21.033262568370144,21.234513717533257,21.200000000000003,21.090657052531604,0.9093429474683958,0.0,409.2043263607781,423.1997740418339,3332.4041004026117,3332.4041004026117,3417.9742751693425
25620.0,7.116666666666666,22.0,10.0,21.041178471967065,20.9188833490143,20.900000000000002,21.027104701687737,0.9728952983122632,0.0,437.80288424051844,424.5131826945555,3362.3160669350736,3362.3160669350736,3418.8558995590292
25680.0,7.133333333333334,22.0,10.0,21.04908120734587,21.106467935959362,21.1,21.051403134458493,0.9485968655415071,0.0,426.8685894936782,425.7937884630365,3352.6623779567144,3352.6623779567144,3419.4575983280515
25740.0,7.15,22.0,10.0,21.05696745490377,21.141398529154234,21.1,21.067602089638996,0.9323979103610043,0.0,419.5790596624519,427.0525256420239,3346.6315853044757,3346.6315853044757,3420.3829475303655
25800.0,7.166666666666667,22.0,10.0,21.064841147909423,21.360602559876728,21.400000000000002,21.178401393092663,0.8215986069073367,0.0,369.7193731083015,428.1616837613488,3297.8810568696504,3297.8810568696504,3420.5228267433804
25860.0,7.183333333333334,22.0,10.0,21.072692898386617,20.97160462571682,21.0,21.118934262061774,0.8810657379382256,0.0,396.47958207220154,429.35112250756544,3325.830704579767,3325.830704579767,3421.408259634449
25920.0,7.2,22.0,10.0,21.08053171880707,21.42914820806915,21.400000000000002,21.212622841374518,0.7873771586254819,0.0,354.3197213814668,430.4140816717098,3284.733803053177,3284.733803053177,3422.287275309514
25980.0,7.216666666666667,22.0,10.0,21.08835757095436,21.123590561278846,21.1,21.17508189424968,0.8249181057503208,0.0,371.21314758764436,431.52772111447274,3302.740868702117,3302.740868702117,3423.1669507225592
26040.0,7.233333333333333,22.0,10.0,21.096170501650167,21.05737511951965,21.1,21.150054596166456,0.8499454038335443,0.0,382.47543172509495,432.675147409648,3315.150579134743,3315.150579134743,3422.7981715448745
26100.0,7.25,22.0,10.0,21.103955568203755,20.969461018016034,21.0,21.100036397444303,0.8999636025556974,0.0,404.9836211500638,433.8900982730982,3338.873719423162,3338.873719423162,3423.3742597975875
26160.0,7.266666666666667,22.0,10.0,21.111724192616716,21.228982876427622,21.200000000000003,21.1333575982962,0.8666424017037997,0.0,389.9890807667099,435.0600655153984,3325.0491462821083,3325.0491462821083,3423.324060653268
26220.0,7.283333333333333,22.0,10.0,21.119468908766706,21.129255957655182,21.1,21.122238398864134,0.877761601135866,0.0,394.9927205111397,436.24504367693174,3331.2377641880717,3331.2377641880717,3422.6203242105853
26280.0,7.3,22.0,10.0,21.127181945930932,20.906460092745373,20.900000000000002,21.04815893257609,0.95184106742391,0.0,428.3284803407595,437.53002911795403,3365.858509458714,3365.858509458714,3421.749567408101
26340.0,7.316666666666666,22.0,10.0,21.134861394902035,20.90928395965031,20.900000000000002,20.998772621717393,1.001227378282607,0.0,450.5523202271732,438.8816860786356,3389.434006305809,3389.434006305809,3420.5309070186495
26400.0,7.333333333333333,22.0,10.0,21.142503181601555,21.03139934004145,21.0,20.999181747811594,1.000818252188406,0.0,450.36821348478264,440.2327907190899,3390.6010042038724,3390.6010042038724,3420.100696835461
26460.0,7.35,22.0,10.0,21.150116880418775,21.01491567964454,21.0,20.999454498541063,1.0005455014589373,0.0,450.24547565652176,441.58352714605945,3391.8290028025813,3391.8290028025813,3420.9517496218405
26520.0,7.366666666666666,22.0,10.0,21.15771795077298,21.375778429118423,21.400000000000002,21.13296966569404,0.8670303343059587,0.0,390.1636504376814,442.7540180973725,3332.917668535054,3332.917668535054,3420.8947633950124
26580.0,7.383333333333334,22.0,10.0,21.1652955340814,21.440403193675436,21.400000000000002,21.221979777129363,0.7780202228706372,0.0,350.1091002917867,443.8043453982479,3293.913445690034,3293.913445690034,3421.252573738564
26640.0,7.4,22.0,10.0,21.172854678364022,21.346566603137525,21.3,21.247986518086243,0.7520134819137567,0.0,338.40606686119054,444.81956359883145,3283.225630460022,3283.225630460022,3421.388568443011
26700.0,7.416666666666667,22.0,10.0,21.180392777150246,21.251966555156457,21.3,21.26532434539083,0.7346756546091697,0.0,330.60404457412636,445.8113757325538,3276.41542030668,3276.41542030668,3421.8881451467987
26760.0,7.433333333333334,22.0,10.0,21.187914256560557,21.102266614991635,21.1,21.210216230260556,0.7897837697394436,0.0,355.40269638274964,446.87758382170205,3302.2802802044516,3302.2802802044516,3421.3792946240214
26820.0,7.45,22.0,10.0,21.195407065326364,21.206303707510415,21.200000000000003,21.206810820173708,0.7931891798262924,0.0,356.9351309218316,447.94838921446757,3304.8835201362995,3304.8835201362995,3420.4689409778453
26880.0,7.466666666666667,22.0,10.0,21.20286647142212,21.37980787262783,21.400000000000002,21.271207213449138,0.7287927865508621,0.0,327.95675394788793,448.93225947631123,3276.889013424199,3276.889013424199,3420.0594372488085
26940.0,7.483333333333333,22.0,10.0,21.21029858525484,21.636493031999503,21.6,21.38080480896609,0.61919519103391,0.0,278.63783596525946,449.76817298420696,3228.4060089494665,3228.4060089494665,3419.2372934861687
27000.0,7.5,22.0,10.0,21.217698537020908,21.400278378081268,21.400000000000002,21.387203205977393,0.6127967940226071,0.0,275.7585573101732,450.5954486561375,3226.354005966311,3226.354005966311,3418.406708722404
27060.0,7.516666666666667,22.0,10.0,21.225066321914515,21.168983893055568,21.200000000000003,21.324802137318265,0.6751978626817348,0.0,303.83903820678063,451.50696577075786,3255.346003977538,3255.346003977538,3417.582704773256
27120.0,7.533333333333333,22.0,10.0,21.23240211540605,21.240007130560226,21.200000000000003,21.283201424878847,0.7167985751211532,0.0,322.5593588045189,452.4746438471714,3275.0340026516906,3275.0340026516906,3416.7750927134075
27180.0,7.55,22.0,10.0,21.239706210172393,21.143197229942025,21.1,21.222134283252565,0.777865716747435,0.0,350.03957253634576,453.5247625647805,3303.5643351011263,3303.5643351011263,3415.990213181321
27240.0,7.566666666666666,22.0,10.0,21.246978974100053,21.09049925891017,21.1,21.18142285550171,0.8185771444982883,0.0,368.35971502422973,454.62984170985317,3322.989556734083,3322.989556734083,3414.981346525946
27300.0,7.583333333333333,22.0,10.0,21.254217813336062,21.21736941289247,21.200000000000003,21.18761523700114,0.8123847629988603,0.0,365.57314334948717,455.7265611399016,3321.2997044893887,3321.2997044893887,3413.837998682278
27360.0,7.6,22.0,10.0,21.26142121588024,21.300544154321262,21.3,21.225076824667426,0.7749231753325745,0.0,348.7154288996585,456.77270742660056,3305.488136326259,3305.488136326259,3412.8703428809717
27420.0,7.616666666666666,22.0,10.0,21.268591396347173,21.635771713682686,21.6,21.350051216444953,0.6499487835550468,0.0,292.47695259977104,457.65013828439993,3250.1270908841707,3250.1270908841707,3411.5292388396656
27480.0,7.633333333333334,22.0,10.0,21.275723973024206,21.286130467014885,21.3,21.33336747762997,0.6666325223700298,0.0,299.9846350665134,458.5500921895994,3258.534727256113,3258.534727256113,3410.7090193079225
27540.0,7.65,22.0,10.0,21.28282530933683,21.554296924329517,21.6,21.42224498508665,0.5777550149133504,0.0,259.98975671100766,459.33006145973246,3219.31981817074,3219.31981817074,3409.741575285402
27600.0,7.666666666666667,22.0,10.0,21.289893732312244,21.643391548537192,21.6,21.48149665672443,0.5185033432755688,0.0,233.32650447400596,460.0300409731544,3193.3565454471604,3193.3565454471604,3408.6897421190533
27660.0,7.683333333333334,22.0,10.0,21.296928328020737,21.312689902072677,21.3,21.420997771149622,0.5790022288503778,0.0,260.55100298267,460.81169398210244,3221.3626969647726,3221.3626969647726,3406.84293069823
27720.0,7.7,22.0,10.0,21.303919658205054,21.625479435728302,21.6,21.480665180766415,0.5193348192335847,0.0,233.70066865511313,461.51279598806775,3195.213464643181,3195.213464643181,3405.4927269295886
27780.0,7.716666666666667,22.0,10.0,21.310873811953595,21.45386089286737,21.5,21.487110120510945,0.5128898794890553,0.0,230.80044577007487,462.20519732537804,3193.005643095453,3193.005643095453,3403.480078198315
27840.0,7.733333333333333,22.0,10.0,21.317782951456113,21.23427589246419,21.200000000000003,21.391406747007295,0.608593252992705,0.0,273.8669638467172,463.0267982169181,3236.893762063635,3236.893762063635,3401.8010913733783
27900.0,7.75,22.0,10.0,21.324651215698225,21.377687220668,21.400000000000002,21.39427116467153,0.6057288353284704,0.0,272.5779758978117,463.84453214461155,3236.422508042423,3236.422508042423,3400.356916169401
27960.0,7.766666666666667,22.0,10.0,21.331481545045165,21.33605710865415,21.3,21.362847443114354,0.6371525568856455,0.0,286.7186505985405,464.7046880964072,3251.4233386949477,3251.4233386949477,3399.33219622363
28020.0,7.783333333333333,22.0,10.0,21.338279086764715,21.291811280775725,21.3,21.34189829540957,0.6581017045904289,0.0,296.145767065693,465.5931253976043,3261.738892463297,3261.738892463297,3398.0941453912715
28080.0,7.8,22.0,10.0,21.345041379249114,21.305285132650127,21.3,21.327932196939713,0.6720678030602869,0.0,302.4305113771291,466.5004169317357,3268.930928308865,3268.930928308865,3396.9798723712183
28140.0,7.816666666666666,22.0,10.0,21.35177001357982,21.38061187427442,21.400000000000002,21.35195479795981,0.6480452020401906,0.0,291.62034091808573,467.37527795449,3258.9956188725755,3258.9956188725755,3396.4611829893433
28200.0,7.833333333333333,22.0,10.0,21.358472237734954,21.4453084658314,21.400000000000002,21.36796986530654,0.6320301346934585,0.0,284.4135606120563,468.22851863632616,3252.6420792483823,3252.6420792483823,3396.344063377951
28260.0,7.85,22.0,10.0,21.365152949782285,21.18817657475054,21.200000000000003,21.311979910204364,0.6880200897956357,0.0,309.60904040803604,469.1573457575503,3278.7663861655865,3278.7663861655865,3396.2483457250496
28320.0,7.866666666666666,22.0,10.0,21.37181247108164,21.369934938682402,21.400000000000002,21.341319940136245,0.6586800598637552,0.0,296.4060269386898,470.04656383836635,3266.4525907770562,3266.4525907770562,3396.174690009675
28380.0,7.883333333333334,22.0,10.0,21.378451129948512,21.073980125559512,21.1,21.260879960090833,0.7391200399091673,0.0,332.60401795912526,471.04437589224375,3303.6483938513693,3303.6483938513693,3395.1204063184314
28440.0,7.9,22.0,10.0,21.385057221434487,21.437216321290528,21.400000000000002,21.307253306727223,0.6927466932727775,0.0,311.73601197274985,471.979583928162,3283.715595900912,3283.715595900912,3393.4336236412914
28500.0,7.916666666666667,22.0,10.0,21.39162325325388,21.516343148410154,21.5,21.371502204484816,0.6284977955151838,0.0,282.8240079818327,472.8280559521075,3255.6520639339406,3255.6520639339406,3391.596823754937
28560.0,7.933333333333334,22.0,10.0,21.398147545379178,21.43093851305114,21.400000000000002,21.381001469656546,0.618998530343454,0.0,278.5493386545543,473.66370396807116,3252.2130426226254,3252.2130426226254,3389.6771336974657
28620.0,7.95,22.0,10.0,21.40462922834741,21.46179985873116,21.5,21.4206676464377,0.5793323535623003,0.0,260.69955910303514,474.44580264538024,3235.1453617484153,3235.1453617484153,3388.220519472582
28680.0,7.966666666666667,22.0,10.0,21.41107398689604,21.529062607607973,21.5,21.4471117642918,0.552888235708199,0.0,248.79970606868955,475.19220176358635,3223.9919078322755,3223.9919078322755,3386.831569483644
28740.0,7.983333333333333,22.0,10.0,21.417482743769153,21.28446257492575,21.3,21.398074509527866,0.6019254904721336,0.0,270.8664707124601,476.0048011757237,3246.8712718881834,3246.8712718881834,3384.9991935493204
28800.0,8.0,22.0,10.0,21.423850285860436,21.376040513995516,21.400000000000002,21.398716339685244,0.6012836603147562,0.0,270.5776471416403,476.81653411714865,3247.394181258789,3247.394181258789,3382.3893071393227
28860.0,8.016666666666667,22.0,10.0,21.430167406688525,21.532351815451683,21.5,21.432477559790165,0.5675224402098351,0.0,255.3850980944258,477.58268941143194,3232.967787505858,3232.967787505858,3379.788718786439
28920.0,8.033333333333333,22.0,10.0,21.4364343690939,21.636811516039728,21.6,21.488318373193444,0.5116816268065563,0.0,230.25673206295033,478.27345960762074,3208.530191670571,3208.530191670571,3377.714673539624
28980.0,8.05,22.0,10.0,21.442657642069094,21.521641922338144,21.5,21.49221224879563,0.5077877512043685,0.0,228.50448804196583,478.95897307174664,3207.4634611137126,3207.4634611137126,3376.0033290248252
29040.0,8.066666666666666,22.0,10.0,21.448841709091184,21.95941359356222,22.0,21.661474832530423,0.3385251674695766,0.0,152.3363253613095,479.41598204783054,3131.7523074091405,3131.7523074091405,3374.79601245943
29100.0,8.083333333333334,22.0,10.0,21.454992736113425,21.43672062167645,21.400000000000002,21.574316555020282,0.4256834449797182,0.0,191.55755024087318,479.99065469855316,3171.5482049394263,3171.5482049394263,3373.9325715306745
29160.0,8.1,22.0,10.0,21.461114948763452,21.66104703463442,21.700000000000003,21.616211036680188,0.3837889633198124,0.0,172.70503349391558,480.50876979903484,3153.21380329295,3153.21380329295,3373.0553570799866
29220.0,8.116666666666667,22.0,10.0,21.46720826820212,21.720553803852138,21.700000000000003,21.644140691120125,0.35585930887987516,0.0,160.1366889959438,480.98917986602265,3141.1258688619664,3141.1258688619664,3371.9292367340913
29280.0,8.133333333333333,22.0,10.0,21.473269794238323,21.446515824969968,21.400000000000002,21.562760460746752,0.4372395392532482,0.0,196.7577926639617,481.5794532440146,3178.337245907976,3178.337245907976,3369.899200969926
29340.0,8.15,22.0,10.0,21.479288775267246,21.315186198826698,21.3,21.475173640497836,0.524826359502164,0.0,236.1718617759738,482.2879688293425,3218.4598306053163,3218.4598306053163,3368.043126408029
29400.0,8.166666666666666,22.0,10.0,21.48526742645834,21.2487468409529,21.200000000000003,21.383449093665227,0.6165509063347727,0.0,277.4479078506477,483.1203125528945,3260.5682204035425,3260.5682204035425,3365.5644046040743
29460.0,8.183333333333334,22.0,10.0,21.491198397034214,21.523653797000048,21.5,21.422299395776818,0.5777006042231818,0.0,259.96527190043184,483.90020836859577,3243.8654802690276,3243.8654802690276,3362.694273618126
29520.0,8.2,22.0,10.0,21.497077133126528,21.719135524034293,21.700000000000003,21.514866263851214,0.48513373614878574,0.0,218.31018126695358,484.5551389123966,3202.8653201793504,3202.8653201793504,3360.33874734057
29580.0,8.216666666666667,22.0,10.0,21.502909966695235,21.55724364646632,21.6,21.54324417590081,0.45675582409919,0.0,205.5401208446355,485.17175927493054,3190.711880119566,3190.711880119566,3357.5866592956136
29640.0,8.233333333333333,22.0,10.0,21.508692276706697,21.543263491780646,21.5,21.52882945060054,0.47117054939946,0.0,212.026747229757,485.8078395166198,3197.8345867463768,3197.8345867463768,3354.843642358944
29700.0,8.25,22.0,10.0,21.514424323584883,21.43858154698234,21.400000000000002,21.48588630040036,0.5141136995996405,0.0,231.35116481983823,486.50189301107935,3217.8530578309174,3217.8530578309174,3352.877811020689
29760.0,8.266666666666667,22.0,10.0,21.520115584346378,21.63232153090509,21.6,21.523924200266904,0.47607579973309555,0.0,214.234109879893,487.144595340719,3201.3787052206117,3201.3787052206117,3350.9368893043847
29820.0,8.283333333333333,22.0,10.0,21.52576648026499,21.098600269976245,21.1,21.38261613351127,0.6173838664887299,0.0,277.82273991992844,487.97806356047874,3265.8008034804075,3265.8008034804075,3349.278330127561
29880.0,8.3,22.0,10.0,21.531380520785728,21.577855171060673,21.6,21.45507742234085,0.5449225776591504,0.0,245.2151599466177,488.71370904031863,3233.9288689869363,3233.9288689869363,3347.819339499823
29940.0,8.316666666666666,22.0,10.0,21.53696021129737,21.54258547320796,21.5,21.4700516148939,0.5299483851060991,0.0,238.4767732977446,489.4291393602119,3227.905912657957,3227.905912657957,3346.50453264664
30000.0,8.333333333333334,22.0,10.0,21.542507385055238,21.26843933574289,21.3,21.4133677432626,0.5866322567373992,0.0,263.98451553182963,490.22109290680737,3254.2056084386372,3254.2056084386372,3345.046050750406
30060.0,8.35,22.0,10.0,21.54802041550908,21.98314000033785,22.0,21.608911828841734,0.3910881711582661,0.0,175.98967702121973,490.74906193787103,3166.738738959091,3166.738738959091,3343.505984558705
30120.0,8.366666666666667,22.0,10.0,21.553498426077255,21.276015779766336,21.3,21.50594121922782,0.49405878077217835,0.0,222.32645134748026,491.4160412919135,3213.7424926393937,3213.7424926393937,3342.426991252153
30180.0,8.383333333333333,22.0,10.0,21.55894705469405,21.343442955324516,21.3,21.43729414615188,0.5627058538481187,0.0,253.2176342316534,492.1756941946084,3245.3933284262616,3245.3933284262616,3341.1607512442347
30240.0,8.4,22.0,10.0,21.564364142544896,21.32419152103433,21.3,21.39152943076792,0.6084705692320789,0.0,273.8117561544355,492.9971294630717,3266.8088856175073,3266.8088856175073,3340.535545287687
30300.0,8.416666666666666,22.0,10.0,21.569757476660715,21.791831037012454,21.8,21.527686287178614,0.4723137128213857,0.0,212.54117076962356,493.6347529753806,3206.175923745004,3206.175923745004,3339.588546131241
30360.0,8.433333333333334,22.0,10.0,21.57512326678431,21.39750629455247,21.400000000000002,21.48512419145241,0.5148758085475897,0.0,231.69411384641538,494.32983531691985,3226.023949163335,3226.023949163335,3338.189604761286
30420.0,8.45,22.0,10.0,21.580456172241092,21.714187454833937,21.700000000000003,21.556749460968273,0.44325053903172673,0.0,199.46274256427702,494.92822354461265,3194.3909661088896,3194.3909661088896,3336.756662058975
30480.0,8.466666666666667,22.0,10.0,21.585755883669076,21.703257914173328,21.700000000000003,21.604499640645518,0.39550035935448236,0.0,177.97516170951707,495.4621490297413,3173.4373107392585,3173.4373107392585,3335.0631403871325
30540.0,8.483333333333333,22.0,10.0,21.591019373702714,21.64295345591234,21.6,21.602999760430343,0.3970002395696568,0.0,178.65010780634555,495.9980993531603,3174.648207159506,3174.648207159506,3333.211953177885
30600.0,8.5,22.0,10.0,21.59624485901974,21.33472907768836,21.3,21.501999840286896,0.4980001597131043,0.0,224.10007187089693,496.67039956877295,3220.77047143967,3220.77047143967,3331.7729418230565
30660.0,8.516666666666667,22.0,10.0,21.601437399744558,21.479016124146995,21.5,21.50133322685793,0.49866677314206953,0.0,224.4000479139313,497.3435997125148,3221.743647626446,3221.743647626446,3330.3666291469854
30720.0,8.533333333333333,22.0,10.0,21.606597487095087,21.9412204811019,21.900000000000002,21.63422215123862,0.365777848761379,0.0,164.60003194262055,497.8373998083426,3162.4374317509632,3162.4374317509632,3328.7433151196333
30780.0,8.55,22.0,10.0,21.611722614415235,21.35357173453871,21.400000000000002,21.556148100825748,0.44385189917425194,0.0,199.73335462841337,498.4365998722278,3198.1699545006413,3198.1699545006413,3326.739763062149
30840.0,8.566666666666666,22.0,10.0,21.616808323728737,21.450477331655048,21.5,21.537432067217168,0.46256793278283226,0.0,208.15556975227452,499.0610665814846,3207.216636333759,3207.216636333759,3324.751824696342
30900.0,8.583333333333334,22.0,10.0,21.621854920653906,21.58940561609783,21.6,21.558288044811448,0.441711955188552,0.0,198.7703798348484,499.65737772098913,3198.4277575558376,3198.4277575558376,3321.5351660748884
30960.0,8.6,22.0,10.0,21.626847777884844,21.788645792292318,21.8,21.638858696540964,0.3611413034590356,0.0,162.51358655656603,500.1449184806588,3162.658505037225,3162.658505037225,3319.0353833892973
31020.0,8.616666666666667,22.0,10.0,21.631795659151862,21.682123497272837,21.700000000000003,21.65923913102731,0.34076086897269064,0.0,153.3423910377108,500.604945653772,3153.947336691483,3153.947336691483,3316.2716903876917
31080.0,8.633333333333333,22.0,10.0,21.636695532459058,21.785104364318126,21.8,21.706159420684873,0.29384057931512686,0.0,132.2282606918071,501.0016304358474,3133.2298911276544,3133.2298911276544,3313.352593362263
31140.0,8.65,22.0,10.0,21.641545676982027,21.428086830387628,21.400000000000002,21.604106280456584,0.395893719543416,0.0,178.1521737945372,501.53608695723096,3179.688260751768,3179.688260751768,3311.1023375713585
31200.0,8.666666666666666,22.0,10.0,21.646354268001936,21.835309586785137,21.8,21.669404186971057,0.3305958130289426,0.0,148.76811586302415,501.98239130482006,3150.750507167844,3150.750507167844,3309.5582957885913
31260.0,8.683333333333334,22.0,10.0,21.651129904747393,21.764935668063156,21.8,21.71293612464737,0.28706387535262934,0.0,129.1787439086832,502.36992753654613,3131.5486714452295,3131.5486714452295,3308.741794532174
31320.0,8.7,22.0,10.0,21.655881416567535,21.33696850554281,21.3,21.575290749764914,0.424709250235086,0.0,191.1191626057887,502.94328502436355,3194.0624476301523,3194.0624476301523,3307.6605226277884
31380.0,8.716666666666667,22.0,10.0,21.660605698589364,21.968588940170818,22.0,21.71686049984328,0.2831395001567216,0.0,127.41277507052473,503.3255233495751,3130.7382984201,3130.7382984201,3305.9139359203145
31440.0,8.733333333333333,22.0,10.0,21.66529484872464,22.12377442075969,22.1,21.844573666562187,0.15542633343781276,0.0,69.94185004701575,503.53534889971615,3073.4771989467317,3073.4771989467317,3303.993901656969
31500.0,8.75,22.0,10.0,21.669946890998347,21.516231419569007,21.5,21.729715777708126,0.270284222291874,0.0,121.6279000313433,503.90023259981024,3125.5281326311538,3125.5281326311538,3302.2245797417922
31560.0,8.766666666666667,22.0,10.0,21.674563745282253,21.685694308605594,21.700000000000003,21.719810518472084,0.28018948152791623,0.0,126.0852666875623,504.2784883998729,3130.363755087435,3130.363755087435,3300.8183877099445
31620.0,8.783333333333333,22.0,10.0,21.679149874698926,21.958634391320434,22.0,21.81320701231472,0.18679298768527985,0.0,84.05684445837593,504.53065893324805,3088.587503391624,3088.587503391624,3299.161059668456
31680.0,8.8,22.0,10.0,21.68370235779085,21.387454311905408,21.400000000000002,21.675471341543147,0.3245286584568525,0.0,146.03789630558364,504.9687726221648,3151.0066689277483,3151.0066689277483,3298.605055398655
31740.0,8.816666666666666,22.0,10.0,21.688234511382262,21.290262447568313,21.3,21.55031422769543,0.4496857723045693,0.0,202.3585975370562,505.57584841477603,3207.934445951832,3207.934445951832,3297.52711895846
31800.0,8.833333333333334,22.0,10.0,21.692740133275617,21.433351308835633,21.400000000000002,21.500209485130288,0.49979051486971215,0.0,224.90573169137048,506.2505656098501,3231.1562973012205,3231.1562973012205,3296.3667655201184
31860.0,8.85,22.0,10.0,21.69721831406203,21.583804956790818,21.6,21.533472990086857,0.46652700991314333,0.0,209.93715446091448,506.88037707323286,3216.8175315341473,3216.8175315341473,3295.6640795687604
31920.0,8.866666666666667,22.0,10.0,21.70167462807467,21.585986185677694,21.6,21.555648660057905,0.4443513399420951,0.0,199.9581029739428,507.48025138215473,3207.4383543560975,3207.4383543560975,3293.5153238919324
31980.0,8.883333333333333,22.0,10.0,21.70609178807715,21.827561222845667,21.8,21.63709910670527,0.36290089329472863,0.0,163.30540198262787,507.97016758810264,3171.27556957073,3171.27556957073,3292.1857767043903
32040.0,8.9,22.0,10.0,21.71047974203337,21.764187016425982,21.8,21.691399404470182,0.30860059552981767,0.0,138.87026798841794,508.3867783920678,3147.257046380486,3147.257046380486,3291.4059025664214
32100.0,8.916666666666666,22.0,10.0,21.714845173638068,21.465629720704253,21.5,21.627599602980123,0.37240039701987726,0.0,167.58017865894476,508.88951892804465,3176.4696975869892,3176.4696975869892,3290.9959522839395
32160.0,8.933333333333334,22.0,10.0,21.719192589544562,21.832668583562334,21.8,21.68506640198675,0.31493359801325127,0.0,141.72011910596308,509.31467928536256,3151.0347983913257,3151.0347983913257,3289.5822851416237
32220.0,8.95,22.0,10.0,21.723509999197628,22.098326267533867,22.1,21.8233776013245,0.17662239867550156,0.0,79.48007940397571,509.5531195235745,3089.03319892755,3089.03319892755,3288.5229795419855
32280.0,8.966666666666667,22.0,10.0,21.72780174495454,21.967212600768597,22.0,21.882251734216332,0.1177482657836677,0.0,52.98671960265047,509.71207968238247,3062.6987992850327,3062.6987992850327,3286.9541126514337
32340.0,8.983333333333333,22.0,10.0,21.732061789071494,21.930283278608204,21.900000000000002,21.88816782281089,0.11183217718911109,0.0,50.32447973509999,509.86305312158777,3060.1875328566875,3060.1875328566875,3285.0621659528974
32400.0,9.0,22.0,10.0,21.736286349695714,21.740321935399987,21.700000000000003,21.82544521520726,0.17455478479273978,0.0,78.5496531567329,510.0987020810579,3088.648355237791,3088.648355237791,3283.221933306341
32460.0,9.016666666666667,22.0,10.0,21.740476153846302,21.937202432775212,21.900000000000002,21.850296810138175,0.14970318986182463,0.0,67.36643543782108,510.3008013873714,3077.6672368251925,3077.6672368251925,3282.181075608563
32520.0,9.033333333333333,22.0,10.0,21.744640898292065,21.55141433429815,21.6,21.766864540092115,0.23313545990788498,0.0,104.91095695854824,510.615534258247,3115.526491216795,3115.526491216795,3281.1737851421944
32580.0,9.05,22.0,10.0,21.748781061018896,21.898983988419506,21.900000000000002,21.81124302672808,0.18875697327192142,0.0,84.94063797236464,510.8703561721641,3095.8109941445286,3095.8109941445286,3279.194845919007
32640.0,9.066666666666666,22.0,10.0,21.752885055986866,21.735435372090638,21.700000000000003,21.77416201781872,0.22583798218127882,0.0,101.62709198157546,511.1752374481089,3112.8023294296845,3112.8023294296845,3277.8444310620343
32700.0,9.083333333333334,22.0,10.0,21.75696053399165,21.983141673567538,22.0,21.849441345212483,0.15055865478751684,0.0,67.75139465438258,511.37849163207204,3079.1298862864546,3079.1298862864546,3276.6673011498965
32760.0,9.1,22.0,10.0,21.761009660003474,21.85421177025505,21.900000000000002,21.866294230141655,0.13370576985834504,0.0,60.167596436255266,511.5589944213808,3071.726590857636,3071.726590857636,3275.3633087566623
32820.0,9.116666666666667,22.0,10.0,21.765030990728544,21.547055033586073,21.5,21.744196153427772,0.25580384657222766,0.0,115.11173095750244,511.9043296142533,3127.0160605717556,3127.0160605717556,3273.484895361338
32880.0,9.133333333333333,22.0,10.0,21.769017716500695,21.794616307195398,21.8,21.762797435618516,0.23720256438148368,0.0,106.74115397166766,512.2245530761684,3118.965707047836,3118.965707047836,3271.492602716841
32940.0,9.15,22.0,10.0,21.772968574583796,22.016612868546154,22.0,21.84186495707901,0.15813504292098912,0.0,71.1607693144451,512.4380353841117,3083.5988046985567,3083.5988046985567,3269.1882241903545
33000.0,9.166666666666666,22.0,10.0,21.77687992755033,21.55103315053697,21.6,21.761243304719343,0.23875669528065657,0.0,107.44051287629546,512.7603569227406,3120.200869799036,3120.200869799036,3267.6965581330446
33060.0,9.183333333333334,22.0,10.0,21.780761646465276,21.66893367082834,21.700000000000003,21.740828869812898,0.25917113018710225,0.0,116.627008584196,513.1102379484931,3129.7372465326894,3129.7372465326894,3265.7474572836245
33120.0,9.2,22.0,10.0,21.784608331013285,21.630873729335736,21.6,21.693885913208597,0.3061140867914034,0.0,137.75133905613154,513.5234919656615,3151.274831021793,3151.274831021793,3263.5108108529844
33180.0,9.216666666666667,22.0,10.0,21.78841663575048,21.489287447661326,21.5,21.629257275472398,0.37074272452760226,0.0,166.83422603742102,514.0239946437738,3180.858220681195,3180.858220681195,3262.3533381326038
33240.0,9.233333333333333,22.0,10.0,21.79219962590082,21.98445328095476,22.0,21.752838183648265,0.24716181635173484,0.0,111.22281735828068,514.3576630958487,3125.5804804541294,3125.5804804541294,3260.1597541373953
33300.0,9.25,22.0,10.0,21.79594494407277,22.058144404669974,22.1,21.868558789098845,0.1314412109011549,0.0,59.14854490551971,514.5351087305653,3073.683653636085,3073.683653636085,3257.048378217551
33360.0,9.266666666666667,22.0,10.0,21.79964168977916,21.959650331190566,22.0,21.912372526065894,0.08762747393410564,0.0,39.43236327034754,514.6534058203763,3054.085769090724,3054.085769090724,3254.8563741244443
33420.0,9.283333333333333,22.0,10.0,21.803301041199315,21.85181510428677,21.900000000000002,21.908248350710597,0.09175164928940305,0.0,41.28824218023137,514.7772705469171,3056.0655127271484,3056.0655127271484,3252.781497140494
33480.0,9.3,22.0,10.0,21.806924516041402,21.79651823917851,21.8,21.8721655671404,0.1278344328596006,0.0,57.525494786820275,514.9498470312775,3072.4753418180976,3072.4753418180976,3250.044930578013
33540.0,9.316666666666666,22.0,10.0,21.810504281660215,21.858380341765145,21.900000000000002,21.881443711426932,0.11855628857306755,0.0,53.350329857880396,515.1098980208511,3068.4602278787315,3068.4602278787315,3248.394292883842
33600.0,9.333333333333334,22.0,10.0,21.81405350032984,21.667742316911625,21.700000000000003,21.820962474284624,0.17903752571537623,0.0,80.5668865719193,515.3515986805669,3095.9184852524863,3095.9184852524863,3247.7199621016416
33660.0,9.35,22.0,10.0,21.81758397937407,21.996353099464404,22.0,21.880641649523085,0.11935835047691512,0.0,53.711257714611804,515.5127324537108,3069.2239901683224,3069.2239901683224,3247.4439010216347
33720.0,9.366666666666667,22.0,10.0,21.821100554248208,22.030199019055885,22.0,21.920427766348723,0.07957223365127675,0.0,35.807505143074536,515.62015496914,3051.4276601122147,3051.4276601122147,3246.9334615301764
33780.0,9.383333333333333,22.0,10.0,21.824600454123825,22.011109160924608,22.0,21.94695184423248,0.0530481557675202,0.0,23.87167009538409,515.6917699794261,3039.5634400748104,3039.5634400748104,3246.2752097439416
33840.0,9.4,22.0,10.0,21.828081955278382,21.721892311734624,21.700000000000003,21.864634562821653,0.13536543717834704,0.0,60.91444673025617,515.8745133196169,3076.788960049873,3076.788960049873,3245.0252157410546
33900.0,9.416666666666666,22.0,10.0,21.831538012001438,21.8472188803908,21.8,21.84308970854777,0.15691029145223112,0.0,70.60963115350401,516.0863422130774,3086.6959733665813,3086.6959733665813,3243.395746251712
33960.0,9.433333333333334,22.0,10.0,21.834964146920456,21.801807983124586,21.8,21.82872647236518,0.1712735276348205,0.0,77.07308743566924,516.3175614753844,3093.3906489110536,3093.3906489110536,3242.2803121073
34020.0,9.45,22.0,10.0,21.83836661822498,22.196081575818447,22.200000000000003,21.952484314910123,0.047515685089877024,0.0,21.38205829044466,516.3817076502557,3037.7637659407,3037.7637659407,3240.759553545367
34080.0,9.466666666666667,22.0,10.0,21.84174063301285,21.877679873397362,21.900000000000002,21.934989543273417,0.06501045672658279,0.0,29.254705526962255,516.4694717668367,3045.724177293799,3045.724177293799,3238.2307809684035
34140.0,9.483333333333333,22.0,10.0,21.845074180485433,21.468660001699355,21.5,21.789993028848947,0.21000697115105282,0.0,94.50313701797377,516.7529811778905,3111.256118195864,3111.256118195864,3235.3052479403473
34200.0,9.5,22.0,10.0,21.84836262091926,21.928063751085475,21.900000000000002,21.826662019232632,0.17333798076736784,0.0,78.00209134531553,516.9869874519266,3094.9890787972417,3094.9890787972417,3232.3866193556196
34260.0,9.516666666666667,22.0,10.0,21.851606172488772,22.22805942230297,22.200000000000003,21.951108012821756,0.04889198717824428,0.0,22.001394230209925,517.0529916346171,3039.054385864827,3039.054385864827,3229.9909816203226
34320.0,9.533333333333333,22.0,10.0,21.85481124575075,21.991846388995263,22.0,21.967405341881168,0.03259465811883189,0.0,14.66759615347435,517.0969944230776,3031.764590576552,3031.764590576552,3227.4522525404036
34380.0,9.55,22.0,10.0,21.857976239043982,22.033872181053223,22.0,21.97827022792078,0.02172977207921889,0.0,9.7783974356485,517.1263296153845,3026.9047270510328,3026.9047270510328,3225.58682318501
34440.0,9.566666666666666,22.0,10.0,21.86110935220507,21.86832160557485,21.900000000000002,21.95218015194719,0.0478198480528107,0.0,21.518931623764814,517.1908864102558,3038.7098180340204,3038.7098180340204,3223.423892701002
34500.0,9.583333333333334,22.0,10.0,21.864207110860868,21.469929213623832,21.5,21.801453434631462,0.1985465653685381,0.0,89.34595441584214,517.4589242735033,3106.8048786893455,3106.8048786893455,3221.580199979813
34560.0,9.6,22.0,10.0,21.867273451928043,21.505221901117455,21.5,21.700968956420976,0.2990310435790242,0.0,134.5639696105609,517.8626161823349,3152.426585792896,3152.426585792896,3219.2060280849237
34620.0,9.616666666666667,22.0,10.0,21.870302103909278,21.621112548962103,21.6,21.667312637613982,0.33268736238601804,0.0,149.70931307370813,518.3117441215561,3168.021057195264,3168.021057195264,3216.748037464469
34680.0,9.633333333333333,22.0,10.0,21.873292174047123,21.84792576663918,21.8,21.71154175840932,0.28845824159067845,0.0,129.8062087158053,518.7011627477035,3148.507371463509,3148.507371463509,3215.252504516257
34740.0,9.65,22.0,10.0,21.876255327579177,21.93825502687744,21.900000000000002,21.774361172272883,0.22563882772711708,0.0,101.53747247720268,519.0057751651351,3120.543247642338,3120.543247642338,3213.64772455845
34800.0,9.666666666666666,22.0,10.0,21.879190334291142,22.017073164719047,22.0,21.849574114848586,0.15042588515141375,0.0,67.69164831813619,519.2088501100895,3086.9004984282255,3086.9004984282255,3211.4802425607854
34860.0,9.683333333333334,22.0,10.0,21.882090526198997,21.813998917646053,21.8,21.833049409899058,0.16695059010094226,0.0,75.12776554542401,519.4342334067259,3094.56199895215,3094.56199895215,3209.958919681423
34920.0,9.7,22.0,10.0,21.88496376165658,22.076349613338795,22.1,21.922032939932706,0.07796706006729437,0.0,35.085177030282466,519.5394889378167,3054.624665968099,3054.624665968099,3208.6218917956107
34980.0,9.716666666666667,22.0,10.0,21.887812333073157,21.831862581397232,21.8,21.881355293288472,0.11864470671152816,0.0,53.39011802018767,519.6996592918773,3073.089777312065,3073.089777312065,3207.6661074493804
35040.0,9.733333333333333,22.0,10.0,21.89064088936333,21.74974298629392,21.700000000000003,21.82090352885898,0.179096471141019,0.0,80.59341201345856,519.9414395279176,3100.534851541376,3100.534851541376,3207.219309336577
35100.0,9.75,22.0,10.0,21.89345559840728,22.063783941496258,22.1,21.913935685905987,0.08606431409401338,0.0,38.72894134230602,520.0576263519446,3058.7865676942506,3058.7865676942506,3205.8586621885365
35160.0,9.766666666666667,22.0,10.0,21.896245535558318,21.713356538937482,21.700000000000003,21.84262379060399,0.15737620939600916,0.0,70.81929422820411,520.2700842346292,3091.0893784628333,3091.0893784628333,3203.655745379329
35220.0,9.783333333333333,22.0,10.0,21.899000667896196,21.353183681731977,21.400000000000002,21.695082527069328,0.30491747293067206,0.0,137.21286281880242,520.6817228230856,3157.894585641888,3157.894585641888,3201.1629124411857
35280.0,9.8,22.0,10.0,21.9017176208418,21.689726269052223,21.700000000000003,21.696721684712887,0.3032783152871126,0.0,136.47524187920067,521.0911485487231,3157.5663904279236,3157.5663904279236,3198.744622445952
35340.0,9.816666666666666,22.0,10.0,21.904397403448627,21.923229312549207,21.900000000000002,21.764481123141927,0.23551887685807316,0.0,105.98349458613292,521.4090990324815,3127.3925936186147,3127.3925936186147,3196.6401344354877
35400.0,9.833333333333334,22.0,10.0,21.907043892851508,21.291008341041575,21.3,21.609654082094618,0.39034591790538187,0.0,175.65566305742183,521.9360660216538,3197.591729079076,3197.591729079076,3194.5038026595416
35460.0,9.85,22.0,10.0,21.90965680680487,21.838229197569152,21.8,21.67310272139641,0.32689727860358886,0.0,147.10377537161497,522.3773773477686,3169.4811527193838,3169.4811527193838,3192.860714036091
35520.0,9.866666666666667,22.0,10.0,21.912242164952886,21.845824093200285,21.8,21.715401814264276,0.2845981857357245,0.0,128.069183581076,522.761584898512,3150.8307684795877,3150.8307684795877,3190.800101971628
35580.0,9.883333333333333,22.0,10.0,21.914795039681685,21.62950384588783,21.6,21.67693454284285,0.3230654571571492,0.0,145.37945572071715,523.1977232656741,3168.577178986391,3168.577178986391,3188.477227940638
35640.0,9.9,22.0,10.0,21.91731238129793,21.620811688378367,21.6,21.65128969522857,0.34871030477142995,0.0,156.91963714714348,523.6684821771156,3180.588119324259,3180.588119324259,3185.9953314762074
35700.0,9.916666666666666,22.0,10.0,21.91979238813175,21.827299998511894,21.8,21.700859796819046,0.29914020318095424,0.0,134.6130914314294,524.0723214514098,3158.685412882839,3158.685412882839,3184.1752252857686
35760.0,9.933333333333334,22.0,10.0,21.922243113670785,21.812823079743822,21.8,21.733906531212696,0.2660934687873038,0.0,119.7420609542867,524.4315476342726,3144.1736085885595,3144.1736085885595,3182.5505710871157
35820.0,9.95,22.0,10.0,21.924666991182818,22.176650693061145,22.200000000000003,21.889271020808465,0.1107289791915349,0.0,49.82804063619071,524.5810317561812,3074.409072392372,3074.409072392372,3181.0645723841812
35880.0,9.966666666666667,22.0,10.0,21.92706576507788,22.00203837410444,22.0,21.926180680538977,0.07381931946102327,0.0,33.21869375746047,524.6806878374537,3057.8993815949143,3057.8993815949143,3178.6762256101233
35940.0,9.983333333333333,22.0,10.0,21.92942868248997,21.613257593388855,21.6,21.817453787025983,0.1825462129740174,0.0,82.14579583830783,524.9271252249686,3107.0729210632767,3107.0729210632767,3176.4603581381843
36000.0,10.0,22.0,10.0,21.931757920740157,21.76082762677281,21.8,21.811635858017322,0.18836414198267803,0.0,84.76386389220511,525.1814168166452,3109.9452807088505,3109.9452807088505,3175.373620805812
36060.0,10.016666666666667,22.0,10.0,21.934067130427607,22.075095435852013,22.1,21.907757238678215,0.09224276132178488,0.0,41.5092425948032,525.3059445444296,3066.815187139233,3066.815187139233,3174.033878439003
36120.0,10.033333333333333,22.0,10.0,21.936353335577593,22.315548689369173,22.3,22.038504825785477,-0.03850482578547698,0.0,-17.32717160346464,525.2539630296193,3007.9267914261545,3007.9267914261545,3171.7842202294332
36180.0,10.05,22.0,10.0,21.938605686213613,22.015905584962457,22.0,22.025669883856985,-0.025669883856984654,0.0,-11.551447735643094,525.2193086864123,3013.667860950769,3013.667860950769,3169.4505597352186
36240.0,10.066666666666666,22.0,10.0,21.940823275871796,22.002965784803692,22.0,22.017113255904654,-0.017113255904654068,0.0,-7.7009651570943305,525.196205790941,3017.4952406338466,3017.4952406338466,3167.0747958571487
36300.0,10.083333333333334,22.0,10.0,21.943005703594466,22.315156196428866,22.3,22.11140883726977,-0.1114088372697708,0.0,-50.13397677139686,525.0458038606268,2974.9118270892304,2974.9118270892304,3164.9353795600964
36360.0,10.1,22.0,10.0,21.945155911038402,21.940621622234598,21.900000000000002,22.040939224846515,-0.04093922484651458,0.0,-18.42265118093156,524.9905359070841,3006.5678847261524,3006.5678847261524,3163.9665378789173
36420.0,10.116666666666667,22.0,10.0,21.947288041759833,21.885467850092887,21.900000000000002,21.99395948323101,0.006040516768990756,0.0,2.71823254604584,524.9986906047222,3027.716923150768,3027.716923150768,3163.7742053441502
36480.0,10.133333333333333,22.0,10.0,21.949411468098685,21.66676171164035,21.700000000000003,21.895972988820674,0.10402701117932622,0.0,46.8121550306968,525.1391270698143,3071.951282100511,3071.951282100511,3163.8449862083353
36540.0,10.15,22.0,10.0,21.95152937352889,21.848926157083348,21.8,21.863981992547117,0.13601800745288273,0.0,61.20810335379723,525.3227513798757,3086.5308547336726,3086.5308547336726,3163.5893592959214
36600.0,10.166666666666666,22.0,10.0,21.95363785771985,22.389380406239482,22.400000000000002,22.04265466169808,-0.042654661698080076,0.0,-19.194597764136034,525.2651675865834,3006.0705698224474,3006.0705698224474,3162.871924101695
36660.0,10.183333333333334,22.0,10.0,21.955731407235913,21.67138312873817,21.700000000000003,21.928436441132053,0.07156355886794685,0.0,32.203601490576084,525.361778391055,3057.565379881631,3057.565379881631,3161.605733673804
36720.0,10.2,22.0,10.0,21.957803481818292,21.96004182318094,22.0,21.952290960754702,0.0477090392452979,0.0,21.469067660384056,525.4261855940362,3046.8952532544204,3046.8952532544204,3160.4883380951096
36780.0,10.216666666666667,22.0,10.0,21.959855931429978,21.678190445839515,21.700000000000003,21.86819397383647,0.131806026163531,0.0,59.312711773588944,525.604123729357,3084.916835502946,3084.916835502946,3158.7239435596593
36840.0,10.233333333333333,22.0,10.0,21.961881050958404,21.987576200568757,22.0,21.91212931589098,0.08787068410902066,0.0,39.541807849059296,525.722749152904,3065.264557001963,3065.264557001963,3157.2967074555327
36900.0,10.25,22.0,10.0,21.963882968294996,22.14141240898542,22.1,21.974752877260652,0.025247122739347816,0.0,11.361205232706517,525.7568327686022,3037.118038001309,3037.118038001309,3156.35067652363
36960.0,10.266666666666667,22.0,10.0,21.965867527508394,21.917137663545756,21.900000000000002,21.949835251507103,0.05016474849289665,0.0,22.574136821803492,525.8245551790676,3048.398692000871,3048.398692000871,3154.7246080431405
37020.0,10.283333333333333,22.0,10.0,21.967826620222386,22.113896074282284,22.1,21.999890167671403,0.00010983232859729242,0.0,0.04942454786878159,525.8247034527112,3025.87412800058,3025.87412800058,3153.6640208834688
37080.0,10.3,22.0,10.0,21.96976710861232,22.113935873714087,22.1,22.033260111780937,-0.033260111780936796,0.0,-14.967050301421558,525.779802301807,3010.8127520003854,3010.8127520003854,3153.734530296109
37140.0,10.316666666666666,22.0,10.0,21.971702621650035,22.06110758487142,22.1,22.05550674118729,-0.05550674118729049,0.0,-24.97803353428072,525.7048682012041,3000.7268346669234,3000.7268346669234,3153.798394631639
37200.0,10.333333333333334,22.0,10.0,21.973633094520665,22.316882694403855,22.3,22.13700449412486,-0.13700449412485938,0.0,-61.65202235618672,525.5199121341356,2963.867889777949,2963.867889777949,3153.3582979480884
37260.0,10.35,22.0,10.0,21.97555249481248,22.13132000561209,22.1,22.124669662749906,-0.12466966274990554,0.0,-56.10134823745749,525.351608089423,2969.250259851966,2969.250259851966,3154.0955218002714
37320.0,10.366666666666667,22.0,10.0,21.977474983589644,21.91648307036278,21.900000000000002,22.049779775166606,-0.04977977516660559,0.0,-22.400898824972515,525.2844053929482,3002.883506567976,3002.883506567976,3154.3519489822565
37380.0,10.383333333333333,22.0,10.0,21.979394782026663,21.84323007232824,21.8,21.96651985011107,0.033480149888930555,0.0,15.06606745001875,525.3296035952982,3040.3956710453167,3040.3956710453167,3154.2932626405454
37440.0,10.4,22.0,10.0,21.98130811683227,21.8122468473314,21.8,21.91101323340738,0.08898676659261895,0.0,40.04404496667853,525.4497357301983,3065.493780696877,3065.493780696877,3154.5313279129764
37500.0,10.416666666666666,22.0,10.0,21.983218568416728,22.07839205594373,22.1,21.97400882227159,0.025991177728410975,0.0,11.696029977784939,525.4848238201316,3037.1808537979164,3037.1808537979164,3154.965607769831
37560.0,10.433333333333334,22.0,10.0,21.985128500004716,21.920384137154684,21.900000000000002,21.949339214847726,0.05066078515227446,0.0,22.797353318523506,525.5532158800872,3048.350569198611,3048.350569198611,3155.0276045217142
37620.0,10.45,22.0,10.0,21.987033445758964,22.532866853559824,22.5,22.132892809898483,-0.1328928098984825,0.0,-59.80176445431713,525.3738105867243,2965.572046132407,2965.572046132407,3154.846704589495
37680.0,10.466666666666667,22.0,10.0,21.988930505876763,22.357420027000394,22.400000000000002,22.22192853993232,-0.2219285399323212,0.0,-99.86784296954454,525.0742070578157,2925.206364088271,2925.206364088271,3153.5060773862097
37740.0,10.483333333333333,22.0,10.0,21.990805787287766,21.9479009873865,21.900000000000002,22.114619026621547,-0.114619026621547,0.0,-51.57856197969615,524.9194713718766,2973.3409093921805,2973.3409093921805,3151.912632456355
37800.0,10.5,22.0,10.0,21.99265632151538,21.926830070682783,21.900000000000002,22.043079351081033,-0.043079351081033224,0.0,-19.38570798646495,524.8613142479172,3005.475606261452,3005.475606261452,3151.165303933137
37860.0,10.516666666666667,22.0,10.0,21.994492336198032,22.332527646861315,22.3,22.128719567387357,-0.1287195673873569,0.0,-57.92380532431061,524.6875428319443,2966.763737507634,2966.763737507634,3150.4783035460655
37920.0,10.533333333333333,22.0,10.0,21.99631459883199,21.619642642570994,21.6,21.95247971159157,0.04752028840842826,0.0,21.384129783792716,524.7516952212957,3046.135825005088,3046.135825005088,3149.083918272618
37980.0,10.55,22.0,10.0,21.998114662054764,21.907804450193744,21.900000000000002,21.934986474394382,0.06501352560561813,0.0,29.256086522528157,524.8394634808633,3054.0955500033915,3054.0955500033915,3146.731299491844
38040.0,10.566666666666666,22.0,10.0,21.999881093662502,22.190032483861575,22.200000000000003,22.023324316262922,-0.023324316262922196,0.0,-10.495942318314988,524.8079756539083,3014.3120333355932,3014.3120333355932,3144.513575516159
38100.0,10.583333333333334,22.0,10.0,22.001615613287708,21.819196099103916,21.8,21.948882877508616,0.05111712249138378,0.0,23.002705121122702,524.8769837692716,3047.8796888903944,3047.8796888903944,3142.3966032681205
38160.0,10.6,22.0,10.0,22.00331952568706,21.907953531068365,21.900000000000002,21.932588585005746,0.06741141499425396,0.0,30.335136747414282,524.9679891795139,3055.3031259269283,3055.3031259269283,3139.6051903318057
38220.0,10.616666666666667,22.0,10.0,22.004984829393983,21.934756596175045,21.900000000000002,21.921725723337165,0.07827427666283526,0.0,35.22342449827587,525.0736594530088,3060.2970839512845,3060.2970839512845,3137.3879019050446
38280.0,10.633333333333333,22.0,10.0,22.006618529728662,22.138780229029976,22.1,21.981150482224777,0.018849517775223035,0.0,8.482282998850366,525.0991063020052,3033.5813893008553,3033.5813893008553,3135.56005225914
38340.0,10.65,22.0,10.0,22.008225394766587,22.035730771731213,22.0,21.98743365481652,0.012566345183479655,0.0,5.654855332565845,525.1160708680029,3030.770926200569,3030.770926200569,3134.4999060898294
38400.0,10.666666666666666,22.0,10.0,22.009814717455367,22.090232199512993,22.1,22.024955769877682,-0.024955769877681888,0.0,-11.23009644495685,525.0823805786681,3013.8522841337112,3013.8522841337112,3133.7004219005603
38460.0,10.683333333333334,22.0,10.0,22.011389678365806,22.130446423402475,22.1,22.04997051325179,-0.04997051325178958,0.0,-22.486730963305313,525.0149203857782,3002.5281894224727,3002.5281894224727,3131.573257699258
38520.0,10.7,22.0,10.0,22.012934388423098,22.018922034058523,22.0,22.03331367550119,-0.03331367550119069,0.0,-14.99115397553581,524.9699469238515,3009.9787929483155,3009.9787929483155,3130.3397930689644
38580.0,10.716666666666667,22.0,10.0,22.014459662774655,22.23657290242439,22.200000000000003,22.08887578366746,-0.0888757836674614,0.0,-39.99410265035763,524.8499646159005,2984.855861965543,2984.855861965543,3128.949050738722
38640.0,10.733333333333333,22.0,10.0,22.015963672395195,21.870171898174068,21.900000000000002,22.02591718911164,-0.025917189111641648,0.0,-11.662735100238741,524.8149764105997,3013.1522413103608,3013.1522413103608,3128.215180484792
38700.0,10.75,22.0,10.0,22.017454363543827,21.7302300644185,21.700000000000003,21.91727812607443,0.08272187392557129,0.0,37.22484326650708,524.9266509403992,3062.151494206906,3062.151494206906,3127.166003426745
38760.0,10.766666666666667,22.0,10.0,22.018927992494316,21.663553631531826,21.700000000000003,21.84485208404962,0.1551479159503799,0.0,69.81656217767096,525.1361006269323,3094.9526628046033,3094.9526628046033,3125.665204002988
38820.0,10.783333333333333,22.0,10.0,22.020379190964867,21.696177235172375,21.700000000000003,21.79656805603308,0.203431943966919,0.0,91.54437478511355,525.4107337512877,3116.9551085364014,3116.9551085364014,3124.3774288029526
38880.0,10.8,22.0,10.0,22.021810582537608,21.91170743662809,21.900000000000002,21.83104537068872,0.1689546293112798,0.0,76.02958319007591,525.6388225008579,3101.6684056909335,3101.6684056909335,3122.735707122913
38940.0,10.816666666666666,22.0,10.0,22.02321797927547,22.22922735792673,22.200000000000003,21.954030247125814,0.04596975287418559,0.0,20.686388793383514,525.700881667238,3046.387270460622,3046.387270460622,3120.8703245375377
39000.0,10.833333333333334,22.0,10.0,22.024598769232092,22.05943212070649,22.1,22.00268683141721,-0.002686831417211266,0.0,-1.2090741377450698,525.6972544448248,3024.48818030708,3024.48818030708,3118.867933039694
39060.0,10.85,22.0,10.0,22.025951388120873,21.9062420662138,21.900000000000002,21.968457887611475,0.03154211238852511,0.0,14.1939505748363,525.7398362965494,3039.9337868713856,3039.9337868713856,3116.2845989853317
39120.0,10.866666666666667,22.0,10.0,22.027268949144336,21.813297830541202,21.8,21.91230525840765,0.08769474159235102,0.0,39.46263371655796,525.858224197699,3065.3208579142565,3065.3208579142565,3113.8340266664422
39180.0,10.883333333333333,22.0,10.0,22.0285531506169,21.922776020350785,21.900000000000002,21.9082035056051,0.09179649439489879,0.0,41.308422477704454,525.9821494651321,3067.2905719428363,3067.2905719428363,3111.984851331468
39240.0,10.9,22.0,10.0,22.029811309381028,21.949078032301742,21.900000000000002,21.905469003736734,0.09453099626326633,0.0,42.53894831846985,526.1097663100876,3068.6487146285576,3068.6487146285576,3110.7916983266987
39300.0,10.916666666666666,22.0,10.0,22.031051375832806,21.91803149765297,21.900000000000002,21.903646002491158,0.09635399750884233,0.0,43.35929887897905,526.2398442067245,3069.599143085704,3069.599143085704,3110.036733032868
39360.0,10.933333333333334,22.0,10.0,22.032278662501703,21.745769798353155,21.700000000000003,21.835764001660774,0.16423599833922609,0.0,73.90619925265173,526.4615628044825,3100.3677620571343,3100.3677620571343,3108.822468378952
39420.0,10.95,22.0,10.0,22.033487696134745,21.93832613191029,21.900000000000002,21.857176001107185,0.1428239988928155,0.0,64.27079950176697,526.6543752029878,3090.9251747047547,3090.9251747047547,3107.814603392613
39480.0,10.966666666666667,22.0,10.0,22.034681008287052,22.23810823496287,22.200000000000003,21.971450667404792,0.0285493325952082,0.0,12.84719966784369,526.6929168019913,3039.540116469835,3039.540116469835,3105.443894104943
39540.0,10.983333333333333,22.0,10.0,22.03584229199145,21.600920503672356,21.6,21.84763377826986,0.1523662217301407,0.0,68.56479977856331,526.898611201327,3095.46341097989,3095.46341097989,3102.4399352713317
39600.0,11.0,22.0,10.0,22.03696404433873,21.988842309849858,22.0,21.898422518846573,0.10157748115342713,0.0,45.70986651904221,527.0357408008841,3072.7456073199264,3072.7456073199264,3100.2882848400127
39660.0,11.016666666666667,22.0,10.0,22.038056611623794,21.61378694065729,21.6,21.798948345897713,0.20105165410228665,0.0,90.47324434602899,527.3071605339222,3117.780404879951,3117.780404879951,3098.70807353037
39720.0,11.033333333333333,22.0,10.0,22.039126938671288,22.075736460786867,22.1,21.899298897265144,0.10070110273485611,0.0,45.31549623068525,527.4431070226143,3072.7586032532995,3072.7586032532995,3096.509001263324
39780.0,11.05,22.0,10.0,22.040167665870435,21.890669787688772,21.900000000000002,21.899532598176762,0.10046740182323788,0.0,45.210330820457045,527.5787380150757,3072.789068835533,3072.789068835533,3095.669448325687
39840.0,11.066666666666666,22.0,10.0,22.041195196252733,21.6240576626342,21.6,21.79968839878451,0.20031160121548908,0.0,90.14022054697008,527.8491586767166,3117.9893792236862,3117.9893792236862,3094.9765500203152
39900.0,11.083333333333334,22.0,10.0,22.04221132926422,22.062351767250906,22.1,21.89979226585634,0.10020773414365891,0.0,45.09348036464651,527.9844391178106,3073.077919482457,3073.077919482457,3093.6321414089034
39960.0,11.1,22.0,10.0,22.043208280973335,22.406689351683813,22.400000000000002,22.06652817723756,-0.06652817723756144,0.0,-29.937679756902646,527.8946260785398,2997.956946321637,2997.956946321637,3092.869600533595
40020.0,11.116666666666667,22.0,10.0,22.04419309133682,22.065971398007253,22.1,22.077685451491707,-0.07768545149170691,0.0,-34.95845317126811,527.7897507190261,2992.831297547758,2992.831297547758,3092.243492623484
40080.0,11.133333333333333,22.0,10.0,22.04516743397429,22.27752573073076,22.3,22.15179030099447,-0.15179030099447033,0.0,-68.30563544751165,527.5848338126834,2959.279198365172,2959.279198365172,3091.7110524789473
40140.0,11.15,22.0,10.0,22.04613246430211,22.03183158386833,22.0,22.101193533996316,-0.10119353399631592,0.0,-45.537090298342164,527.4482225417885,2981.9111322434464,2981.9111322434464,3090.7422247593126
40200.0,11.166666666666666,22.0,10.0,22.047082973606315,21.615564807973897,21.6,21.93412902266421,0.06587097733579128,0.0,29.641939801106076,527.5371483611918,3057.1790881622983,3057.1790881622983,3089.742703116667
40260.0,11.183333333333334,22.0,10.0,22.048018637122897,22.1461153352477,22.1,21.989419348442805,0.010580651557194898,0.0,4.761293200737704,527.551432240794,3032.3127254415317,3032.3127254415317,3088.4778628002846
40320.0,11.2,22.0,10.0,22.048936315565133,21.96528045420269,22.0,21.992946232295203,0.0070537677047965985,0.0,3.1741954671584693,527.5609548271955,3030.735150294354,3030.735150294354,3087.045368243988
40380.0,11.216666666666667,22.0,10.0,22.049834051037365,21.75741706550279,21.8,21.928630821530135,0.07136917846986535,0.0,32.116130311439406,527.6573032181299,3059.7734335295695,3059.7734335295695,3085.760925322393
40440.0,11.233333333333333,22.0,10.0,22.05071367998812,22.207681014772746,22.200000000000003,22.019087214353426,-0.019087214353426418,0.0,-8.589246459041888,527.6315354787528,3019.0422890197106,3019.0422890197106,3084.0791742664455
40500.0,11.25,22.0,10.0,22.051570489039353,22.108942002130117,22.1,22.046058142902286,-0.04605814290228594,0.0,-20.72616430602867,527.5693569858347,3006.8431926798057,3006.8431926798057,3082.8970587171775
40560.0,11.266666666666667,22.0,10.0,22.052410542276842,21.947328614133205,21.900000000000002,21.99737209526819,0.002627904731809849,0.0,1.1825571293144321,527.5729046572227,3028.755461786537,3028.755461786537,3082.551299308673
40620.0,11.283333333333333,22.0,10.0,22.053243926241716,22.226857811322134,22.200000000000003,22.064914730178796,-0.06491473017879557,0.0,-29.211628580458004,527.4852697714813,2998.273641191023,2998.273641191023,3082.757988700272
40680.0,11.3,22.0,10.0,22.054077290327395,21.87966289676879,21.900000000000002,22.009943153452532,-0.009943153452532272,0.0,-4.474419053639522,527.4718465143204,3022.997427460681,3022.997427460681,3083.3279406975407
40740.0,11.316666666666666,22.0,10.0,22.054914993744784,22.183601461492803,22.200000000000003,22.073295435635025,-0.07329543563502483,0.0,-32.982946035761174,527.3728976762131,2994.389951640452,2994.389951640452,3083.633615114097
40800.0,11.333333333333334,22.0,10.0,22.055753852144917,21.867661758296258,21.900000000000002,22.01553029042335,-0.015530290423349413,0.0,-6.988630690507236,527.3519317841416,3020.363301093634,3020.363301093634,3083.012842703206
40860.0,11.35,22.0,10.0,22.056582744700922,22.163373697042136,22.200000000000003,22.077020193615567,-0.07702019361556722,0.0,-34.65908712700525,527.2479545227606,2992.588867395755,2992.588867395755,3082.0374316632706
40920.0,11.366666666666667,22.0,10.0,22.057397445646778,21.837247856736912,21.8,21.984680129077045,0.015319870922954948,0.0,6.8939419153297266,527.2686363485066,3034.1625782638366,3034.1625782638366,3081.3357042500725
40980.0,11.383333333333333,22.0,10.0,22.058201281760837,22.35603892236506,22.400000000000002,22.123120086051365,-0.12312008605136526,0.0,-55.40403872311437,527.1024242323372,2971.698385509223,2971.698385509223,3081.0687901444753
41040.0,11.4,22.0,10.0,22.05899950339729,22.109861003400468,22.1,22.115413390700912,-0.11541339070091183,0.0,-51.936025815410325,526.946616154891,2975.0105903394806,2975.0105903394806,3080.839153174448
41100.0,11.416666666666666,22.0,10.0,22.05979257472519,22.346367597923813,22.3,22.176942260467275,-0.1769422604672748,0.0,-79.62401721027365,526.7077441032601,2947.0837268929868,2947.0837268929868,3080.635979198683
41160.0,11.433333333333334,22.0,10.0,22.060580828751398,21.89609163324743,21.900000000000002,22.08462817364485,-0.08462817364485176,0.0,-38.08267814018329,526.5934960688396,2988.5108179286563,2988.5108179286563,3080.452031930133
41220.0,11.45,22.0,10.0,22.061364510648307,21.9661440360548,22.0,22.0564187824299,-0.05641878242990117,0.0,-25.388452093455527,526.5173307125592,3001.1288786191035,3001.1288786191035,3080.7839607655833
41280.0,11.466666666666667,22.0,10.0,22.062149824645548,22.230082784348507,22.200000000000003,22.104279188286604,-0.1042791882866041,0.0,-46.92563472897184,526.3765538083724,2979.4509190794006,2979.4509190794006,3080.9529809979026
41340.0,11.483333333333333,22.0,10.0,22.062934810943585,21.51419138128172,21.5,21.90285279219107,0.0971472078089306,0.0,43.71624351401877,526.5077025389144,3070.2239460529336,3070.2239460529336,3080.2627665891014
41400.0,11.5,22.0,10.0,22.063709159709823,21.850350988780374,21.900000000000002,21.901901861460715,0.09809813853928517,0.0,44.14416234267833,526.6401350259424,3070.7842973686206,3070.7842973686206,3080.5161106622813
41460.0,11.516666666666667,22.0,10.0,22.06448422555864,22.271119616014975,22.3,22.03460124097381,-0.03460124097381012,0.0,-15.570558438214555,526.5934233506277,3011.0228649124133,3011.0228649124133,3080.3866022732423
41520.0,11.533333333333333,22.0,10.0,22.065255412109245,22.15827727688812,22.200000000000003,22.089734160649208,-0.0897341606492077,0.0,-40.38037229214346,526.4722822337513,2986.091909941608,2986.091909941608,3081.0098323166876
41580.0,11.55,22.0,10.0,22.066031763860718,22.261785632344278,22.3,22.159822773766138,-0.15982277376613752,0.0,-71.92024819476188,526.2565214891671,2954.336273294405,2954.336273294405,3080.872311832298
41640.0,11.566666666666666,22.0,10.0,22.066804136311124,22.00485195889418,22.0,22.10654851584409,-0.10654851584408931,0.0,-47.94683212984019,526.1126809927775,2978.1658488629373,2978.1658488629373,3080.737591115685
41700.0,11.583333333333334,22.0,10.0,22.067572574995577,22.180372451316202,22.200000000000003,22.137699010562727,-0.13769901056272715,0.0,-61.96455475322722,525.9267873285178,2963.9622325752907,2963.9622325752907,3081.3584542508183
41760.0,11.6,22.0,10.0,22.0683461587216,21.922177304678236,21.900000000000002,22.05846600704182,-0.05846600704181881,0.0,-26.309703168818466,525.8478582190113,2999.538155050193,2999.538155050193,3081.2204453380123
41820.0,11.616666666666667,22.0,10.0,22.06911576558949,21.794723692065013,21.8,21.972310671361214,0.027689328638786037,0.0,12.460197887453717,525.8852388126737,3038.3454367001277,3038.3454367001277,3079.832720354406
41880.0,11.633333333333333,22.0,10.0,22.069866410936974,21.73090741619365,21.700000000000003,21.881540447574142,0.1184595524258576,0.0,53.30679859163592,526.0451592084486,3079.3519578000846,3079.3519578000846,3078.3826966409615
41940.0,11.65,22.0,10.0,22.070597404063854,21.96025548985777,22.0,21.92102696504943,0.07897303495057173,0.0,35.53786572775728,526.1517728056319,3061.6896385333894,3061.6896385333894,3076.397638336365
42000.0,11.666666666666666,22.0,10.0,22.0713023835117,21.9615140990268,22.0,21.94735131003295,0.05264868996705019,0.0,23.691910485172585,526.2228485370874,3049.91475902226,3049.91475902226,3074.8228632348164
42060.0,11.683333333333334,22.0,10.0,22.071986350719982,21.946110871200638,21.900000000000002,21.931567540021966,0.06843245997803393,0.0,30.79460699011527,526.3152323580578,3057.1098393481734,3057.1098393481734,3074.528800316941
42120.0,11.7,22.0,10.0,22.072664737271626,21.36290374307204,21.400000000000002,21.754378360014645,0.24562163998535524,0.0,110.52973799340987,526.646821572038,3137.176559565448,3137.176559565448,3073.825199069018
42180.0,11.716666666666667,22.0,10.0,22.07333264544864,21.67361192544133,21.700000000000003,21.736252240009765,0.2637477599902347,0.0,118.68649199560562,527.0028810480248,3145.6893730436304,3145.6893730436304,3073.10703158944
42240.0,11.733333333333333,22.0,10.0,22.07398993189137,21.96746343405268,22.0,21.824168160006508,0.17583183999349217,0.0,79.12432799707148,527.240254032016,3106.364582029087,3106.364582029087,3072.884804955109
42300.0,11.75,22.0,10.0,22.074642579755157,22.132045905274666,22.1,21.916112106671005,0.08388789332899549,0.0,37.74955199804797,527.3535026880102,3065.1030546860584,3065.1030546860584,3071.9874296895186
42360.0,11.766666666666667,22.0,10.0,22.075282501172165,21.959523976162757,22.0,21.944074737780667,0.055925262219332694,0.0,25.166367998699712,527.4290017920063,3052.5953697907057,3052.5953697907057,3070.9016924060234
42420.0,11.783333333333333,22.0,10.0,22.07590747397752,21.900528033907378,21.900000000000002,21.929383158520444,0.0706168414795556,0.0,31.77757866580002,527.5243345280037,3059.3019131938036,3059.3019131938036,3070.199255229032
42480.0,11.8,22.0,10.0,22.076522142618334,21.614827475988008,21.6,21.81958877234696,0.18041122765303896,0.0,81.18505244386753,527.7678896853353,3108.9529421292027,3108.9529421292027,3069.0004949950653
42540.0,11.816666666666666,22.0,10.0,22.07712058213042,22.481420389925606,22.5,22.046392514897974,-0.046392514897974024,0.0,-20.87663170408831,527.7052597902231,3006.828628086135,3006.828628086135,3068.2337772028254
42600.0,11.833333333333334,22.0,10.0,22.07770802571046,21.857485769817075,21.900000000000002,21.997595009931985,0.0024049900680154224,0.0,1.08224553060694,527.7085065268149,3028.7907520574217,3028.7907520574217,3067.003046776786
42660.0,11.85,22.0,10.0,22.07827893819465,22.41495826573447,22.400000000000002,22.131730006621325,-0.13173000662132495,0.0,-59.278502979596226,527.5306710178761,2968.2521680382797,2968.2521680382797,3066.2257176820667
42720.0,11.866666666666667,22.0,10.0,22.078838809992252,22.39097599339096,22.400000000000002,22.221153337747552,-0.22115333774755186,0.0,-99.51900198639834,527.2321140119169,2927.7131120255185,2927.7131120255185,3064.9984368439614
42780.0,11.883333333333333,22.0,10.0,22.079382274804402,22.134168087984587,22.1,22.1807688918317,-0.18076889183170053,0.0,-81.34600132426525,526.9880760079441,2945.642074683679,2945.642074683679,3064.484505867626
42840.0,11.9,22.0,10.0,22.0799179420504,21.965396061037865,22.0,22.12051259455447,-0.12051259455446939,0.0,-54.230667549511224,526.8253840052956,2972.5947164557847,2972.5947164557847,3062.9380705283193
42900.0,11.916666666666666,22.0,10.0,22.08043344507059,22.106876551307042,22.1,22.113675063036315,-0.11367506303631458,0.0,-51.15377836634156,526.6719226701965,2975.518144303855,2975.518144303855,3061.472612525172
42960.0,11.933333333333334,22.0,10.0,22.08092981608568,21.85032142127781,21.900000000000002,22.04245004202421,-0.04245004202421043,0.0,-19.102518910894695,526.6146151134639,3007.5120962025694,3007.5120962025694,3059.5661310979685
43020.0,11.95,22.0,10.0,22.081401820210598,22.133547845550197,22.1,22.061633361349475,-0.06163336134947528,0.0,-27.735012607263876,526.531410075642,2998.796397468378,2998.796397468378,3058.38187587848
43080.0,11.966666666666667,22.0,10.0,22.08185819726051,22.082448626830427,22.1,22.07442224089965,-0.07442224089965066,0.0,-33.4900084048428,526.4309400504276,2992.940931645585,2992.940931645585,3057.4276592574906
43140.0,11.983333333333333,22.0,10.0,22.082301754579817,22.18869540816947,22.200000000000003,22.1162814939331,-0.11628149393310139,0.0,-52.326672269895624,526.2739600336179,2973.9472877637227,2973.9472877637227,3056.1280469211893
43200.0,12.0,22.0,10.0,22.082728385879133,22.27281575560789,22.3,22.1775209959554,-0.17752099595540116,0.0,-79.88444817993053,526.0343066890781,2946.1498585091476,2946.1498585091476,3056.362978573385
43260.0,12.016666666666667,22.0,10.0,22.083156556464377,22.429724253946947,22.400000000000002,22.25168066397027,-0.25168066397026934,0.0,-113.2562987866212,525.6945377927183,2912.438239006097,2912.438239006097,3056.603333886639
43320.0,12.033333333333333,22.0,10.0,22.083586326801623,22.00592315989829,22.0,22.167787109313515,-0.16778710931351526,0.0,-75.50419919108187,525.468025195145,2949.963826004063,2949.963826004063,3055.8436594037353
43380.0,12.05,22.0,10.0,22.084005691734063,22.292683375285918,22.3,22.21185807287568,-0.21185807287567826,0.0,-95.33613279405522,525.1820167967628,2929.845884002708,2929.845884002708,3054.6811302460333
43440.0,12.066666666666666,22.0,10.0,22.084409848221814,21.926075932096033,21.900000000000002,22.10790538191712,-0.10790538191712074,0.0,-48.55742186270433,525.0363445311748,2976.4789226684707,2976.4789226684707,3053.0087159635063
43500.0,12.083333333333334,22.0,10.0,22.08479272326871,21.905879733764458,21.900000000000002,22.03860358794475,-0.03860358794474905,0.0,-17.371614575137073,524.9842296874493,3007.6126151123126,3007.6126151123126,3051.7613348451637
43560.0,12.1,22.0,10.0,22.085159481117046,21.961548194053172,22.0,22.0257357252965,-0.025735725296499368,0.0,-11.581076383424715,524.9494864582991,3013.368410074874,3013.368410074874,3050.2980164739993
43620.0,12.116666666666667,22.0,10.0,22.085507578871383,21.88911444771345,21.900000000000002,21.983823816864334,0.016176183135666378,0.0,7.27928241104987,524.9713243055322,3032.250606716582,3032.250606716582,3049.4520187836024
43680.0,12.133333333333333,22.0,10.0,22.085844480360173,22.281897344027104,22.3,22.089215877909556,-0.08921587790955599,0.0,-40.14714505930019,524.8508828703543,2984.703737811054,2984.703737811054,3049.266909082211
43740.0,12.15,22.0,10.0,22.08617814982808,22.270826377520425,22.3,22.159477251939705,-0.1594772519397054,0.0,-71.76476337286744,524.6355885802357,2952.8708252073684,2952.8708252073684,3049.768326560842
43800.0,12.166666666666666,22.0,10.0,22.086516835297324,22.3409791847052,22.3,22.206318167959804,-0.20631816795980384,0.0,-92.84317558191174,524.3570590534899,2931.513883471578,2931.513883471578,3049.9670150937177
43860.0,12.183333333333334,22.0,10.0,22.086856888972555,22.08179682311973,22.1,22.17087877863987,-0.1708787786398709,0.0,-76.8954503879419,524.1263727023262,2947.2309223143843,2947.2309223143843,3049.9661441591934
43920.0,12.2,22.0,10.0,22.087195912035547,22.142072231253003,22.1,22.147252519093247,-0.14725251909324655,0.0,-66.26363359196094,523.9275818015503,2957.6639482095893,2957.6639482095893,3050.0852057456764
43980.0,12.216666666666667,22.0,10.0,22.087535346768387,21.971849947048373,22.0,22.098168346062167,-0.09816834606216673,0.0,-44.17575572797503,523.7950545343664,2979.6192988063913,2979.6192988063913,3051.536728309339
44040.0,12.233333333333333,22.0,10.0,22.087891181467793,21.857698931897843,21.900000000000002,22.032112230708112,-0.032112230708111866,0.0,-14.45050381865034,523.7517030229104,3009.3011992042602,3009.3011992042602,3053.105939054911
44100.0,12.25,22.0,10.0,22.08826477919205,22.17766840929836,22.200000000000003,22.088074820472077,-0.08807482047207671,0.0,-39.63366921243452,523.6328020152731,2983.9991328028386,2983.9991328028386,3053.9935831044804
44160.0,12.266666666666667,22.0,10.0,22.088647907851726,22.142322530115035,22.1,22.09204988031472,-0.09204988031471828,0.0,-41.422446141623226,523.5085346768483,2982.086088535225,2982.086088535225,3054.1787409641734
44220.0,12.283333333333333,22.0,10.0,22.08903210901974,21.867629456008196,21.900000000000002,22.028033253543146,-0.02803325354314623,0.0,-12.614964094415804,523.470689784565,3010.855725690149,3010.855725690149,3054.1523514446158
44280.0,12.3,22.0,10.0,22.089414840910017,22.20648133423934,22.200000000000003,22.0853555023621,-0.08535550236209843,0.0,-38.409976062944295,523.3554598563762,2984.945483793432,2984.945483793432,3054.2381774737687
44340.0,12.316666666666666,22.0,10.0,22.089797454516972,21.741451985997028,21.700000000000003,21.9569036682414,0.04309633175860128,0.0,19.393349291370576,523.4136399042503,3042.806989195621,3042.806989195621,3055.150090218026
44400.0,12.333333333333334,22.0,10.0,22.090189863236038,22.05439016641113,22.1,22.004602445494267,-0.004602445494267471,0.0,-2.071100472420362,523.4074266028331,3021.336326130413,3021.336326130413,3054.3447325158277
44460.0,12.35,22.0,10.0,22.09057143043652,21.964508663013415,22.0,22.003068296996176,-0.0030682969961759454,0.0,-1.3807336482791754,523.4032844018883,3022.0225507536093,3022.0225507536093,3053.9188328415207
44520.0,12.366666666666667,22.0,10.0,22.09094674213931,21.98509149889475,22.0,22.002045531330786,-0.002045531330786332,0.0,-0.9204890988538494,523.4005229345917,3022.4800338357377,3022.4800338357377,3052.4910550948002
44580.0,12.383333333333333,22.0,10.0,22.091303794574028,21.874612243528986,21.900000000000002,21.968030354220524,0.03196964577947625,0.0,14.386340600764314,523.4436819563939,3037.8300225571584,3037.8300225571584,3050.4114227103123
44640.0,12.4,22.0,10.0,22.09163482026283,22.28213363855521,22.3,22.078686902813683,-0.07868690281368274,0.0,-35.40910626615723,523.3374546375954,2987.928348371438,2987.928348371438,3048.6652669098685
44700.0,12.416666666666666,22.0,10.0,22.09194389900496,22.205133541414785,22.200000000000003,22.11912460187579,-0.11912460187578944,0.0,-53.60607084410525,523.1766364250632,2969.570565580958,2969.570565580958,3047.3974244023
44760.0,12.433333333333334,22.0,10.0,22.092236836400772,22.32892088976301,22.3,22.179416401250528,-0.1794164012505277,0.0,-80.73738056273747,522.9344242833749,2942.1970437206373,2942.1970437206373,3046.1994364006596
44820.0,12.45,22.0,10.0,22.09251451912838,22.118613988857415,22.1,22.152944267500352,-0.15294426750035228,0.0,-68.82492037515853,522.7279495222494,2953.903029147091,2953.903029147091,3045.554647397358
44880.0,12.466666666666667,22.0,10.0,22.092783631339763,21.83317290050059,21.8,22.035296178333567,-0.03529617833356724,0.0,-15.883280250105258,522.6802996814992,3006.797019431394,3006.797019431394,3044.775343231875
44940.0,12.483333333333333,22.0,10.0,22.093042584564525,22.017242280975562,22.0,22.023530785555714,-0.023530785555713862,0.0,-10.588853500071238,522.648533120999,3012.0596796209275,3012.0596796209275,3043.9114363721037
45000.0,12.5,22.0,10.0,22.093290394047298,21.85498683297259,21.900000000000002,21.982353857037143,0.017646142962856715,0.0,7.940764333285522,522.6723554139988,3030.6131197472846,3030.6131197472846,3042.7453672286306
45060.0,12.516666666666667,22.0,10.0,22.0935234672719,22.182882500267887,22.200000000000003,22.0549025713581,-0.05490257135809884,0.0,-24.706157111144478,522.5982369426655,2997.892079831521,2997.892079831521,3041.135442083306
45120.0,12.533333333333333,22.0,10.0,22.093736522175085,22.333477707984738,22.3,22.136601714238733,-0.1366017142387328,0.0,-61.47077140742976,522.4138246284432,2960.9430532210135,2960.9430532210135,3038.9904886986856
45180.0,12.55,22.0,10.0,22.093923198472943,22.15714127678886,22.200000000000003,22.157734476159156,-0.15773447615915615,0.0,-70.98051427162027,522.2008830856283,2951.220368814008,2951.220368814008,3037.5067109871084
45240.0,12.566666666666666,22.0,10.0,22.09409150940937,21.97158732663744,22.0,22.105156317439437,-0.10515631743943743,0.0,-47.32034284774684,522.0589220570852,2974.7385792093382,2974.7385792093382,3035.7123638707017
45300.0,12.583333333333334,22.0,10.0,22.09423778324759,22.017572358750904,22.0,22.070104211626294,-0.07010421162629399,0.0,-31.546895231832295,521.9642813713897,2990.4173861395575,2990.4173861395575,3034.7251398506646
45360.0,12.6,22.0,10.0,22.094371771576053,22.132461772109384,22.1,22.08006947441753,-0.08006947441753098,0.0,-36.03126348788894,521.856187580926,2985.824924093037,2985.824924093037,3034.2732644383586
45420.0,12.616666666666667,22.0,10.0,22.094499935434584,21.80242845672449,21.8,21.986712982945022,0.013287017054977923,0.0,5.979157674740065,521.8741250539501,3027.8532827286904,3027.8532827286904,3033.9248501989673
45480.0,12.633333333333333,22.0,10.0,22.094623533830667,22.12154396248258,22.1,22.024475321963347,-0.02447532196334734,0.0,-11.013894883506303,521.8410833692997,3010.827188485793,3010.827188485793,3033.8969461409274
45540.0,12.65,22.0,10.0,22.094746426582866,22.13144600208774,22.1,22.04965021464223,-0.04965021464223085,0.0,-22.342596589003882,521.7740555795326,2999.431458990529,2999.431458990529,3033.0770593354296
45600.0,12.666666666666666,22.0,10.0,22.094859112015143,21.982810536884706,22.0,22.03310014309482,-0.03310014309482057,0.0,-14.895064392669255,521.7293703863546,3006.8343059936856,3006.8343059936856,3031.7402887666285
45660.0,12.683333333333334,22.0,10.0,22.0949554181443,22.008148364735224,22.0,22.02206676206321,-0.022066762063211343,0.0,-9.930042928445104,521.6995802575692,3011.7695373291244,3011.7695373291244,3030.0698486783776
45720.0,12.7,22.0,10.0,22.095031390074006,22.125800318691,22.1,22.048044508042143,-0.04804450804214255,0.0,-21.62002861896415,521.6347201717124,3000.0146915527484,3000.0146915527484,3028.6891999056443
45780.0,12.716666666666667,22.0,10.0,22.095090566302652,21.927432796851413,21.900000000000002,21.998696338694764,0.0013036613052364032,0.0,0.5866475873563815,521.6364801144745,3022.223127701831,3022.223127701831,3027.50544571071
45840.0,12.733333333333333,22.0,10.0,22.095135359952273,21.927042801152947,21.900000000000002,21.965797559129843,0.03420244087015689,0.0,15.391098391570601,521.6826534096491,3037.0737518012197,3037.0737518012197,3026.7073432623047
45900.0,12.75,22.0,10.0,22.095170441991563,22.24716461487316,22.200000000000003,22.0438650394199,-0.04386503941989872,0.0,-19.739267738954425,521.6234356064323,3001.884167867478,3001.884167867478,3026.417240861337
45960.0,12.766666666666667,22.0,10.0,22.095201937555924,22.135876081463568,22.1,22.0625766929466,-0.06257669294659962,0.0,-28.15951182596983,521.5389570709544,2993.3794452449847,2993.3794452449847,3025.7102723936955
46020.0,12.783333333333333,22.0,10.0,22.09522485501198,22.426957575175017,22.400000000000002,22.17505112863107,-0.1750511286310683,0.0,-78.77300788398074,521.3026380473025,2942.5296301633216,2942.5296301633216,3024.983202662721
46080.0,12.8,22.0,10.0,22.095238978878896,21.8936433790932,21.900000000000002,22.08336741908738,-0.08336741908738077,0.0,-37.515338589321345,521.1900920315345,2983.674753442213,2983.674753442213,3024.7477447131782
46140.0,12.816666666666666,22.0,10.0,22.09525023487882,21.735057065147718,21.700000000000003,21.955578279391588,0.044421720608411874,0.0,19.989774273785343,521.2500613543558,3041.239835628141,3041.239835628141,3024.084373697849
46200.0,12.833333333333334,22.0,10.0,22.095253496658557,22.279009273492132,22.3,22.070385519594392,-0.07038551959439232,0.0,-31.673483817476544,521.1550409029034,2989.4815570854266,2989.4815570854266,3024.3964172894784
46260.0,12.85,22.0,10.0,22.095260493176056,22.282089376934312,22.3,22.146923679729596,-0.1469236797295963,0.0,-66.11565587831834,520.9566939352684,2954.8410380569503,2954.8410380569503,3024.345415770161
46320.0,12.866666666666667,22.0,10.0,22.095266856685768,21.942830191472122,21.900000000000002,22.0646157864864,-0.06461578648639943,0.0,-29.077103918879743,520.8694626235118,2991.792358704632,2991.792358704632,3024.306701353218
46380.0,12.883333333333333,22.0,10.0,22.09527273653195,21.796701333952647,21.8,21.976410524324265,0.02358947567573466,0.0,10.615264054080598,520.9013084156741,3031.5165724697545,3031.5165724697545,3024.2762568945936
46440.0,12.9,22.0,10.0,22.09527823340509,22.080840115165536,22.1,22.01760701621618,-0.01760701621617855,0.0,-7.923157297280348,520.8775389437822,3012.954381646502,3012.954381646502,3024.5021529889696
46500.0,12.916666666666666,22.0,10.0,22.095286424540742,21.73970534669879,21.700000000000003,21.911738010810787,0.08826198918921335,0.0,39.71789513514601,520.9966926291877,3060.714587764334,3060.714587764334,3023.8925895786774
46560.0,12.933333333333334,22.0,10.0,22.095287276342063,22.02149434701031,22.0,21.941158673873858,0.058841326126142235,0.0,26.478596756764006,521.076128419458,3047.554725176222,3047.554725176222,3022.987222512049
46620.0,12.95,22.0,10.0,22.09527726118318,21.653094821180826,21.700000000000003,21.86077244924924,0.13922755075076054,0.0,62.652397837842244,521.2640856129715,3083.9164834508138,3083.9164834508138,3021.640719532192
46680.0,12.966666666666667,22.0,10.0,22.095251118034017,22.041661965320344,22.0,21.907181632832824,0.09281836716717606,0.0,41.76826522522923,521.3893904086472,3063.1576556338764,3063.1576556338764,3020.511758025774
46740.0,12.983333333333333,22.0,10.0,22.095211505776224,21.66494145173703,21.700000000000003,21.838121088555216,0.16187891144478428,0.0,72.84551015015293,521.6079269390976,3094.4534370892507,3094.4534370892507,3020.283179049201
46800.0,13.0,22.0,10.0,22.095169269407485,22.041401349120026,22.0,21.89208072570348,0.10791927429652048,0.0,48.56367343343422,521.753617959398,3070.3172913928324,3070.3172913928324,3020.1461207253965
46860.0,13.016666666666667,22.0,10.0,22.095125515047968,22.392027767150104,22.400000000000002,22.06138715046899,-0.06138715046898824,0.0,-27.624217711044707,521.6707453062648,2994.04652759522,2994.04652759522,3020.3205707090947
46920.0,13.033333333333333,22.0,10.0,22.095083985351334,22.034944940198177,22.0,22.040924766979323,-0.040924766979323124,0.0,-18.416145140695406,521.6154968708428,3003.1993517301476,3003.1993517301476,3019.9467625278016
46980.0,13.05,22.0,10.0,22.095038094545615,22.242085810918603,22.200000000000003,22.093949844652883,-0.09394984465288303,0.0,-42.27743009379736,521.4886645805614,2979.211234486764,2979.211234486764,3018.9633673726885
47040.0,13.066666666666666,22.0,10.0,22.09498054067045,21.959565191718756,22.0,22.062633229768586,-0.06263322976858632,0.0,-28.184953395863843,521.4041097203738,2993.2191563245096,2993.2191563245096,3017.8343173967105
47100.0,13.083333333333334,22.0,10.0,22.094909610857197,21.909213003035912,21.900000000000002,22.00842215317906,-0.008422153179058256,0.0,-3.789968930576215,521.3927398135821,3017.6027708830056,3017.6027708830056,3017.1160550935874
47160.0,13.1,22.0,10.0,22.094830274685748,21.78781459987934,21.8,21.938948102119372,0.06105189788062759,0.0,27.473354046282417,521.4751598757209,3048.9485139220033,3048.9485139220033,3016.671077277687
47220.0,13.116666666666667,22.0,10.0,22.094745836789023,22.29520752935974,22.3,22.05929873474625,-0.05929873474624969,0.0,-26.68443063581236,521.3951065838135,2994.710675948001,2994.710675948001,3016.1569747246094
47280.0,13.133333333333333,22.0,10.0,22.09465548297535,22.075259536859146,22.1,22.072865823164168,-0.07286582316416812,0.0,-32.789620423875654,521.2967377225418,2988.5071172986663,2988.5071172986663,3016.351913191344
47340.0,13.15,22.0,10.0,22.09456773948472,22.411031393040503,22.400000000000002,22.181910548776113,-0.1819105487761128,0.0,-81.85974694925076,521.0511584816941,2939.1914115324435,2939.1914115324435,3016.2598344462517
47400.0,13.166666666666666,22.0,10.0,22.09447915427962,21.85051545223926,21.900000000000002,22.08794036585074,-0.08794036585074139,0.0,-39.573164632833624,520.9324389877956,2981.359274354962,2981.359274354962,3015.9793615219896
47460.0,13.183333333333334,22.0,10.0,22.09438746915505,22.04136898897455,22.0,22.058626910567163,-0.05862691056716329,0.0,-26.382109755223482,520.8532926585299,2994.4711829033063,2994.4711829033063,3015.826943929851
47520.0,13.2,22.0,10.0,22.09429423007474,22.10153158768567,22.1,22.07241794037811,-0.07241794037810934,0.0,-32.5880731701492,520.7555284390195,2988.1674552688705,2988.1674552688705,3015.7593204865057
47580.0,13.216666666666667,22.0,10.0,22.094200459230354,22.367834798950632,22.400000000000002,22.181611960252074,-0.1816119602520736,0.0,-81.72538211343311,520.5103522926792,2938.784970179246,2938.784970179246,3015.4969100042763
47640.0,13.233333333333333,22.0,10.0,22.094103820772713,22.449490751024797,22.400000000000002,22.254407973501383,-0.2544079735013831,0.0,-114.48358807562241,520.1669015284523,2905.68331345283,2905.68331345283,3015.609013632569
47700.0,13.25,22.0,10.0,22.094008817473984,21.955090145964,22.0,22.16960531566759,-0.16960531566758874,0.0,-76.32239205041493,519.9379343523011,2943.615542301886,2943.615542301886,3015.966759268713
47760.0,13.266666666666667,22.0,10.0,22.093918392132785,21.857861609762868,21.900000000000002,22.079736877111728,-0.07973687711172772,0.0,-35.881594700277475,519.8302895682003,2983.9486948679228,2983.9486948679228,3015.7320494120254
47820.0,13.283333333333333,22.0,10.0,22.09382542154933,21.737056325910245,21.700000000000003,21.953157918074485,0.04684208192551509,0.0,21.07893686648179,519.8935263787997,3040.9724632452817,3040.9724632452817,3015.359506009241
47880.0,13.3,22.0,10.0,22.09372825935679,22.351472893101693,22.400000000000002,22.102105278716323,-0.1021052787163228,0.0,-45.94737542234526,519.7556842525327,2973.8083088301873,2973.8083088301873,3014.1456747451425
47940.0,13.316666666666666,22.0,10.0,22.093616822675664,22.0664179764983,22.1,22.101403519144217,-0.10140351914421686,0.0,-45.631583614897586,519.618789501688,2973.9872058867904,2973.9872058867904,3013.6378260567603
48000.0,13.333333333333334,22.0,10.0,22.093499626120316,21.954004243319574,22.0,22.067602346096145,-0.06760234609614457,0.0,-30.421055743265057,519.5275263344581,2989.106470591193,2989.106470591193,3014.0978595496167
48060.0,13.35,22.0,10.0,22.09338830155655,22.073100300229413,22.1,22.078401564064098,-0.07840156406409804,0.0,-35.28070382884412,519.4216842229715,2984.1409803941274,2984.1409803941274,3013.68758784188
48120.0,13.366666666666667,22.0,10.0,22.093272387705984,21.571490693184142,21.6,21.918934376042735,0.08106562395726513,0.0,36.47953078076931,519.5311228153139,3056.010653596083,3056.010653596083,3012.706812012131
48180.0,13.383333333333333,22.0,10.0,22.09314505228701,21.737818447150175,21.700000000000003,21.845956250695156,0.15404374930484366,0.0,69.31968718717965,519.7390818768754,3089.058769064055,3089.058769064055,3012.3582377903394
48240.0,13.4,22.0,10.0,22.093013915983633,22.269774373358175,22.3,21.997304167130103,0.0026958328698967193,0.0,1.2131247914535237,519.7427212512498,3020.9558460427033,3020.9558460427033,3012.6775433683297
48300.0,13.416666666666666,22.0,10.0,22.0928870047561,22.161693515526494,22.200000000000003,22.064869444753406,-0.0648694447534055,0.0,-29.191250139032476,519.6551475008326,2990.4638973618003,2990.4638973618003,3012.6821573396323
48360.0,13.433333333333334,22.0,10.0,22.092760529629906,22.11237642824837,22.1,22.076579629835603,-0.07657962983560296,0.0,-34.46083342602133,519.5517650005546,2985.090931574533,2985.090931574533,3013.482697846711
48420.0,13.45,22.0,10.0,22.092644040415177,21.88190665833031,21.900000000000002,22.017719753223737,-0.0177197532237372,0.0,-7.97388895068174,519.5278433337027,3011.553954383021,3011.553954383021,3014.0505649688694
48480.0,13.466666666666667,22.0,10.0,22.09253471507356,22.199603724847986,22.200000000000003,22.078479835482494,-0.0784798354824936,0.0,-35.31592596712212,519.4218955558013,2984.1059695886793,2984.1059695886793,3015.2149969435686
48540.0,13.483333333333333,22.0,10.0,22.09243969089166,22.437620755998456,22.400000000000002,22.185653223654995,-0.18565322365499526,0.0,-83.54395064474787,519.1712637038671,2935.6273130591194,2935.6273130591194,3016.0140412550736
48600.0,13.5,22.0,10.0,22.092354540314044,21.83690089312022,21.8,22.05710214910333,-0.057102149103329225,0.0,-25.69596709649815,519.0941758025775,2993.3982087060795,2993.3982087060795,3017.3213645189767
48660.0,13.516666666666667,22.0,10.0,22.09228533306733,22.08465270734379,22.1,22.071401432735552,-0.0714014327355521,0.0,-32.13064473099845,518.9977838683845,2986.867139137386,2986.867139137386,3018.204629966874
48720.0,13.533333333333333,22.0,10.0,22.09222693262773,21.994590186955,22.0,22.047600955157037,-0.047600955157037106,0.0,-21.420429820666698,518.9335225789225,2997.513092758256,2997.513092758256,3017.8019949273466
48780.0,13.55,22.0,10.0,22.092163875768975,22.153686242726874,22.200000000000003,22.09840063677136,-0.09840063677135902,0.0,-44.28028654711156,518.8006817192812,2974.5203951721696,2974.5203951721696,3017.5586175407266
48840.0,13.566666666666666,22.0,10.0,22.092098087552156,22.08421304485319,22.1,22.098933757847572,-0.09893375784757197,0.0,-44.520191031407386,518.667121146187,2974.14693011478,2974.14693011478,3016.9194944898272
48900.0,13.583333333333334,22.0,10.0,22.092024827223376,22.051900836193106,22.1,22.09928917189838,-0.0992891718983806,0.0,-44.68012735427127,518.5330807641242,2973.8529534098525,2973.8529534098525,3016.5244888537386
48960.0,13.6,22.0,10.0,22.091947046607952,21.90478397725649,21.900000000000002,22.032859447932253,-0.03285944793225326,0.0,-14.786751569513967,518.4887205094157,3003.7019689399017,3003.7019689399017,3016.542460220893
49020.0,13.616666666666667,22.0,10.0,22.09186971499078,22.077952664153358,22.1,22.055239631954837,-0.055239631954837165,0.0,-24.857834379676724,518.4141470062766,2993.5563126265997,2993.5563126265997,3017.0825611159116
49080.0,13.633333333333333,22.0,10.0,22.091799096579198,21.9581408646883,22.0,22.036826421303225,-0.03682642130322478,0.0,-16.57188958645115,518.3644313375173,3001.792541751066,3001.792541751066,3016.709696363113
49140.0,13.65,22.0,10.0,22.09172421564582,22.051644899825533,22.1,22.057884280868816,-0.05788428086881581,0.0,-26.047926390967113,518.2862875583444,2992.2383611673777,2992.2383611673777,3016.2396533787055
49200.0,13.666666666666666,22.0,10.0,22.091643918839427,22.06814116337098,22.1,22.071922853912543,-0.07192285391254316,0.0,-32.36528426064442,518.1891917055624,2985.823907444918,2985.823907444918,3014.955516014601
49260.0,13.683333333333334,22.0,10.0,22.091548453275085,22.21160755720537,22.200000000000003,22.1146152359417,-0.11461523594169876,0.0,-51.57685617376444,518.0344611370411,2966.4576049632765,2966.4576049632765,3014.395578653607
49320.0,13.7,22.0,10.0,22.091446554859104,21.96418308854726,22.0,22.076410157294468,-0.0764101572944682,0.0,-34.38457078251069,517.9313074246936,2983.5467366421826,2983.5467366421826,3014.063505391102
49380.0,13.716666666666667,22.0,10.0,22.091340977259218,22.015856936571744,22.0,22.05094010486298,-0.05094010486298117,0.0,-22.923047188341528,517.8625382831285,2994.9394910947867,2994.9394910947867,3013.6319045557316
49440.0,13.733333333333333,22.0,10.0,22.09123053718211,22.29482391753633,22.3,22.133960069908653,-0.13396006990865317,0.0,-60.282031458893925,517.6816921887519,2957.3996607298577,2957.3996607298577,3012.384455649457
49500.0,13.75,22.0,10.0,22.091105459038356,22.03664001991442,22.0,22.089306713272435,-0.08930671327243545,0.0,-40.18802097259595,517.561128125834,2977.373107153238,2977.373107153238,3010.6061032795133
49560.0,13.766666666666667,22.0,10.0,22.090959415900596,22.02776657180016,22.0,22.05953780884829,-0.0595378088482903,0.0,-26.792013981730634,517.4807520838888,2990.688738102158,2990.688738102158,3009.4895939298863
49620.0,13.783333333333333,22.0,10.0,22.09080041278005,22.252854442261583,22.3,22.13969187256553,-0.13969187256552829,0.0,-62.86134265448773,517.2921680559253,2954.4308254014377,2954.4308254014377,3009.0639122788534
49680.0,13.8,22.0,10.0,22.090636778489056,22.13434201547071,22.1,22.12646124837702,-0.12646124837701933,0.0,-56.9075617696587,517.1214453706164,2960.213883600958,2960.213883600958,3009.5957214616274
49740.0,13.816666666666666,22.0,10.0,22.090480016811128,22.097928541587315,22.1,22.117640832251347,-0.1176408322513467,0.0,-52.93837451310601,516.9626302470771,2964.024255733971,2964.024255733971,3008.999264584437
49800.0,13.833333333333334,22.0,10.0,22.09031656793571,22.12355566496921,22.1,22.11176055483423,-0.11176055483423042,0.0,-50.29224967540369,516.8117534980508,2966.5195038226475,2966.5195038226475,3008.4157302728095
49860.0,13.85,22.0,10.0,22.090146606995177,21.831542545820625,21.8,22.007840369889486,-0.007840369889485999,0.0,-3.5281664502686994,516.8011689987001,3013.2730025484316,3013.2730025484316,3008.093909278116
49920.0,13.866666666666667,22.0,10.0,22.089973294085528,22.17161402388365,22.200000000000003,22.071893579926325,-0.07189357992632495,0.0,-32.352110966846226,516.7041126657995,2984.3520016989532,2984.3520016989532,3007.694693796716
49980.0,13.883333333333333,22.0,10.0,22.089795710528833,22.344555303969553,22.3,22.147929053284216,-0.14792905328421568,0.0,-66.56807397789706,516.5044084438658,2949.9363344659687,2949.9363344659687,3008.499959793372
50040.0,13.9,22.0,10.0,22.089628322914766,22.195611611796423,22.200000000000003,22.16528603552281,-0.1652860355228114,0.0,-74.37871598526513,516.2812722959101,2941.902556310645,2941.902556310645,3009.8426066145503
50100.0,13.916666666666666,22.0,10.0,22.089477549225396,21.768242137060334,21.8,22.043524023681876,-0.04352402368187569,0.0,-19.58581065684406,516.2225148639395,2996.6367042070956,2996.6367042070956,3010.027827271686
50160.0,13.933333333333334,22.0,10.0,22.08932945050498,22.136381510037047,22.1,22.062349349121252,-0.06234934912125212,0.0,-28.057207104563453,516.1383432426259,2988.0811361380624,2988.0811361380624,3009.701761773188
50220.0,13.95,22.0,10.0,22.089177883294745,21.898632899609623,21.900000000000002,22.008232899414168,-0.008232899414167605,0.0,-3.704804736375422,516.1272288284167,3012.422424092041,3012.422424092041,3009.291581269877
50280.0,13.966666666666667,22.0,10.0,22.0890218486201,22.034353923547645,22.0,22.005488599609443,-0.005488599609442701,0.0,-2.4698698242492156,516.1198192189439,3013.649949394695,3013.649949394695,3009.3292874884296
50340.0,13.983333333333333,22.0,10.0,22.0888667345241,22.10564867854231,22.1,22.036992399739628,-0.03699239973962776,0.0,-16.64657988283249,516.0698794792954,2999.423299596463,2999.423299596463,3008.908898856767
50400.0,14.0,22.0,10.0,22.088707041106808,21.84130093656289,21.8,21.957994933159753,0.04200506684024674,0.0,18.902280078111033,516.1265863195298,3035.0288663976407,3035.0288663976407,3007.687539093473
50460.0,14.016666666666667,22.0,10.0,22.08853317045261,22.34695425848621,22.3,22.071996622106504,-0.0719966221065036,0.0,-32.39847994792662,516.029390879686,2983.6309109317594,2983.6309109317594,3007.449383587016
50520.0,14.033333333333333,22.0,10.0,22.088356963544296,22.066024631816898,22.1,22.081331081404336,-0.0813310814043362,0.0,-36.59898663195129,515.9195939197901,2979.320607287839,2979.320607287839,3007.1063461795225
50580.0,14.05,22.0,10.0,22.088177168807817,22.238258446795932,22.200000000000003,22.12088738760289,-0.12088738760289175,0.0,-54.39932442130129,515.7563959465263,2961.3570715252254,2961.3570715252254,3006.9464586225013
50640.0,14.066666666666666,22.0,10.0,22.087995994804864,22.206691966533032,22.200000000000003,22.14725825840193,-0.14725825840192996,0.0,-66.26621628086849,515.5575972976836,2949.291381016815,2949.291381016815,3006.4060242316623
50700.0,14.083333333333334,22.0,10.0,22.08780887911123,22.348480213373065,22.3,22.198172172267952,-0.19817217226795236,0.0,-89.17747752057856,515.2900648651218,2926.1125873445435,2926.1125873445435,3005.8683726630475
50760.0,14.1,22.0,10.0,22.08761587294585,22.317969547801873,22.3,22.232114781511967,-0.2321147815119673,0.0,-104.45165168038528,514.9767099100808,2910.525058229696,2910.525058229696,3005.334782342161
50820.0,14.116666666666667,22.0,10.0,22.087417042715117,21.784785004658147,21.8,22.088076521007977,-0.08807652100797725,0.0,-39.63443445358976,514.85780660672,2975.22337215313,2975.22337215313,3005.3075687854566
50880.0,14.133333333333333,22.0,10.0,22.087218482412396,22.088180663005296,22.1,22.092051014005317,-0.09205101400531746,0.0,-41.422956302392855,514.7335377378129,2973.3105814354203,2973.3105814354203,3005.1117145161425
50940.0,14.15,22.0,10.0,22.08701816753935,21.65253706421087,21.700000000000003,21.96136734267021,0.0386326573297886,0.0,17.38469579840487,514.785691825208,3032.1703876236124,3032.1703876236124,3005.0563949700577
51000.0,14.166666666666666,22.0,10.0,22.086817789776376,21.990062393446735,22.0,21.974244895113472,0.025755104886528102,0.0,11.589797198937646,514.8204612168049,3026.4102584157426,3026.4102584157426,3004.8427610733465
51060.0,14.183333333333334,22.0,10.0,22.086615449539927,22.222299986758692,22.200000000000003,22.049496596742316,-0.049496596742315546,0.0,-22.273468534041996,514.7536408112027,2992.480172277161,2992.480172277161,3004.525780179539
51120.0,14.2,22.0,10.0,22.08640991255346,22.26206924311358,22.3,22.132997731161545,-0.13299773116154512,0.0,-59.8489790226953,514.5740938741346,2954.7251148514392,2954.7251148514392,3003.8913105926013
51180.0,14.216666666666667,22.0,10.0,22.08619737854291,22.3369625701858,22.3,22.188665154107696,-0.1886651541076958,0.0,-84.89931934846311,514.3193959160893,2929.4200765676264,2929.4200765676264,3003.552234360094
51240.0,14.233333333333333,22.0,10.0,22.085981413219603,22.003625883289665,22.0,22.125776769405128,-0.12577676940512816,0.0,-56.599546232307674,514.1495972773923,2957.5500510450847,2957.5500510450847,3003.408688639006
51300.0,14.25,22.0,10.0,22.085764373243613,22.142957189467186,22.1,22.117184512936753,-0.11718451293675258,0.0,-52.73303082153866,513.9913981849278,2961.258367363389,2961.258367363389,3002.641871507187
51360.0,14.266666666666667,22.0,10.0,22.085538782581967,22.09827350874836,22.1,22.111456341957837,-0.11145634195783671,0.0,-50.15535388102652,513.8409321232847,2963.685578242258,2963.685578242258,3002.220725434621
51420.0,14.283333333333333,22.0,10.0,22.085308814939438,22.33204617729463,22.3,22.17430422797189,-0.17430422797189138,0.0,-78.43690258735111,513.6056214155227,2935.1687188281717,2935.1687188281717,3002.0285256457464
51480.0,14.3,22.0,10.0,22.08507723080237,22.3961372289398,22.400000000000002,22.24953615198126,-0.24953615198126045,0.0,-112.2912683915672,513.268747610348,2900.9774792187804,2900.9774792187804,3001.2352306416747
51540.0,14.316666666666666,22.0,10.0,22.084836821877662,22.006530162141747,22.0,22.166357434654174,-0.16635743465417363,0.0,-74.86084559437813,513.0441650735648,2938.1833194791866,2938.1833194791866,3000.5515415243294
51600.0,14.333333333333334,22.0,10.0,22.08458892991032,22.834915923363592,22.8,22.37757162310278,-0.3775716231027815,0.0,-169.90723039625166,512.5344433823761,2842.6272129861245,2842.6272129861245,2999.9427534278234
51660.0,14.35,22.0,10.0,22.084334476161725,22.07712632932585,22.1,22.285047748735188,-0.2850477487351881,0.0,-128.27148693083467,512.1496289215836,2883.878141990749,2883.878141990749,2999.385699267737
51720.0,14.366666666666667,22.0,10.0,22.084074101124454,22.004296414465593,22.0,22.190031832490128,-0.19003183249012778,0.0,-85.5143246205575,511.8930859477219,2926.3787613271643,2926.3787613271643,2999.6171543224154
51780.0,14.383333333333333,22.0,10.0,22.08381728467295,22.197385292022393,22.200000000000003,22.19335455499342,-0.19335455499341947,0.0,-87.00954974703876,511.6320572984808,2924.622507551442,2924.622507551442,2999.3627351120244
51840.0,14.4,22.0,10.0,22.083558185640275,22.22899666265184,22.200000000000003,22.19556970332895,-0.19556970332894963,0.0,-88.00636649802733,511.3680381989867,2923.361671700959,2923.361671700959,2998.5389617679234
51900.0,14.416666666666666,22.0,10.0,22.08328997862457,22.186412829577,22.200000000000003,22.19704646888597,-0.19704646888596855,0.0,-88.67091099868586,511.10202546599066,2922.4311144673047,2922.4311144673047,2997.595021676969
51960.0,14.433333333333334,22.0,10.0,22.08301124894882,21.94707592224665,21.900000000000002,22.098030979257313,-0.09803097925731308,0.0,-44.113940665790885,510.9696836439933,2966.8557429782027,2966.8557429782027,2997.5790497191374
52020.0,14.45,22.0,10.0,22.082733163798604,22.371493358102086,22.400000000000002,22.198687319504877,-0.19868731950487728,0.0,-89.40929377719478,510.7014557626617,2921.292161985467,2921.292161985467,2997.4207511594527
52080.0,14.466666666666667,22.0,10.0,22.082454013321122,22.087618786100084,22.1,22.165791546336585,-0.16579154633658533,0.0,-74.6061958514634,510.47763717510725,2935.871441323644,2935.871441323644,2997.6707790416626
52140.0,14.483333333333333,22.0,10.0,22.082178700629658,22.38427273396607,22.400000000000002,22.243861030891058,-0.2438610308910576,0.0,-109.73746390097591,510.1484247834044,2900.4109608824283,2900.4109608824283,2997.9370985475466
52200.0,14.5,22.0,10.0,22.08190740971034,22.355219782013165,22.400000000000002,22.295907353927372,-0.29590735392737244,0.0,-133.1583092673176,509.7489498556024,2876.5906405882847,2876.5906405882847,2997.9618685650285
52260.0,14.516666666666667,22.0,10.0,22.08163722990399,21.82186618403722,21.8,22.13060490261825,-0.13060490261824853,0.0,-58.77220617821184,509.57263323706775,2950.800427058856,2950.800427058856,2998.5796518622387
52320.0,14.533333333333333,22.0,10.0,22.081375274036624,21.880512648650456,21.900000000000002,22.0537366017455,-0.05373660174549855,0.0,-24.181470785474346,509.5000888247113,2985.318618039237,2985.318618039237,2998.3305061800643
52380.0,14.55,22.0,10.0,22.081111114288674,21.87626448672659,21.900000000000002,22.002491067830334,-0.0024910678303342593,0.0,-1.1209805236504167,509.4967258831404,3008.37574535949,3008.37574535949,2998.0136745318605
52440.0,14.566666666666666,22.0,10.0,22.08084394504019,22.126259457158458,22.1,22.034994045220223,-0.03499404522022331,0.0,-15.747320349100491,509.4494839220931,2993.7021635729925,2993.7021635729925,2997.4027311484165
52500.0,14.583333333333334,22.0,10.0,22.08057024597885,22.08699307047901,22.1,22.056662696813483,-0.05666269681348268,0.0,-25.498213566067207,509.3729892813949,2983.874775715328,2983.874775715328,2996.60087531289
52560.0,14.6,22.0,10.0,22.08028774574467,22.129802793651468,22.1,22.071108464542323,-0.07110846454232345,0.0,-31.99880904404555,509.27699285426274,2977.2781838102173,2977.2781838102173,2995.4260705134175
52620.0,14.616666666666667,22.0,10.0,22.0799919953536,21.91344983347703,21.900000000000002,22.014072309694882,-0.014072309694881824,0.0,-6.332539362696821,509.2579952361746,3002.925455873478,3002.925455873478,2994.011053642022
52680.0,14.633333333333333,22.0,10.0,22.079680152011242,22.161109625194324,22.200000000000003,22.076048206463255,-0.0760482064632555,0.0,-34.22169290846497,509.1553301574492,2974.9336372489843,2974.9336372489843,2993.697925617207
52740.0,14.65,22.0,10.0,22.079365486662613,22.356386408616267,22.400000000000002,22.18403213764217,-0.18403213764216986,0.0,-82.81446193897644,508.9068867716323,2926.092424832656,2926.092424832656,2993.3581365475106
52800.0,14.666666666666666,22.0,10.0,22.079047687841197,21.80832874491205,21.8,22.05602142509478,-0.05602142509478014,0.0,-25.209641292651064,508.83125784775433,2983.621616555103,2983.621616555103,2994.005007398779
52860.0,14.683333333333334,22.0,10.0,22.07873860486646,22.035979556136944,22.0,22.037347616729853,-0.03734761672985343,0.0,-16.806427528434043,508.78083856516906,2991.974411036735,2991.974411036735,2994.5450949157284
52920.0,14.7,22.0,10.0,22.078436930190847,22.124638081091497,22.1,22.05823174448657,-0.058231744486569426,0.0,-26.20428501895624,508.70222571011215,2982.4979406911557,2982.4979406911557,2994.510679538419
52980.0,14.716666666666667,22.0,10.0,22.078135747554736,22.048725631838664,22.0,22.03882116299105,-0.03882116299104865,0.0,-17.469523345971893,508.6498171400742,2991.180293794102,2991.180293794102,2993.847586793636
53040.0,14.733333333333333,22.0,10.0,22.077827511353597,22.03500202240182,22.0,22.025880775327366,-0.025880775327365768,0.0,-11.646348897314596,508.61487809338234,2996.9685291960677,2996.9685291960677,2992.7737949565358
53100.0,14.75,22.0,10.0,22.077507314359014,22.427960111268067,22.400000000000002,22.15058718355158,-0.15058718355157907,0.0,-67.76423259821058,508.4115853955877,2940.647352797377,2940.647352797377,2992.1867325580115
53160.0,14.766666666666667,22.0,10.0,22.07718103320663,22.33059453416359,22.3,22.20039145570105,-0.20039145570105177,0.0,-90.1761550654733,508.14105693039124,2917.964901864918,2917.964901864918,2991.671259804768
53220.0,14.783333333333333,22.0,10.0,22.07684954522467,22.243528533889897,22.200000000000003,22.20026097046737,-0.2002609704673688,0.0,-90.11743671031596,507.8707046202603,2917.7532679099445,2917.7532679099445,2991.204831778726
53280.0,14.8,22.0,10.0,22.07651345457034,21.921073541892046,21.900000000000002,22.10017398031158,-0.10017398031158109,0.0,-45.07829114021149,507.73546974683967,2962.657178606628,2962.657178606628,2990.2708965628835
53340.0,14.816666666666666,22.0,10.0,22.076167164965383,22.521288508959753,22.5,22.233449320207722,-0.2334493202077219,0.0,-105.05219409347487,507.4203131645592,2902.368119071084,2902.368119071084,2988.782672940482
53400.0,14.833333333333334,22.0,10.0,22.075804055545774,22.144984588090253,22.1,22.188966213471815,-0.18896621347181508,0.0,-85.03479606231679,507.16520877637225,2922.1304127140556,2922.1304127140556,2987.9393503827937
53460.0,14.85,22.0,10.0,22.07543191558373,21.9568367270156,22.0,22.12597747564788,-0.1259774756478791,0.0,-56.68986404154559,506.9951391842476,2950.305275142702,2950.305275142702,2985.5174814261827
53520.0,14.866666666666667,22.0,10.0,22.075031829614094,22.004556373320327,22.0,22.083984983765255,-0.0839849837652551,0.0,-37.79324269436479,506.8817594561645,2969.0885167618,2969.0885167618,2983.823492435592
53580.0,14.883333333333333,22.0,10.0,22.07461261603448,21.97374689220294,22.0,22.055989989176837,-0.05598998917683673,0.0,-25.19549512957653,506.8061729707758,2981.610677841199,2981.610677841199,2982.8660802504514
53640.0,14.9,22.0,10.0,22.074183171149382,22.49549049994165,22.5,22.203993326117892,-0.20399332611789234,0.0,-91.79699675305156,506.5307819805166,2914.733785227465,2914.733785227465,2981.895354038801
53700.0,14.916666666666666,22.0,10.0,22.0737433658844,22.111980761019748,22.1,22.169328884078595,-0.16932888407859537,0.0,-76.19799783536791,506.3021879870105,2930.104190151643,2930.104190151643,2980.919792666504
53760.0,14.933333333333334,22.0,10.0,22.073293173298744,22.083157109887292,22.1,22.146219256052397,-0.14621925605239738,0.0,-65.79866522357882,506.1047919913397,2940.3061267677613,2940.3061267677613,2979.9449813631836
53820.0,14.95,22.0,10.0,22.072832633555205,21.639510201691557,21.6,21.964146170701596,0.03585382929840364,0.0,16.134223184281637,506.15319466089255,3022.2874178451743,3022.2874178451743,2979.7268273901004
53880.0,14.966666666666667,22.0,10.0,22.07237085758322,22.21713290803867,22.200000000000003,22.042764113801066,-0.04276411380106637,0.0,-19.243851210479868,506.09546310726114,2986.851611896781,2986.851611896781,2978.752916300023
53940.0,14.983333333333333,22.0,10.0,22.07189878000607,21.857599588589032,21.900000000000002,21.995176075867377,0.004823924132622892,0.0,2.1707658596803014,506.1019754048402,3008.2727412645204,3008.2727412645204,2978.0382250504167
54000.0,15.0,22.0,10.0,22.071419542366655,21.842828215617377,21.8,21.930117383911586,0.06988261608841384,0.0,31.447177239786228,506.1963169365595,3037.6434941763455,3037.6434941763455,2976.7444373142835
54060.0,15.016666666666667,22.0,10.0,22.070926216987328,22.19083775658013,22.200000000000003,22.02007825594106,-0.020078255941058387,0.0,-9.035215173476274,506.16921129103906,2997.1339961175627,2997.1339961175627,2975.07520736885
54120.0,15.033333333333333,22.0,10.0,22.070414340824794,21.8951326373875,21.900000000000002,21.980052170627374,0.019947829372625847,0.0,8.976523217681631,506.1961408606921,3015.1726640783736,3015.1726640783736,2974.6706276970167
54180.0,15.05,22.0,10.0,22.069899145334684,22.23446613543587,22.200000000000003,22.053368113751585,-0.0533681137515849,0.0,-24.015651188213205,506.1240939071274,2982.1084427189144,2982.1084427189144,2974.8480942027204
54240.0,15.066666666666666,22.0,10.0,22.069387625029112,22.29116624261881,22.3,22.135578742501057,-0.13557874250105684,0.0,-61.01043412547558,505.94106260475104,2944.9306284792756,2944.9306284792756,2975.4068883886666
54300.0,15.083333333333334,22.0,10.0,22.068884344814688,21.70840536071651,21.700000000000003,21.990385828334038,0.009614171665962346,0.0,4.3263772496830555,505.9540417365001,3010.280418986183,3010.280418986183,2975.711809641739
54360.0,15.1,22.0,10.0,22.068386233495943,22.038564226522283,22.0,21.99359055222269,0.00640944777730823,0.0,2.8842514997887037,505.96269449099947,3008.8469459907883,3008.8469459907883,2975.847859076299
54420.0,15.116666666666667,22.0,10.0,22.06789124910437,21.750527655322138,21.8,21.929060368148463,0.0709396318515374,0.0,31.92283433319183,506.05846299399906,3037.981297327191,3037.981297327191,2975.871697821864
54480.0,15.133333333333333,22.0,10.0,22.06739803573092,22.05241123916797,22.1,21.98604024543231,0.013959754567689941,0.0,6.281889555460474,506.0773086626654,3012.359198218126,3012.359198218126,2976.322593789391
54540.0,15.15,22.0,10.0,22.0669117127492,22.246751308450445,22.200000000000003,22.057360163621542,-0.05736016362154217,0.0,-25.812073629693977,505.9998724417764,2980.1877988120823,2980.1877988120823,2976.2994445137174
54600.0,15.166666666666666,22.0,10.0,22.066426570945115,21.79106109776407,21.8,21.97157344241436,0.0284265575856395,0.0,12.791950913537775,506.038248294517,3018.8301992080546,3018.8301992080546,2975.4626608523663
54660.0,15.183333333333334,22.0,10.0,22.065932843162507,22.423764805310288,22.400000000000002,22.114382294942907,-0.11438229494290653,0.0,-51.47203272430794,505.88383219634414,2954.411799472036,2954.411799472036,2975.598643447412
54720.0,15.2,22.0,10.0,22.06544222835439,22.000514000578516,22.0,22.07625486329527,-0.07625486329526865,0.0,-34.31468848287089,505.7808881308955,2971.466199648025,2971.466199648025,2975.871572907234
54780.0,15.216666666666667,22.0,10.0,22.064956360544212,21.825442800536283,21.8,21.984169908863514,0.015830091136486146,0.0,7.123541011418766,505.8022587539298,3012.9257997653485,3012.9257997653485,2975.9820123702993
54840.0,15.233333333333333,22.0,10.0,22.06447327561102,22.03660980521485,22.0,21.98944660590901,0.010553394090990764,0.0,4.749027340945844,505.8165058359526,3010.5655331768985,3010.5655331768985,2976.235317060696
54900.0,15.25,22.0,10.0,22.063994679588916,22.219349625133898,22.200000000000003,22.05963107060601,-0.05963107060600947,0.0,-26.833981772704263,505.7360038906345,2978.9020221179303,2978.9020221179303,2976.580870596286
54960.0,15.266666666666667,22.0,10.0,22.063521665997303,21.78493500679171,21.8,21.973087380404007,0.026912619595993448,0.0,12.110678818197051,505.7723359270891,3017.883014745286,3017.883014745286,2975.981978632971
55020.0,15.283333333333333,22.0,10.0,22.063042884742906,22.060189692513248,22.1,22.015391586936005,-0.015391586936004842,0.0,-6.926214121202179,505.7515572847255,2998.8253431635235,2998.8253431635235,2975.0150273535032
55080.0,15.3,22.0,10.0,22.06255393641692,21.784591437162362,21.8,21.94359439129067,0.05640560870932987,0.0,25.38252391919844,505.827704856483,3031.2102287756816,3031.2102287756816,2974.0606646961105
55140.0,15.316666666666666,22.0,10.0,22.06205500258402,22.299564236888923,22.3,22.062396260860446,-0.06239626086044581,0.0,-28.078317387200613,505.74346990432144,2977.665152517121,2977.665152517121,2973.870606594619
55200.0,15.333333333333334,22.0,10.0,22.061555284855405,22.089129863421935,22.1,22.074930840573632,-0.0749308405736322,0.0,-33.71887825813449,505.64231326954706,2971.923435011413,2971.923435011413,2972.6788984692266
55260.0,15.35,22.0,10.0,22.06104276578247,21.97250579491979,22.0,22.049953893715752,-0.04995389371575243,0.0,-22.479252172088593,505.5748755130308,2983.095623340942,2983.095623340942,2971.8364237066403
55320.0,15.366666666666667,22.0,10.0,22.060521674569603,22.264018969445818,22.3,22.133302595810502,-0.13330259581050186,0.0,-59.986168114725835,505.3949170086866,2945.408748893961,2945.408748893961,2971.4775712305745
55380.0,15.383333333333333,22.0,10.0,22.059997840400662,21.798675588481096,21.8,22.022201730540335,-0.022201730540334808,0.0,-9.990778743150663,505.3649446724571,2995.3741659293064,2995.3741659293064,2971.437753656095
55440.0,15.4,22.0,10.0,22.059475099923333,21.977137741202185,22.0,22.014801153693554,-0.01480115369355417,0.0,-6.6605191620993764,505.3449631149709,2998.684443952872,2998.684443952872,2971.6073023925137
55500.0,15.416666666666666,22.0,10.0,22.058955962252274,22.424459675653896,22.400000000000002,22.143200769129038,-0.143200769129038,0.0,-64.4403461080671,505.1516420766466,2940.7112959685796,2940.7112959685796,2970.6594104397627
55560.0,15.433333333333334,22.0,10.0,22.058427007290796,22.029813731197983,22.0,22.09546717941936,-0.09546717941935867,0.0,-42.9602307387114,505.02276138443057,2962.062530645719,2962.062530645719,2969.9834901016275
55620.0,15.45,22.0,10.0,22.057891528150144,22.325403714321627,22.3,22.163644786279573,-0.16364478627957268,0.0,-73.64015382580772,504.8018409229531,2931.161687097145,2931.161687097145,2969.488867379396
55680.0,15.466666666666667,22.0,10.0,22.057351719974246,22.09249891003854,22.1,22.142429857519716,-0.1424298575197156,0.0,-64.09343588387202,504.60956061530146,2940.516124731429,2940.516124731429,2970.3688432204926
55740.0,15.483333333333333,22.0,10.0,22.05682409093297,21.912899098596025,21.900000000000002,22.061619905013146,-0.061619905013145626,0.0,-27.72895725591553,504.5263737435337,2976.797416487618,2976.797416487618,2970.643556031764
55800.0,15.5,22.0,10.0,22.056301341332553,22.003057067109737,22.0,22.04107993667543,-0.04107993667543042,0.0,-18.485971503943688,504.4709158290219,2985.9849443250782,2985.9849443250782,2971.270709118977
55860.0,15.516666666666667,22.0,10.0,22.055787685817982,22.06717449413126,22.1,22.060719957783622,-0.060719957783621936,0.0,-27.32398100262987,504.38894388601403,2977.0649628833844,2977.0649628833844,2972.376922203266
55920.0,15.533333333333333,22.0,10.0,22.05528884582697,21.969286102698387,22.0,22.040479971855746,-0.04047997185574559,0.0,-18.215987335085515,504.33429592400876,2986.1183085889234,2986.1183085889234,2972.7895401018377
55980.0,15.55,22.0,10.0,22.05479645377071,21.88585610781866,21.900000000000002,21.993653314570498,0.00634668542950223,0.0,2.8560084432760036,504.3428639493386,3007.1988723926147,3007.1988723926147,2973.4959255014464
56040.0,15.566666666666666,22.0,10.0,22.054314015515416,21.893835679895986,21.900000000000002,21.962435543047,0.03756445695299959,0.0,16.904005628849816,504.39357596622517,3021.297581595075,3021.297581595075,2973.639467455071
56100.0,15.583333333333334,22.0,10.0,22.05383474707833,21.75294115972559,21.8,21.908290362031334,0.09170963796866616,0.0,41.26933708589977,504.5173839774829,3045.7867210633826,3045.7867210633826,2973.1609868054743
56160.0,15.6,22.0,10.0,22.05335117467876,22.07117182866653,22.1,21.972193574687555,0.027806425312444816,0.0,12.512891390600167,504.5549226516547,3017.0678140422547,3017.0678140422547,2973.7796440084862
56220.0,15.616666666666667,22.0,10.0,22.052876476882826,22.127292645863793,22.1,22.01479571645837,-0.014795716458369412,0.0,-6.6580724062662355,504.5349484344359,2997.8768760281696,2997.8768760281696,2974.3640990415247
56280.0,15.633333333333333,22.0,10.0,22.052410216640677,22.19787019705042,22.200000000000003,22.076530477638915,-0.07653047763891507,0.0,-34.43871493751178,504.43163228962334,2969.992917352112,2969.992917352112,2975.4243856796193
56340.0,15.65,22.0,10.0,22.05195807861891,21.686440829472723,21.700000000000003,21.951020318425943,0.048979681574056855,0.0,22.040856708325585,504.49775485974834,3026.538611568074,3026.538611568074,2976.0399658885945
56400.0,15.666666666666666,22.0,10.0,22.051514683973718,22.208288228279603,22.200000000000003,22.0340135456173,-0.034013545617298746,0.0,-15.306095527784436,504.45183657316494,2989.145741045381,2989.145741045381,2976.1090964373193
56460.0,15.683333333333334,22.0,10.0,22.051073449079045,22.043252234527344,22.0,22.0226756970782,-0.022675697078199164,0.0,-10.204063685189624,504.42122438210936,2994.2171606969196,2994.2171606969196,2976.8211148168316
56520.0,15.7,22.0,10.0,22.050642082109608,21.760518891736158,21.8,21.9484504647188,0.05154953528120032,0.0,23.197290876540144,504.490816254739,3027.688107131279,3027.688107131279,2976.4476262277517
56580.0,15.716666666666667,22.0,10.0,22.050207527378014,22.065374549867634,22.1,21.9989669764792,0.0010330235208009242,0.0,0.4648605843604159,504.49221083649206,3004.9570714208526,3004.9570714208526,2976.364602451423
56640.0,15.733333333333333,22.0,10.0,22.049773280025295,22.20829224225791,22.200000000000003,22.065977984319467,-0.065977984319467,0.0,-29.69009294376015,504.4031405576608,2974.7130476139005,2974.7130476139005,2976.973955739988
56700.0,15.75,22.0,10.0,22.0493476476541,22.1494317938906,22.1,22.077318656212977,-0.07731865621297729,0.0,-34.79339529583978,504.29876037177326,2969.5053650759337,2969.5053650759337,2977.5338153639364
56760.0,15.766666666666667,22.0,10.0,22.048930010495503,22.189595458021973,22.200000000000003,22.11821243747532,-0.11821243747532151,0.0,-53.19559686389468,504.1391735811816,2950.943576717287,2950.943576717287,2977.5566188098364
56820.0,15.783333333333333,22.0,10.0,22.048513899889734,22.233180786911042,22.200000000000003,22.145474958316882,-0.14547495831688195,0.0,-65.46373124259688,503.94278238745375,2938.479051144857,2938.479051144857,2978.2287254087605
56880.0,15.8,22.0,10.0,22.04810710289497,22.222898553866962,22.200000000000003,22.163649972211257,-0.16364997221125677,0.0,-73.64248749506555,503.72185492496857,2930.0793674299034,2930.0793674299034,2978.5720023713397
56940.0,15.816666666666666,22.0,10.0,22.04770564561474,22.036215635844925,22.0,22.109099981474174,-0.10909998147417355,0.0,-49.094991663378096,503.57456994997847,2954.4795782866004,2954.4795782866004,2979.4493061447456
57000.0,15.833333333333334,22.0,10.0,22.047315920351632,21.626469798652725,21.6,21.939399987649452,0.06060001235054813,0.0,27.270005557746657,503.6563799666517,3030.926385524398,3030.926385524398,2979.419570250952
57060.0,15.85,22.0,10.0,22.046927007433588,21.89068069294896,21.900000000000002,21.92626665843297,0.07373334156703137,0.0,33.18000370516412,503.7559199777672,3036.935923682931,3036.935923682931,2979.2946346636263
57120.0,15.866666666666667,22.0,10.0,22.04653776202725,22.113456989703636,22.1,21.984177772288646,0.015822227711353776,0.0,7.120002470109199,503.7772799851775,3010.8972824552866,3010.8972824552866,2979.3579844749147
57180.0,15.883333333333333,22.0,10.0,22.046150444554865,21.947975880279973,21.900000000000002,21.9561185148591,0.04388148514090062,0.0,19.74666831340528,503.83651999011767,3023.583188303523,3023.583188303523,2978.792163881899
57240.0,15.9,22.0,10.0,22.045757499187783,22.178633940849572,22.200000000000003,22.037412343239403,-0.0374123432394029,0.0,-16.835554457731305,503.78601332674447,2986.9504588690133,2986.9504588690133,2979.068530582689
57300.0,15.916666666666666,22.0,10.0,22.04536904905721,22.200732670053895,22.200000000000003,22.09160822882627,-0.09160822882627073,0.0,-41.22370297182183,503.662342217829,2962.4386392460074,2962.4386392460074,2979.3954624721923
57360.0,15.933333333333334,22.0,10.0,22.044985687459704,22.050456809725535,22.1,22.09440548588418,-0.09440548588418096,0.0,-42.48246864788143,503.5348948118854,2961.052426164004,2961.052426164004,2978.750726363799
57420.0,15.95,22.0,10.0,22.04459573911369,22.41643315958731,22.400000000000002,22.19627032392279,-0.1962703239227892,0.0,-88.32164576525514,503.26992987458965,2914.9482841093345,2914.9482841093345,2978.4725897684975
57480.0,15.966666666666667,22.0,10.0,22.04420362297357,21.845097034663272,21.8,22.064180215948525,-0.06418021594852519,0.0,-28.881097176836334,503.1832865830591,2974.302189406223,2974.302189406223,2977.684074723975
57540.0,15.983333333333333,22.0,10.0,22.043803221001337,22.2260148875201,22.200000000000003,22.10945347729902,-0.10945347729902011,0.0,-49.25406478455905,503.0355243887054,2953.781459604146,2953.781459604146,2977.0646088907656
57600.0,16.0,22.0,10.0,22.043396586645024,21.94487938595437,21.900000000000002,22.03963565153268,-0.03963565153268078,0.0,-17.836043189706352,502.9820162591363,2985.14597306943,2985.14597306943,2977.0601556840465
57660.0,16.016666666666666,22.0,10.0,22.042991118753296,21.882897855931073,21.900000000000002,21.99309043435512,0.006909565644878768,0.0,3.1093045401954456,502.99134417275684,3006.100648712952,3006.100648712952,2977.208902161397
57720.0,16.033333333333335,22.0,10.0,22.04258865222297,22.156351706207975,22.200000000000003,22.062060289570084,-0.06206028957008414,0.0,-27.92713030653786,502.9075627818372,2974.9804324752995,2974.9804324752995,2977.20650317343
57780.0,16.05,22.0,10.0,22.042187364304382,21.915064610433987,21.900000000000002,22.008040193046725,-0.008040193046724653,0.0,-3.618086871026094,502.89670852122407,2999.2786216501977,2999.2786216501977,2977.3550332636883
57840.0,16.066666666666666,22.0,10.0,22.041789062610633,22.209646858953857,22.200000000000003,22.072026795364486,-0.07202679536448642,0.0,-32.41205791401889,502.79947234748204,2970.387414433463,2970.387414433463,2977.8524305825035
57900.0,16.083333333333332,22.0,10.0,22.04139792458979,21.804139187146145,21.8,21.981351196909657,0.018648803090343335,0.0,8.391961390654501,502.824648231654,3011.2166096223086,3011.2166096223086,2978.576516432713
57960.0,16.1,22.0,10.0,22.041016649013216,22.044133435824396,22.0,21.987567464606435,0.012432535393564592,0.0,5.5946409271040665,502.8414321544353,3008.4360730815397,3008.4360730815397,2979.696686509891
58020.0,16.116666666666667,22.0,10.0,22.040649959304293,21.86806397484359,21.900000000000002,21.958378309737626,0.0416216902623745,0.0,18.729760618068525,502.8976214362895,3021.6273820543583,3021.6273820543583,2980.3195386354305
58080.0,16.133333333333333,22.0,10.0,22.040291843890007,21.989396231966765,22.0,21.972252206491753,0.027747793508247298,0.0,12.486507078711284,502.9350809575257,3015.421588036237,3015.421588036237,2980.6121609253096
58140.0,16.15,22.0,10.0,22.03993831428944,21.96165604595944,22.0,21.981501470994502,0.0184985290054982,0.0,8.32433805247419,502.96005397168307,3011.284392024157,3011.284392024157,2980.435173532423
58200.0,16.166666666666668,22.0,10.0,22.03958372142896,21.809989845208293,21.8,21.921000980663003,0.07899901933699738,0.0,35.54955870164882,503.066702647788,3038.616261349437,3038.616261349437,2981.2035641663506
58260.0,16.183333333333334,22.0,10.0,22.03923941303467,22.16649534629503,22.200000000000003,22.014000653775337,-0.014000653775337213,0.0,-6.300294198901746,503.0478017651913,2996.7475075662896,2996.7475075662896,2981.335933781001
58320.0,16.2,22.0,10.0,22.03889772600094,21.786049017760778,21.8,21.942667102516893,0.057332897483107104,0.0,25.799803867398197,503.12520117679344,3028.9250050441915,3028.9250050441915,2981.5506208962665
58380.0,16.216666666666665,22.0,10.0,22.038559640273693,21.838741726882507,21.8,21.89511140167793,0.10488859832206998,0.0,47.19986924493149,503.2668007845283,3050.4666700294597,3050.4666700294597,2982.3195790001832
58440.0,16.233333333333334,22.0,10.0,22.038231796300874,22.212782030033324,22.200000000000003,21.996740934451957,0.0032590655480433384,0.0,1.4665794966195023,503.27120052301814,3004.7377800196377,3004.7377800196377,2982.696870540528
58500.0,16.25,22.0,10.0,22.037909463358456,22.228857533560017,22.200000000000003,22.064493956301305,-0.06449395630130539,0.0,-29.022280335587425,503.1841336820114,2974.1618533464243,2974.1618533464243,2982.563806825084
58560.0,16.266666666666666,22.0,10.0,22.03758650065028,22.167475555718436,22.200000000000003,22.109662637534207,-0.10966263753420691,0.0,-49.34818689039311,503.0360891213402,2953.6879022309467,2953.6879022309467,2982.346166129265
58620.0,16.283333333333335,22.0,10.0,22.03726189514188,22.101670013337014,22.1,22.106441758356137,-0.10644175835613723,0.0,-47.89879126026175,502.8923927475594,2954.993601487298,2954.993601487298,2981.8227896390654
58680.0,16.3,22.0,10.0,22.036931982932124,22.488986489653577,22.5,22.237627838904093,-0.23762783890409267,0.0,-106.9325275068417,502.5715951650389,2895.6390676581973,2895.6390676581973,2981.1003939974953
58740.0,16.316666666666666,22.0,10.0,22.036594391711297,21.791113309218936,21.8,22.09175189260273,-0.09175189260272987,0.0,-41.28835167122844,502.44773011002525,2961.1593784387965,2961.1593784387965,2980.250043554702
58800.0,16.333333333333332,22.0,10.0,22.03624760905882,21.884049972790844,21.900000000000002,22.027834595068487,-0.02783459506848729,0.0,-12.52556778081928,502.41015340668275,2989.8845856258636,2989.8845856258636,2979.8205358002338
58860.0,16.35,22.0,10.0,22.035896712661245,21.83364122185596,21.8,21.951889730045657,0.048110269954342755,0.0,21.64962147945424,502.47510227112116,3024.1247237505754,3024.1247237505754,2980.672299962303
58920.0,16.366666666666667,22.0,10.0,22.035557090122808,22.211848856612562,22.200000000000003,22.034593153363772,-0.034593153363772444,0.0,-15.5669190136976,502.42840151408,2986.8614825003824,2986.8614825003824,2981.6100270243132
58980.0,16.383333333333333,22.0,10.0,22.03522973917673,22.08943172856157,22.1,22.056395435575848,-0.056395435575847586,0.0,-25.377946009131414,502.35226767605263,2976.9743216669212,2976.9743216669212,2982.098147948163
59040.0,16.4,22.0,10.0,22.03490922773458,22.253706414268912,22.3,22.137596957050565,-0.1375969570505653,0.0,-61.91863067275438,502.1665117840344,2940.24788111128,2940.24788111128,2982.789565287419
59100.0,16.416666666666668,22.0,10.0,22.034597974834824,22.22575044128546,22.200000000000003,22.158397971367044,-0.15839797136704448,0.0,-71.27908711517001,501.9526745226889,2930.673587407519,2930.673587407519,2982.858913513779
59160.0,16.433333333333334,22.0,10.0,22.034288487872484,21.985963496316526,22.0,22.105598647578027,-0.10559864757802728,0.0,-47.51939141011228,501.81011634845856,2954.290724938346,2954.290724938346,2982.518575609316
59220.0,16.45,22.0,10.0,22.033975845316178,21.866896511620716,21.900000000000002,22.03706576505202,-0.03706576505202008,0.0,-16.679594273409037,501.7600775656383,2985.0804832922295,2985.0804832922295,2982.160806451894
59280.0,16.466666666666665,22.0,10.0,22.033659847457653,21.831969854396625,21.8,21.958043843368014,0.041956156631986374,0.0,18.88027048439387,501.8167183770915,3020.6969888614854,3020.6969888614854,2981.0405977461846
59340.0,16.483333333333334,22.0,10.0,22.033331355088233,22.472466097413516,22.5,22.138695895578675,-0.13869589557867457,0.0,-62.413153010403555,501.6294789180603,2939.2163259076565,2939.2163259076565,2980.9282909405188
59400.0,16.5,22.0,10.0,22.033002500514254,22.223367169915807,22.200000000000003,22.159130597052453,-0.15913059705245303,0.0,-71.60876867360386,501.41465261203945,2929.8058839384357,2929.8058839384357,2980.4758437515793
59460.0,16.516666666666666,22.0,10.0,22.03266920313773,22.148175604975798,22.1,22.139420398034968,-0.13942039803496797,0.0,-62.73917911573559,501.22643507469223,2938.4872559589567,2938.4872559589567,2980.55367924021
59520.0,16.533333333333335,22.0,10.0,22.032337839679197,21.96147175127515,22.0,22.09294693202331,-0.09294693202330961,0.0,-41.826119410489326,501.1009567164608,2959.2748373059712,2959.2748373059712,2980.979462064756
59580.0,16.55,22.0,10.0,22.032012579704936,21.98933294555261,22.0,22.06196462134887,-0.06196462134887071,0.0,-27.88407960699182,501.0173044776398,2973.133224870648,2973.133224870648,2980.8794782382647
59640.0,16.566666666666666,22.0,10.0,22.03168709570468,21.959868668552033,22.0,22.04130974756591,-0.04130974756591144,0.0,-18.589386404660146,500.9615363184259,2982.3721499137655,2982.3721499137655,2981.1861306284636
59700.0,16.583333333333332,22.0,10.0,22.031366267985106,21.96360930227352,22.0,22.027539831710605,-0.027539831710605256,0.0,-12.392924269772365,500.92435754561654,2988.5314332758444,2988.5314332758444,2981.0061520252134
59760.0,16.6,22.0,10.0,22.031044243005454,21.547344369285153,21.5,21.851693221140405,0.1483067788595953,0.0,66.73805048681788,501.12457169707704,3067.862622183895,3067.862622183895,2981.5096596518315
59820.0,16.616666666666667,22.0,10.0,22.03072922619226,22.015489342866,22.0,21.901128814093603,0.09887118590639687,0.0,44.49203365787859,501.25804779805065,3045.750081455929,3045.750081455929,2981.9584332089935
59880.0,16.633333333333333,22.0,10.0,22.030420539712193,21.950993806365368,22.0,21.934085876062404,0.06591412393759555,0.0,29.661355771917997,501.3470318653664,3031.008387637284,3031.008387637284,2982.6195823564162
59940.0,16.65,22.0,10.0,22.030120713081335,22.08511197773476,22.1,21.989390584041605,0.010609415958395374,0.0,4.774237181277918,501.3613545769103,3006.135591758188,3006.135591758188,2983.16628245108
60000.0,16.666666666666668,22.0,10.0,22.029828346331502,22.068796258965406,22.1,22.02626038936107,-0.026260389361070224,0.0,-11.817175212481601,501.32590305127286,2989.508727838791,2989.508727838791,2983.6349176106314
60060.0,16.683333333333334,22.0,10.0,22.029542480303835,22.197286078968936,22.200000000000003,22.084173592907383,-0.08417359290738347,0.0,-37.87811680832256,501.2122687008479,2963.3341518925254,2963.3341518925254,2984.5512733396117
60120.0,16.7,22.0,10.0,22.029268468142998,22.023738612056476,22.0,22.056115728604922,-0.05611572860492231,0.0,-25.25207787221504,501.1365124672312,2975.884434595016,2975.884434595016,2984.7545439100563
60180.0,16.716666666666665,22.0,10.0,22.02899771726549,22.185484075720872,22.200000000000003,22.104077152403285,-0.10407715240328486,0.0,-46.834718581478185,500.99600831148683,2954.161289730009,2954.161289730009,2985.490718262292
60240.0,16.733333333333334,22.0,10.0,22.028736612732843,21.513648008435098,21.5,21.90271810160219,0.0972818983978101,0.0,43.77685427901454,501.12733887432387,3044.9041931533384,3044.9041931533384,2986.5736507917445
60300.0,16.75,22.0,10.0,22.028489286704144,21.805353869789275,21.8,21.86847873440146,0.13152126559853983,0.0,59.18456951934292,501.3048925828819,3060.489462102225,3060.489462102225,2986.876386278876
60360.0,16.766666666666666,22.0,10.0,22.028246335479377,22.370534894891897,22.400000000000002,22.045652489600975,-0.04565248960097534,0.0,-20.543620320438905,501.2432617219206,2980.6996414014816,2980.6996414014816,2986.6644773966686
60420.0,16.783333333333335,22.0,10.0,22.0280015702017,21.781297790658098,21.8,21.96376832640065,0.036231673599349534,0.0,16.30425311970729,501.2921744812797,3017.596427600987,3017.596427600987,2986.1148678105733
60480.0,16.8,22.0,10.0,22.02775094390482,21.96908999009978,22.0,21.97584555093377,0.024154449066230654,0.0,10.869502079803794,501.32478298751914,3012.1942850673227,3012.1942850673227,2985.5961800385185
60540.0,16.816666666666666,22.0,10.0,22.02749484523357,22.16601555225249,22.200000000000003,22.050563700622515,-0.05056370062251503,0.0,-22.753665280131763,501.2565219916787,2978.502856711547,2978.502856711547,2984.0968948321797
60600.0,16.833333333333332,22.0,10.0,22.027221523435855,21.847877603153464,21.8,21.967042467081676,0.03295753291832426,0.0,14.830889813245918,501.3010146611185,3016.1319044743645,3016.1319044743645,2983.71460289229
60660.0,16.85,22.0,10.0,22.026944434100255,22.16861933313841,22.200000000000003,22.04469497805445,-0.04469497805445144,0.0,-20.112740124503148,501.24067644074495,2981.127936316242,2981.127936316242,2983.8174359378495
60720.0,16.866666666666667,22.0,10.0,22.026669410029207,21.7382181208319,21.700000000000003,21.929796652036302,0.07020334796369809,0.0,31.59150658366414,501.3354509604959,3032.9269575441604,3032.9269575441604,2984.4892240680615
60780.0,16.883333333333333,22.0,10.0,22.026403272487936,21.640902035741348,21.6,21.81986443469087,0.18013556530912922,0.0,81.06100438910815,501.5786339736633,3082.6396383627716,3082.6396383627716,2984.5287617086
60840.0,16.9,22.0,10.0,22.026138407810976,21.75744794755487,21.8,21.81324295646058,0.18675704353941924,0.0,84.04066959273865,501.8307559824415,3085.87142557518,3085.87142557518,2984.402854374572
60900.0,16.916666666666668,22.0,10.0,22.025872826840036,21.692299344040507,21.700000000000003,21.775495304307054,0.2245046956929464,0.0,101.02711306182587,502.13383732162697,3103.1609503834525,3103.1609503834525,2983.666938153517
60960.0,16.933333333333334,22.0,10.0,22.025599211617358,22.019227336658602,22.0,21.85033020287137,0.14966979712863093,0.0,67.35140870788392,502.33589154775063,3069.6873002556345,3069.6873002556345,2982.7837156410837
61020.0,16.95,22.0,10.0,22.0253158185702,21.958927951983288,22.0,21.90022013524758,0.09977986475242062,0.0,44.90093913858928,502.4705943651664,3047.371533503756,3047.371533503756,2982.3088324627047
61080.0,16.966666666666665,22.0,10.0,22.02502757710404,22.087883095392904,22.1,21.966813423498387,0.033186576501613274,0.0,14.933959425725973,502.5153962434436,3017.4493556691696,3017.4493556691696,2982.3550266431967
61140.0,16.983333333333334,22.0,10.0,22.02474075469245,21.814761860675162,21.8,21.911208948998926,0.0887910510010741,0.0,39.95597295048334,502.635264162295,3042.591237112779,3042.591237112779,2982.994059346835
61200.0,17.0,22.0,10.0,22.024462461140534,22.530213935426996,22.5,22.10747263266595,-0.10747263266594942,0.0,-48.36268469967724,502.49017610819595,2954.127491408519,2954.127491408519,2982.264430456182
61260.0,17.016666666666666,22.0,10.0,22.024176246922586,22.00225208125708,22.0,22.071648421777297,-0.07164842177729724,0.0,-32.24178979978376,502.3934507387966,2970.151660939013,2970.151660939013,2981.390121347553
61320.0,17.033333333333335,22.0,10.0,22.02388039963799,22.01189692189723,22.0,22.047765614518198,-0.04776561451819816,0.0,-21.494526533189173,502.3289671591971,2980.834440626008,2980.834440626008,2980.6750735910764
61380.0,17.05,22.0,10.0,22.02357685932217,22.111908886511237,22.1,22.065177076345467,-0.0651770763454671,0.0,-29.329684355460195,502.24097810613074,2972.91129375067,2972.91129375067,2980.3184029863246
61440.0,17.066666666666666,22.0,10.0,22.02326994958004,21.971749998845787,22.0,22.04345138423031,-0.04345138423030903,0.0,-19.553122903639064,502.1823187374198,2982.6291958337806,2982.6291958337806,2980.19865001773
61500.0,17.083333333333332,22.0,10.0,22.022962523531515,21.89385836673969,21.900000000000002,21.99563425615354,0.004365743846459935,0.0,1.9645847309069708,502.1882124916125,3004.1527972225194,3004.1527972225194,2980.234875015997
61560.0,17.1,22.0,10.0,22.022656454461114,22.03701616313018,22.0,21.997089504102362,0.0029104958976375883,0.0,1.3097231539369147,502.19214166107434,3003.5018648150112,3003.5018648150112,2980.3731509869945
61620.0,17.116666666666667,22.0,10.0,22.022352962909576,22.203308478926957,22.200000000000003,22.064726336068244,-0.06472633606824374,0.0,-29.126851230709683,502.10476110738216,2972.9779098766726,2972.9779098766726,2981.831308840276
61680.0,17.133333333333333,22.0,10.0,22.02206787972693,22.15241969014474,22.200000000000003,22.109817557378832,-0.10981755737883248,0.0,-49.417900820474614,501.9565074049207,2952.538606584446,2952.538606584446,2982.8966217172037
61740.0,17.15,22.0,10.0,22.021796435548357,22.207412506322466,22.200000000000003,22.13987837158589,-0.13987837158589045,0.0,-62.9452672136507,501.7676716032798,2938.822404389629,2938.822404389629,2983.6984844825383
61800.0,17.166666666666668,22.0,10.0,22.0215354280555,21.905979288410684,21.900000000000002,22.059918914390593,-0.05991891439059316,0.0,-26.96351147576692,501.68678106885244,2974.723269593085,2974.723269593085,2984.072436270466
61860.0,17.183333333333334,22.0,10.0,22.02127969100658,21.86361934865667,21.900000000000002,22.00661260959373,-0.006612609593730667,0.0,-2.9756743171788003,501.67785404590086,2998.702179728722,2998.702179728722,2984.163041129938
61920.0,17.2,22.0,10.0,22.02102580842712,22.419259223027385,22.400000000000002,22.137741739729154,-0.1377417397291545,0.0,-61.98378287811952,501.4919026972665,2939.508119819147,2939.508119819147,2983.815892975981
61980.0,17.216666666666665,22.0,10.0,22.02076852171755,21.970390568677168,22.0,22.091827826486103,-0.09182782648610299,0.0,-41.32252191874635,501.36793513151025,2960.0454132127643,2960.0454132127643,2983.683702002965
62040.0,17.233333333333334,22.0,10.0,22.020510420576432,22.11364916976702,22.1,22.09455188432407,-0.09455188432406914,0.0,-42.54834794583111,501.24029008767275,2958.6919421418415,2958.6919421418415,2983.191661798416
62100.0,17.25,22.0,10.0,22.020247189256285,22.165431557031415,22.200000000000003,22.129701256216048,-0.12970125621604822,0.0,-58.3655652972217,501.0651933917811,2942.6996280945596,2942.6996280945596,2984.2202039876647
62160.0,17.266666666666666,22.0,10.0,22.019997090136368,22.301697560530172,22.3,22.186467504144034,-0.18646750414403357,0.0,-83.9103768648151,500.81346226118666,2916.9030853963714,2916.9030853963714,2985.4913582895742
62220.0,17.283333333333335,22.0,10.0,22.019762995165433,21.747117348468457,21.700000000000003,22.024311669429355,-0.024311669429355476,0.0,-10.940251243209964,500.78064150745706,2989.840390264247,2989.840390264247,2985.4114963414395
62280.0,17.3,22.0,10.0,22.019528644136035,21.921114798288194,21.900000000000002,21.98287444628624,0.01712555371376112,0.0,7.706499171192505,500.8037610049707,3008.5102601761632,3008.5102601761632,2985.9479118624317
62340.0,17.316666666666666,22.0,10.0,22.019301433145976,21.930242772142925,21.900000000000002,21.955249630857494,0.04475036914250552,0.0,20.137666114127484,500.86417400331305,3021.0018401174407,3021.0018401174407,2986.385351415847
62400.0,17.333333333333332,22.0,10.0,22.019080153063527,21.956464015547684,22.0,21.970166420571665,0.029833579428334644,0.0,13.42511074275059,500.90444933554124,3014.329560078292,3014.329560078292,2986.2539765041083
62460.0,17.35,22.0,10.0,22.018857960322386,21.534010937267443,21.5,21.813444280381113,0.1865557196188874,0.0,83.95007382849933,501.1562995570267,3085.106373385526,3085.106373385526,2986.7519419702794
62520.0,17.366666666666667,22.0,10.0,22.018642409745063,21.9971231907657,22.0,21.875629520254073,0.1243704797459273,0.0,55.966715885667284,501.32419970468374,3057.2909155903512,3057.2909155903512,2986.658208542712
62580.0,17.383333333333333,22.0,10.0,22.01842638101834,21.43739172764324,21.400000000000002,21.717086346836048,0.282913653163952,0.0,127.3111439237784,501.70613313645504,3129.017277060233,3129.017277060233,2987.429354359403
62640.0,17.4,22.0,10.0,22.0182202541276,22.07563893370724,22.1,21.84472423122403,0.15527576877596871,0.0,69.87409594918591,501.9157554243027,3071.789851373489,3071.789851373489,2989.016192426126
62700.0,17.416666666666668,22.0,10.0,22.01803378767433,22.123403330728404,22.1,21.929816154149353,0.07018384585064652,0.0,31.582730632790934,502.010503616201,3033.593234248992,3033.593234248992,2990.6304463119436
62760.0,17.433333333333334,22.0,10.0,22.01786725166705,22.135351719681466,22.1,21.986544102766235,0.013455897233765057,0.0,6.055153755194276,502.0286690774666,3008.0838228326606,3008.0838228326606,2992.5059547131355
62820.0,17.45,22.0,10.0,22.017723721368604,21.774707388599516,21.8,21.92436273517749,0.07563726482251099,0.0,34.03676917012994,502.13077938497696,3036.167548555107,3036.167548555107,2993.792310472177
62880.0,17.466666666666665,22.0,10.0,22.017596057930163,22.206605621601337,22.200000000000003,22.01624182345166,-0.016241823451661475,0.0,-7.3088205532476636,502.1088529233172,2994.8000323700694,2994.8000323700694,2994.6852975227034
62940.0,17.483333333333334,22.0,10.0,22.017479493326643,21.842698039496714,21.8,21.94416121563444,0.05583878436555878,0.0,25.12745296450145,502.1842352822107,3027.311688246712,3027.311688246712,2995.064698491811
63000.0,17.5,22.0,10.0,22.017367831228565,21.770002400725886,21.8,21.89610747708963,0.1038925229103711,0.0,46.751635309666995,502.3244901881397,3049.076125497807,3049.076125497807,2995.8568074688274
63060.0,17.516666666666666,22.0,10.0,22.017266009424507,21.819300214768486,21.8,21.864071651393086,0.13592834860691383,0.0,61.16775687311122,502.507993458759,3063.67575033187,3063.67575033187,2995.161318867822
63120.0,17.533333333333335,22.0,10.0,22.017156147222646,21.845748494923797,21.8,21.842714434262056,0.1572855657379435,0.0,70.77850458207458,502.72032897250523,3073.49883355458,3073.49883355458,2994.744491235675
63180.0,17.55,22.0,10.0,22.017041612675808,22.049743500344704,22.0,21.895142956174702,0.10485704382529804,0.0,47.185669721384116,502.8618859816694,3050.0475557030536,3050.0475557030536,2994.5126570588473
63240.0,17.566666666666666,22.0,10.0,22.016924639722486,22.180126780533474,22.200000000000003,21.996761970783137,0.003238029216863225,0.0,1.4571131475884513,502.86625732111213,3004.323370468701,3004.323370468701,2994.152634337044
63300.0,17.583333333333332,22.0,10.0,22.016803697415362,21.594792488321108,21.6,21.86450798052209,0.13549201947790834,0.0,60.971408765058754,503.0491715474073,3064.020580312466,3064.020580312466,2993.9605770286566
63360.0,17.6,22.0,10.0,22.01668081324746,21.906825405714958,21.900000000000002,21.876338653681394,0.12366134631860604,0.0,55.647605843372716,503.21611436493737,3058.86372020831,3058.86372020831,2994.1304473652212
63420.0,17.616666666666667,22.0,10.0,22.016560336176102,22.195354666434568,22.200000000000003,21.984225769120933,0.015774230879067375,0.0,7.098403895580319,503.2374095766241,3010.3358134722043,3010.3358134722043,2994.286637656051
63480.0,17.633333333333333,22.0,10.0,22.016442094819446,22.055681083372257,22.1,22.022817179413956,-0.022817179413955557,0.0,-10.26773073628,503.2066063844153,2992.9388756481353,2992.9388756481353,2993.9314921930613
63540.0,17.65,22.0,10.0,22.016319946441303,22.116674604334694,22.1,22.048544786275972,-0.04854478627597203,0.0,-21.845153824187413,503.14107092294273,2981.295917098755,2981.295917098755,2993.241610766251
63600.0,17.666666666666668,22.0,10.0,22.016189885931173,21.715255692014477,21.700000000000003,21.932363190850648,0.06763680914935222,0.0,30.436564117208498,503.2323806152944,3033.668944732503,3033.668944732503,2992.3346239933076
63660.0,17.683333333333334,22.0,10.0,22.016049331761298,22.20579681438872,22.200000000000003,22.0215754605671,-0.02157546056709947,0.0,-9.708957255194761,503.2032537435288,2993.494296488334,2993.494296488334,2992.0411014199703
63720.0,17.7,22.0,10.0,22.015905676983053,21.702116842083417,21.700000000000003,21.914383640378066,0.08561635962193392,0.0,38.527361829870266,503.3188358290185,3041.8461976588887,3041.8461976588887,2992.152119391783
63780.0,17.716666666666665,22.0,10.0,22.015763785384806,22.053778078190636,22.1,21.976255760252045,0.023744239747955476,0.0,10.684907886579964,503.35089055267827,3014.035798439258,3014.035798439258,2991.2747193989057
63840.0,17.733333333333334,22.0,10.0,22.01561179066144,22.287863268839036,22.3,22.084170506834695,-0.0841705068346954,0.0,-37.87672807561293,503.2372603684514,2965.360532292839,2965.360532292839,2990.75423096247
63900.0,17.75,22.0,10.0,22.015454006061002,22.391324084030394,22.400000000000002,22.189447004556463,-0.18944700455646313,0.0,-85.25115205040841,502.98150691230023,2917.7303548618916,2917.7303548618916,2990.219859482126
63960.0,17.766666666666666,22.0,10.0,22.015290282356606,22.11759759236587,22.1,22.159631336370975,-0.1596313363709747,0.0,-71.83410136693863,502.7660046081994,2930.9319032412604,2930.9319032412604,2989.427855625667
64020.0,17.783333333333335,22.0,10.0,22.015117545777045,22.191311386168703,22.200000000000003,22.17308755758065,-0.17308755758065075,0.0,-77.88940091129284,502.5323364054655,2924.642935494173,2924.642935494173,2988.2191094551786
64080.0,17.8,22.0,10.0,22.014930822453177,21.893664495618825,21.900000000000002,22.082058371720436,-0.08205837172043573,0.0,-36.92626727419608,502.4215576036429,2965.495290329447,2965.495290329447,2988.2461308019965
64140.0,17.816666666666666,22.0,10.0,22.014744983555442,21.91845615710826,21.900000000000002,22.021372247813623,-0.021372247813623346,0.0,-9.617511516130506,502.3927050690945,2992.775193552964,2992.775193552964,2988.5838662915658
64200.0,17.833333333333332,22.0,10.0,22.014563755000275,22.24844842927779,22.200000000000003,22.080914831875752,-0.08091483187575221,0.0,-36.411674344088496,502.28347004606223,2965.8717957019735,2965.8717957019735,2989.1241658553304
64260.0,17.85,22.0,10.0,22.014389553725536,22.01471083022003,22.0,22.0539432212505,-0.05394322125049911,0.0,-24.274449562724598,502.2106466973741,2977.93619713465,2977.93619713465,2989.5442557590463
64320.0,17.866666666666667,22.0,10.0,22.014220916133468,21.988758151361267,22.0,22.035962147500335,-0.03596214750033511,0.0,-16.182966375150798,502.1620977982486,2985.979131423098,2985.979131423098,2991.136957719488
64380.0,17.883333333333333,22.0,10.0,22.014071896877702,21.731960276840287,21.700000000000003,21.923974765000224,0.07602523499977565,0.0,34.21135574989904,502.26473186549833,3036.476087615398,3036.476087615398,2992.239523684002
64440.0,17.9,22.0,10.0,22.01393655547128,22.044054751050226,22.0,21.949316510000152,0.050683489999848064,0.0,22.80757049993163,502.3331545769982,3025.14072507693,3025.14072507693,2994.5191529069393
64500.0,17.916666666666668,22.0,10.0,22.013828975639747,22.143001657056274,22.1,21.999544340000103,0.0004556599998970512,0.0,0.20504699995367304,502.33376971799805,3002.5388167179517,3002.5388167179517,2995.806997881382
64560.0,17.933333333333334,22.0,10.0,22.013737172687403,21.854903277639313,21.900000000000002,21.966362893333404,0.03363710666659614,0.0,15.136697999968263,502.379179811998,3017.515877811966,3017.515877811966,2996.4367684875087
64620.0,17.95,22.0,10.0,22.01365320239119,21.912237237901444,21.900000000000002,21.944241928888935,0.05575807111106457,0.0,25.091131999979055,502.4544532079979,3027.545585207977,3027.545585207977,2996.630886059928
64680.0,17.966666666666665,22.0,10.0,22.013571813416736,22.329663132620915,22.3,22.062827952592624,-0.06282795259262386,0.0,-28.272578666680737,502.3696354719979,2974.097056805317,2974.097056805317,2997.2898304348473
64740.0,17.983333333333334,22.0,10.0,22.013498575941703,22.049151805771476,22.0,22.041885301728414,-0.04188530172841354,0.0,-18.848385777786092,502.3130903146646,2983.4647045368783,2983.4647045368783,2997.2483338004345
64800.0,18.0,22.0,10.0,22.013425060219483,21.955706331102483,22.0,22.02792353448561,-0.027923534485609025,0.0,-12.565590518524061,502.275393543109,2989.709803024585,2989.709803024585,2997.7493897078725
64860.0,18.016666666666666,22.0,10.0,22.013357777715317,21.78596121984745,21.8,21.951949022990405,0.04805097700959493,0.0,21.62293965431772,502.340262362072,3023.9632020163895,3023.9632020163895,2998.6048353043716
64920.0,18.033333333333335,22.0,10.0,22.013300962405825,21.889385156149615,21.900000000000002,21.934632681993605,0.06536731800639473,0.0,29.415293102877627,502.4285082413806,3031.8438013442583,3031.8438013442583,2999.68935055483
64980.0,18.05,22.0,10.0,22.013257331725267,21.963258081516965,22.0,21.956421787995737,0.04357821200426315,0.0,19.610195401918418,502.48733882758637,3022.097534229505,3022.097534229505,3000.9195086048258
65040.0,18.066666666666666,22.0,10.0,22.01322859383335,22.287054164076093,22.3,22.070947858663825,-0.0709478586638248,0.0,-31.92653639872116,502.3915592183902,2970.4650228196692,2970.4650228196692,3001.738309389796
65100.0,18.083333333333332,22.0,10.0,22.01320976776453,21.89111082812808,21.900000000000002,22.01396523910922,-0.01396523910921843,0.0,-6.284357599148294,502.37270614559276,2996.0883485464446,2996.0883485464446,3001.781393741111
65160.0,18.1,22.0,10.0,22.01319151518613,22.37205866867934,22.400000000000002,22.14264349273948,-0.14264349273948085,0.0,-64.18957173276638,502.18013743039444,2937.990565697628,2937.990565697628,3002.8187135173002
65220.0,18.116666666666667,22.0,10.0,22.013185765202778,21.827448201812604,21.8,22.028428995159654,-0.028428995159654136,0.0,-12.793047821844361,502.14175828692896,2989.3487104650844,2989.3487104650844,3003.7527969621506
65280.0,18.133333333333333,22.0,10.0,22.013191241470714,21.941673880505505,21.900000000000002,21.985619330106438,0.014380669893562015,0.0,6.471301452102907,502.1611721912853,3008.6324736433885,3008.6324736433885,3003.862513903985
65340.0,18.15,22.0,10.0,22.01319801791315,22.181906747495333,22.200000000000003,22.057079553404293,-0.05707955340429294,0.0,-25.685799031931822,502.0841147941895,2976.398315762258,2976.398315762258,3003.6804532663873
65400.0,18.166666666666668,22.0,10.0,22.013202589298608,21.96516360307159,22.0,22.038053035602864,-0.03805303560286433,0.0,-17.123866021288947,502.03274319612564,2984.9088771748366,2984.9088771748366,3003.3073776635933
65460.0,18.183333333333334,22.0,10.0,22.013202670062675,21.847150261582556,21.8,21.958702023735242,0.04129797626475806,0.0,18.58408931914113,502.08849546408305,3020.672584783224,3020.672584783224,3003.8134037814084
65520.0,18.2,22.0,10.0,22.013208822897862,21.986840140601526,22.0,21.972468015823495,0.027531984176505375,0.0,12.389392879427419,502.1256636427213,3014.5150565221484,3014.5150565221484,3003.641418659857
65580.0,18.216666666666665,22.0,10.0,22.013212893453087,22.102955392138874,22.1,22.014978677215662,-0.014978677215662373,0.0,-6.740404747048068,502.10544242848016,2995.365037681432,2995.365037681432,3004.278164976508
65640.0,18.233333333333334,22.0,10.0,22.013224592752447,21.67007774978264,21.700000000000003,21.90998578481044,0.09001421518955866,0.0,40.506396835301395,502.2269616189861,3042.7333584542876,3042.7333584542876,3004.4407922008872
65700.0,18.25,22.0,10.0,22.0132382084806,21.963530939330866,22.0,21.93999052320696,0.06000947679304147,0.0,27.004264556868662,502.30797441265673,3029.3122389695254,3029.3122389695254,3003.789454535753
65760.0,18.266666666666666,22.0,10.0,22.013243967309588,21.991376642419258,22.0,21.95999368213797,0.040006317862030016,0.0,18.002843037913507,502.36198294177046,3020.3648259796837,3020.3648259796837,3002.3551362078556
65820.0,18.283333333333335,22.0,10.0,22.013232497042154,21.93248294505702,21.900000000000002,21.93999578809198,0.0600042119080193,0.0,27.001895358608685,502.44298862784626,3029.444883986455,3029.444883986455,3001.1647489917455
65880.0,18.3,22.0,10.0,22.01320677653893,22.160277989814727,22.200000000000003,22.02666385872799,-0.026663858727989265,0.0,-11.99873642759517,502.4069924185635,2990.4082559909684,2990.4082559909684,2999.8893854334524
65940.0,18.316666666666666,22.0,10.0,22.013165828834513,21.899455394931337,21.900000000000002,21.984442572485328,0.015557427514671929,0.0,7.000842381602368,502.4279949457083,3009.4288373273107,3009.4288373273107,2999.3161505150524
66000.0,18.333333333333332,22.0,10.0,22.01311812515419,21.940215155436924,21.900000000000002,21.956295048323554,0.04370495167644606,0.0,19.667228254400726,502.48699663047154,3022.1542248848723,3022.1542248848723,2999.207134565684
66060.0,18.35,22.0,10.0,22.013069256393514,22.02059777386602,22.0,21.970863365549036,0.02913663445096404,0.0,13.111485502933817,502.5263310869803,3015.637816589914,3015.637816589914,2998.6515455846225
66120.0,18.366666666666667,22.0,10.0,22.01301386717135,22.15878368603444,22.200000000000003,22.04724224369936,-0.047242243699358255,0.0,-21.259009664711215,502.4625540579862,2981.203544393275,2981.203544393275,2998.306289777123
66180.0,18.383333333333333,22.0,10.0,22.01295450104716,21.96872197751762,22.0,22.031494829132903,-0.031494829132903135,0.0,-14.17267310980641,502.42003603865675,2988.24736292885,2988.24736292885,2998.100837137889
66240.0,18.4,22.0,10.0,22.012892847589676,22.316212301770026,22.3,22.12099655275527,-0.120996552755269,0.0,-54.44844873987105,502.2566906924372,2947.8082419525663,2947.8082419525663,2998.7404246458473
66300.0,18.416666666666668,22.0,10.0,22.012839054142656,21.83129539413791,21.8,22.013997701836846,-0.013997701836846232,0.0,-6.298965826580805,502.23779379495744,2995.9388279683762,2995.9388279683762,2999.1804296530318
66360.0,18.433333333333334,22.0,10.0,22.012790702136066,22.27009357260288,22.3,22.109331801224563,-0.10933180122456321,0.0,-49.19931055105344,502.09019586330425,2952.890885312251,2952.890885312251,2999.2364027707804
66420.0,18.45,22.0,10.0,22.012743166862908,21.841178856640774,21.8,22.006221200816377,-0.006221200816376893,0.0,-2.7995403673696018,502.08179724220213,2999.2822568748325,2999.2822568748325,2999.5410606881333
66480.0,18.466666666666665,22.0,10.0,22.012699430090578,21.9800861336954,22.0,22.00414746721092,-0.004147467210920297,0.0,-1.8663602449141337,502.07619816146746,3000.209837916553,3000.209837916553,3000.007802763464
66540.0,18.483333333333334,22.0,10.0,22.012661425433468,22.085470662506978,22.1,22.036098311473946,-0.036098311473946154,0.0,-16.24424016327577,502.0274654409776,2985.783225277702,2985.783225277702,2999.575956997495
66600.0,18.5,22.0,10.0,22.012618352641137,22.42358632489308,22.400000000000002,22.157398874315966,-0.157398874315966,0.0,-70.8294934421847,501.81497696065105,2930.9854835184665,2930.9854835184665,2999.307436123151
66660.0,18.516666666666666,22.0,10.0,22.01257218681669,22.19173741614731,22.200000000000003,22.17159924954398,-0.17159924954398065,0.0,-77.21966229479129,501.58331797376667,2924.363655678975,2924.363655678975,2999.1474755715085
66720.0,18.533333333333335,22.0,10.0,22.0125242399631,21.93135167005171,21.900000000000002,22.081066166362653,-0.08106616636265329,0.0,-36.47977486319398,501.4738786491771,2964.994103785983,2964.994103785983,2999.5610710122564
66780.0,18.55,22.0,10.0,22.012481400095357,22.272305223213703,22.3,22.154044110908437,-0.15404411090843695,0.0,-69.31984990879663,501.2659190994507,2931.9460691906543,2931.9460691906543,3000.0991165177898
66840.0,18.566666666666666,22.0,10.0,22.012445145293285,21.969704164314543,22.0,22.102696073938958,-0.10269607393895797,0.0,-46.213233272531085,501.12727939963315,2954.914046127102,2954.914046127102,3000.465756812985
66900.0,18.583333333333332,22.0,10.0,22.01241339893916,21.85412422767923,21.900000000000002,22.035130715959305,-0.03513071595930484,0.0,-15.808822181687177,501.0798529330881,2985.271030751401,2985.271030751401,2999.965744579763
66960.0,18.6,22.0,10.0,22.0123757476773,22.102112686034637,22.1,22.056753810639538,-0.056753810639538216,0.0,-25.539214787792197,501.0032352887247,2975.4640205009323,2975.4640205009323,2999.901121312541
67020.0,18.616666666666667,22.0,10.0,22.012337433890018,22.03123160349668,22.0,22.03783587375969,-0.037835873759689775,0.0,-17.0261431918604,500.95215685914906,2983.9260136672888,2983.9260136672888,2998.869278718959
67080.0,18.633333333333333,22.0,10.0,22.012286852932974,22.20302012638562,22.200000000000003,22.091890582506462,-0.09189058250646198,0.0,-41.35076212790789,500.82810457276537,2959.4773424448576,2959.4773424448576,2998.710602581394
67140.0,18.65,22.0,10.0,22.01223451960515,21.902286846775688,21.900000000000002,22.02792705500431,-0.0279270550043087,0.0,-12.567174751938914,500.7904030485095,2988.2232282965706,2988.2232282965706,2998.875967099094
67200.0,18.666666666666668,22.0,10.0,22.012184327651525,22.08848502718371,22.1,22.05195137000287,-0.051951370002871755,0.0,-23.37811650129229,500.72026869900566,2977.3421521977134,2977.3421521977134,2998.5013395768133
67260.0,18.683333333333334,22.0,10.0,22.012129790743494,22.139039657310448,22.1,22.067967580001916,-0.06796758000191616,0.0,-30.585411000862273,500.62851246600303,2970.043101465141,2970.043101465141,2998.2747985367805
67320.0,18.7,22.0,10.0,22.012072698953705,22.067681810863842,22.1,22.07864505333461,-0.07864505333461125,0.0,-35.39027400057506,500.5223416440013,2965.132067643426,2965.132067643426,2998.6480949742213
67380.0,18.716666666666665,22.0,10.0,22.012020257996536,22.006223551578262,22.0,22.052430035556405,-0.05243003555640513,0.0,-23.59351600038231,500.45156109600015,2976.858045095618,2976.858045095618,2998.9125443333533
67440.0,18.733333333333334,22.0,10.0,22.011971147754547,21.872447472936347,21.900000000000002,22.00162002370427,-0.001620023704269613,0.0,-0.7290106669213259,500.44937406399936,2999.7203633970785,2999.7203633970785,2998.853419222488
67500.0,18.75,22.0,10.0,22.011921475341953,22.19267183361303,22.200000000000003,22.067746682469515,-0.06774668246951521,0.0,-30.486007111281843,500.3579160426655,2969.871908931384,2969.871908931384,2999.584751543018
67560.0,18.766666666666666,22.0,10.0,22.011880727934443,22.03932562799693,22.0,22.045164454979677,-0.045164454979676805,0.0,-20.324004740854562,500.2969440284429,2979.9729392875884,2979.9729392875884,3000.080209666793
67620.0,18.783333333333335,22.0,10.0,22.01184604826664,22.11110684276841,22.1,22.06344296998645,-0.06344296998645049,0.0,-28.54933649390272,500.21129601896126,2971.6619595250586,2971.6619595250586,3000.418286605341
67680.0,18.8,22.0,10.0,22.011815529561105,21.941659881388986,21.900000000000002,22.008961979990968,-0.008961979990967706,0.0,-4.0328909959354675,500.19919734597346,2996.166306350038,2996.166306350038,3000.9020632283596
67740.0,18.816666666666666,22.0,10.0,22.01179090773116,22.014393245879592,22.0,22.005974653327314,-0.005974653327314172,0.0,-2.6885939972913775,500.19113156398157,2997.50253756669,2997.50253756669,3000.7271664410696
67800.0,18.833333333333332,22.0,10.0,22.01176426100526,21.80431866266432,21.8,21.937316435551544,0.0626835644484558,0.0,28.20760400180511,500.275754375987,3028.4833583777922,3028.4833583777922,3000.8721942891734
67860.0,18.85,22.0,10.0,22.011739434553714,22.028844493580873,22.0,21.95821095703436,0.04178904296563957,0.0,18.805069334537805,500.3321695839906,3019.137238918528,3019.137238918528,3001.226894799102
67920.0,18.866666666666667,22.0,10.0,22.01171893898764,22.164761003718503,22.200000000000003,22.038807304689577,-0.03880730468957694,0.0,-17.463287110309622,500.2797797226596,2982.81649261235,2982.81649261235,3001.467076828949
67980.0,18.883333333333333,22.0,10.0,22.011701387092625,22.030300044308593,22.0,22.025871536459718,-0.02587153645971796,0.0,-11.642191406873081,500.244853148439,2988.6026617415655,2988.6026617415655,3001.1293512883544
68040.0,18.9,22.0,10.0,22.011679835146808,22.183558397250458,22.200000000000003,22.083914357639813,-0.08391435763981292,0.0,-37.761460937915814,500.1315687656253,2962.3701078277095,2962.3701078277095,3000.914651482363
68100.0,18.916666666666668,22.0,10.0,22.011655771459157,22.074237867883692,22.1,22.089276238426542,-0.08927623842654242,0.0,-40.17430729194409,500.01104584374946,2959.8367385518054,2959.8367385518054,3000.029544656866
68160.0,18.933333333333334,22.0,10.0,22.01162115868066,22.284392484684524,22.3,22.159517492284362,-0.15951749228436185,0.0,-71.78287152796284,499.79569722916557,2928.0128257012025,2928.0128257012025,2999.9613660453915
68220.0,18.95,22.0,10.0,22.011585831597163,21.9735759051666,22.0,22.106344994856244,-0.1063449948562436,0.0,-47.85524768530962,499.6521314861097,2951.7968838008,2951.7968838008,2999.1768580331727
68280.0,18.966666666666665,22.0,10.0,22.01154119639877,21.68381515108819,21.700000000000003,21.970896663237497,0.029103336762503318,0.0,13.096501543126493,499.69142099073906,3012.7879225338656,3012.7879225338656,2999.178614680534
68340.0,18.983333333333334,22.0,10.0,22.01149671618574,22.097994362002854,22.1,22.013931108825,-0.013931108824998262,0.0,-6.268998971249218,499.67261399382534,2993.403615022576,2993.403615022576,2999.1958017344678
68400.0,19.0,22.0,10.0,22.011452575657994,21.978414678082483,22.0,22.009287405883335,-0.009287405883334543,0.0,-4.179332647500544,499.66007599588283,2995.4807433483825,2995.4807433483825,2998.9722587935216
68460.0,19.016666666666666,22.0,10.0,22.01140588503654,21.81654720858001,21.8,21.939524937255555,0.060475062744444585,0.0,27.213778235000063,499.74171733058785,3026.955495565588,3026.955495565588,2997.839145872271
68520.0,19.033333333333335,22.0,10.0,22.0113457371319,22.141598808716452,22.1,21.993016624837036,0.0069833751629637675,0.0,3.1425188233336954,499.7511448870579,3002.8936637103916,3002.8936637103916,2996.614554369049
68580.0,19.05,22.0,10.0,22.011271074572935,22.06413690242386,22.1,22.028677749891358,-0.028677749891357962,0.0,-12.904987451111083,499.7124299247045,2986.8074424735933,2986.8074424735933,2996.0875468593313
68640.0,19.066666666666666,22.0,10.0,22.011190311911527,22.100258032298452,22.1,22.052451833260907,-0.052451833260906966,0.0,-23.603324967408135,499.6416199498023,2976.038294982394,2976.038294982394,2995.01852223152
68700.0,19.083333333333332,22.0,10.0,22.011096963242572,21.944621773085235,21.900000000000002,22.001634555507273,-0.0016345555072732054,0.0,-0.7355499782729424,499.6394132998675,2998.9038633215946,2998.9038633215946,2994.3501142964465
68760.0,19.1,22.0,10.0,22.0109958737244,22.050405306573953,22.1,22.03442303700485,-0.03442303700484928,0.0,-15.490366652182175,499.59294219991096,2984.1025755477285,2984.1025755477285,2994.1987962373623
68820.0,19.116666666666667,22.0,10.0,22.010893271658077,22.061761080489163,22.1,22.0562820246699,-0.056282024669901176,0.0,-25.32691110145553,499.5169614666066,2974.190050365151,2974.190050365151,2993.8865499750887
68880.0,19.133333333333333,22.0,10.0,22.010787230442805,22.365718251751144,22.400000000000002,22.17085468311327,-0.17085468311326935,0.0,-76.8846074009712,499.2863076444037,2922.4017002434325,2922.4017002434325,2993.7205410366255
68940.0,19.15,22.0,10.0,22.010679515243915,21.873887562352177,21.900000000000002,22.08056978874218,-0.08056978874218146,0.0,-36.256404933981656,499.1775384296018,2962.92113349562,2962.92113349562,2993.149821060096
69000.0,19.166666666666668,22.0,10.0,22.010565274550903,22.008466434639423,22.0,22.05371319249479,-0.05371319249479001,0.0,-24.170936622655503,499.1050256197338,2974.934088997078,2974.934088997078,2993.067711180704
69060.0,19.183333333333334,22.0,10.0,22.01045039126142,22.083222353715346,22.1,22.06914212832986,-0.06914212832986166,0.0,-31.11395774843775,499.0116837464885,2967.8977259980506,2967.8977259980506,2992.8056185309874
69120.0,19.2,22.0,10.0,22.010332707510006,21.665375322290927,21.700000000000003,21.94609475221991,0.05390524778009009,0.0,24.257361501040542,499.0844558309916,3023.3418173320324,3023.3418173320324,2992.4262432465566
69180.0,19.216666666666665,22.0,10.0,22.010210824306434,21.689617150820794,21.700000000000003,21.864063168146608,0.13593683185339245,0.0,61.1715743340266,499.2679705539937,3060.43954488802,3060.43954488802,2991.971340319838
69240.0,19.233333333333334,22.0,10.0,22.010083847917354,22.443247522082917,22.400000000000002,22.042708778764407,-0.04270877876440693,0.0,-19.21895044398312,499.2103137026617,2979.9913632586786,2979.9913632586786,2991.719452066101
69300.0,19.25,22.0,10.0,22.009954229798396,21.656530439066064,21.700000000000003,21.92847251917627,0.07152748082372895,0.0,32.18736637067803,499.30687580177374,3031.494242172452,3031.494242172452,2991.852800588284
69360.0,19.266666666666666,22.0,10.0,22.00982660071606,22.12481242964711,22.1,21.985648346117515,0.014351653882485493,0.0,6.458244247118472,499.3262505345151,3005.7844947816334,3005.7844947816334,2991.4864523940023
69420.0,19.283333333333335,22.0,10.0,22.00969495834264,21.840049877129726,21.8,21.923765564078344,0.07623443592165557,0.0,34.30549616474501,499.4291670230093,3033.7346631877544,3033.7346631877544,2991.2945605088953
69480.0,19.3,22.0,10.0,22.00956140819372,21.856929387643493,21.900000000000002,21.915843709385562,0.08415629061443752,0.0,37.870330776496886,499.5427780153388,3037.4131087918354,3037.4131087918354,2990.967350492498
69540.0,19.316666666666666,22.0,10.0,22.009424332175048,21.612919351320578,21.6,21.810562472923706,0.18943752707629358,0.0,85.24688718433211,499.79851867689183,3085.045405861224,3085.045405861224,2991.0539997567903
69600.0,19.333333333333332,22.0,10.0,22.009288707175603,21.829140992710535,21.8,21.807041648615805,0.19295835138419548,0.0,86.83125812288796,500.05901245126046,3086.8902705741484,3086.8902705741484,2991.1614753869553
69660.0,19.35,22.0,10.0,22.00915477875872,22.166030501859456,22.200000000000003,21.938027765743872,0.06197223425612819,0.0,27.887505415257685,500.14267496750625,3028.030180382764,3028.030180382764,2991.783506770136
69720.0,19.366666666666667,22.0,10.0,22.009028716503686,21.731280148320383,21.700000000000003,21.85868517716258,0.14131482283741903,0.0,63.59167027683856,500.3334499783368,3063.9251202551754,3063.9251202551754,2992.2394023059423
69780.0,19.383333333333333,22.0,10.0,22.008908503181846,22.1279938792502,22.1,21.93912345144172,0.060876548558280064,0.0,27.39444685122603,500.4156333188904,3027.810080170116,3027.810080170116,2992.082353811049
69840.0,19.4,22.0,10.0,22.008786765918032,22.07144631578775,22.1,21.992748967627815,0.007251032372185051,0.0,3.262964567483273,500.4254222125929,3003.688386780076,3003.688386780076,2992.0243589432243
69900.0,19.416666666666668,22.0,10.0,22.008664697927596,22.412325157798076,22.400000000000002,22.128499311751877,-0.12849931175187734,0.0,-57.824690288344804,500.25194814172784,2942.4272578533833,2942.4272578533833,2991.5301214246324
69960.0,19.433333333333334,22.0,10.0,22.00853706529091,21.913630348639366,21.900000000000002,22.052332874501253,-0.05233287450125346,0.0,-23.549793525564056,500.18129876115114,2976.631505235587,2976.631505235587,2991.001898376752
70020.0,19.45,22.0,10.0,22.008403476875557,22.261086284716118,22.3,22.134888583000837,-0.13488858300083706,0.0,-60.69986235037668,499.9991991741,2939.299336823723,2939.299336823723,2989.952080498826
70080.0,19.466666666666665,22.0,10.0,22.008257691410915,22.186031482259203,22.200000000000003,22.156592388667228,-0.15659238866722802,0.0,-70.46657490025261,499.7877994493992,2929.321224549147,2929.321224549147,2989.316160553859
70140.0,19.483333333333334,22.0,10.0,22.00810471226333,21.95077102879967,22.0,22.104394925778152,-0.10439492577815201,0.0,-46.97771660016841,499.64686629959874,2952.66914969943,2952.66914969943,2989.707356586859
70200.0,19.5,22.0,10.0,22.00795688640558,21.675365688618346,21.700000000000003,21.969596617185434,0.03040338281456556,0.0,13.681522266554502,499.6879108663984,3013.369433132953,3013.369433132953,2989.768960894121
70260.0,19.516666666666666,22.0,10.0,22.007810243277092,22.309698319194393,22.3,22.079731078123622,-0.07973107812362201,0.0,-35.878985155629906,499.58027391093145,2963.7012887553014,2963.7012887553014,2989.8641572683587
70320.0,19.533333333333335,22.0,10.0,22.00766518243448,21.73478740126577,21.700000000000003,21.953154052082414,0.04684594791758556,0.0,21.080676562913503,499.6435159406202,3020.7241925035337,3020.7241925035337,2990.482346239979
70380.0,19.55,22.0,10.0,22.007527975042056,21.912844784517496,21.900000000000002,21.93543603472161,0.06456396527838848,0.0,29.053784375274816,499.73067729374606,3028.784461669021,3028.784461669021,2990.689201531153
70440.0,19.566666666666666,22.0,10.0,22.007393661535303,22.18402896953534,22.200000000000003,22.023624023147743,-0.023624023147743145,0.0,-10.630810416484415,499.6987848624966,2989.067974446012,2989.067974446012,2990.6245055468603
70500.0,19.583333333333332,22.0,10.0,22.007258974617258,22.230450088375914,22.200000000000003,22.082416015431832,-0.08241601543183208,0.0,-37.087206944324436,499.58752324166363,2962.5003162973394,2962.5003162973394,2990.3814020374525
70560.0,19.6,22.0,10.0,22.007121774517856,21.83803243528626,21.8,21.98827734362122,0.011722656378779561,0.0,5.275195370450803,499.60334882777494,3004.878544198226,3004.878544198226,2990.523443058855
70620.0,19.616666666666667,22.0,10.0,22.00698669051101,22.000586353331364,22.0,21.992184895747478,0.007815104252522076,0.0,3.516796913634934,499.6138992185159,3003.130696132151,3003.130696132151,2990.416428600336
70680.0,19.633333333333333,22.0,10.0,22.00685072758268,21.95513503916881,22.0,21.99478993049832,0.0052100695016790155,0.0,2.344531275755557,499.62093281234314,3001.9654640880985,3001.9654640880985,2990.145988963083
70740.0,19.65,22.0,10.0,22.00671192726749,22.24302364238396,22.200000000000003,22.06319328699888,-0.0631932869988816,0.0,-28.43697914949672,499.5356218748946,2971.098642725398,2971.098642725398,2989.016917484422
70800.0,19.666666666666668,22.0,10.0,22.0065599944955,22.507486669331684,22.5,22.20879552466592,-0.20879552466591988,0.0,-93.95798609966394,499.25374791659556,2905.295761816931,2905.295761816931,2988.581987751275
70860.0,19.683333333333334,22.0,10.0,22.00640329836503,21.640425933261042,21.6,22.00586368311061,-0.005863683110611362,0.0,-2.638657399775113,499.24583194439623,2996.607174544621,2996.607174544621,2988.3545227720383
70920.0,19.7,22.0,10.0,22.006244342743198,22.189528924740053,22.200000000000003,22.07057578874041,-0.0705757887404097,0.0,-31.759104933184368,499.1505546295967,2967.391449696412,2967.391449696412,2988.0135761591387
70980.0,19.716666666666665,22.0,10.0,22.006081772628878,21.434446697247534,21.400000000000002,21.84705052582694,0.15294947417305949,0.0,68.82726337787676,499.3570364197304,3068.1842997976073,3068.1842997976073,2988.602380178687
71040.0,19.733333333333334,22.0,10.0,22.005926755873137,22.00874003030607,22.0,21.898033683884627,0.10196631611537299,0.0,45.884842251917846,499.4946909464861,3045.379533198404,3045.379533198404,2989.799666257176
71100.0,19.75,22.0,10.0,22.005786571600602,21.784029666810763,21.8,21.86535578925642,0.13464421074358057,0.0,60.58989483461126,499.67646063098994,3060.266355465601,3060.266355465601,2989.6361945405342
71160.0,19.766666666666666,22.0,10.0,22.005644846220285,22.404008604242296,22.400000000000002,22.043570526170946,-0.04357052617094581,0.0,-19.606736776925615,499.61764042065914,2980.0109036437334,2980.0109036437334,2990.3338286677326
71220.0,19.783333333333335,22.0,10.0,22.005511917625636,22.038785623285847,22.0,22.029047017447297,-0.029047017447297208,0.0,-13.071157851283743,499.5784269471053,2986.5072690958214,2986.5072690958214,2990.591339769631
71280.0,19.8,22.0,10.0,22.005382477949993,21.858028128358836,21.900000000000002,21.986031344964864,0.013968655035135669,0.0,6.285894765811051,499.5972846314027,3005.8831793972136,3005.8831793972136,2991.310395159933
71340.0,19.816666666666666,22.0,10.0,22.00526205525806,21.9053994843163,21.900000000000002,21.957354229976577,0.04264577002342307,0.0,19.19059651054038,499.6548564209343,3018.8454529314745,3018.8454529314745,2992.0787737204646
71400.0,19.833333333333332,22.0,10.0,22.005151214376934,21.89009206396849,21.900000000000002,21.938236153317717,0.06176384668228252,0.0,27.793731007027134,499.7382376139554,3027.5319686209823,3027.5319686209823,2993.628217589477
71460.0,19.85,22.0,10.0,22.005059299344875,22.042721621057414,22.0,21.958824102211814,0.04117589778818598,0.0,18.52915400468369,499.7938250759694,3018.322979080653,3018.322979080653,2995.182585139222
71520.0,19.866666666666667,22.0,10.0,22.00498631246851,21.973356618392568,22.0,21.972549401474545,0.02745059852545495,0.0,12.352769336454728,499.83088338397874,3012.1836527204337,3012.1836527204337,2995.7300450599473
71580.0,19.883333333333333,22.0,10.0,22.004920114071822,22.136097228868127,22.1,22.015032934316363,-0.015032934316362656,0.0,-6.764820442363195,499.8105889226516,2993.0457684802886,2993.0457684802886,2996.8666296465344
71640.0,19.9,22.0,10.0,22.004867753285364,22.3129199696703,22.3,22.110021956210907,-0.11002195621090749,0.0,-49.50988029490837,499.6620592817669,2950.1521789868584,2950.1521789868584,2997.3823538219276
71700.0,19.916666666666668,22.0,10.0,22.00482173827137,22.14510414765287,22.1,22.106681304140604,-0.10668130414060428,0.0,-48.00658686327193,499.51803952117706,2951.511452657905,2951.511452657905,2997.48745437123
71760.0,19.933333333333334,22.0,10.0,22.00477712250901,21.75957651296819,21.8,22.004454202760403,-0.004454202760403092,0.0,-2.0043912421813914,499.5120263474505,2997.507635105269,2997.507635105269,2996.569784429266
71820.0,19.95,22.0,10.0,22.004721628554634,21.67996026725744,21.700000000000003,21.902969468506935,0.09703053149306484,0.0,43.66373917187918,499.6430175649662,3043.3067567368453,3043.3067567368453,2996.237479776038
71880.0,19.966666666666665,22.0,10.0,22.004662313426284,21.853578408295142,21.900000000000002,21.90197964567129,0.09802035432871037,0.0,44.109159447919666,499.7753450433099,3043.8845044912296,3043.8845044912296,2995.288510726833
71940.0,19.983333333333334,22.0,10.0,22.00459178861473,22.215234841476676,22.200000000000003,22.001319763780863,-0.0013197637808630702,0.0,-0.5938937013883816,499.7735633622058,2999.179669660817,2999.179669660817,2994.189055957205
72000.0,20.0,22.0,10.0,22.00450828192037,21.9374986511873,21.900000000000002,21.967546509187244,0.03245349081275606,0.0,14.604070865740226,499.81737557480295,3014.421446440543,3014.421446440543,2993.4970575195753
72060.0,20.016666666666666,22.0,10.0,22.004416721764844,21.870902157949526,21.900000000000002,21.94503100612483,0.05496899387517118,0.0,24.73604724382703,499.8915837165344,3024.627630960362,3024.627630960362,2993.8282637797984
72120.0,20.033333333333335,22.0,10.0,22.004329410764907,22.031985922326083,22.0,21.96335400408322,0.03664599591677842,0.0,16.490698162550288,499.94105581102207,3016.4317539735725,3016.4317539735725,2993.3261475293903
72180.0,20.05,22.0,10.0,22.004236336302966,21.721131146384682,21.700000000000003,21.87556933605548,0.12443066394451918,0.0,55.99379877503363,500.1090372073471,3056.102835982381,3056.102835982381,2993.7827816122926
72240.0,20.066666666666666,22.0,10.0,22.004149020673406,21.776283476339547,21.8,21.85037955737032,0.14962044262967922,0.0,67.32919918335566,500.3110248048972,3067.6402239882527,3067.6402239882527,2994.3661429465715
72300.0,20.083333333333332,22.0,10.0,22.004068967326745,22.10613405236864,22.1,21.933586371580216,0.06641362841978449,0.0,29.88613278890302,500.4006832032639,3030.286815992167,3030.286815992167,2994.277840138229
72360.0,20.1,22.0,10.0,22.003988094506422,21.943357395924778,21.900000000000002,21.92239091438681,0.07760908561319013,0.0,34.92408852593556,500.50545546884166,3035.4295439947773,3035.4295439947773,2993.7482147408805
72420.0,20.116666666666667,22.0,10.0,22.003901108799795,21.91325386038169,21.900000000000002,21.914927276257874,0.08507272374212604,0.0,38.28272568395672,500.62030364589356,3038.9030293298506,3038.9030293298506,2993.933720231836
72480.0,20.133333333333333,22.0,10.0,22.00381661011618,22.067343615179478,22.1,21.976618184171915,0.02338181582808474,0.0,10.521817122638133,500.65186909726145,3011.1736862198995,3011.1736862198995,2994.087003163508
72540.0,20.15,22.0,10.0,22.00373420432379,21.88675996368763,21.900000000000002,21.951078789447944,0.04892121055205578,0.0,22.014544748425102,500.7179127315067,3022.732457479932,3022.732457479932,2994.2183108455847
72600.0,20.166666666666668,22.0,10.0,22.003653621440968,21.866395412128433,21.900000000000002,21.93405252629863,0.065947473701371,0.0,29.676363165616948,500.8069418210036,3030.48330498662,3030.48330498662,2993.8329830435814
72660.0,20.183333333333334,22.0,10.0,22.00356865637317,21.911606623866433,21.900000000000002,21.922701684199087,0.07729831580091329,0.0,34.78424211041098,500.9112945473348,3035.695536657746,3035.695536657746,2992.3573626898037
72720.0,20.2,22.0,10.0,22.003466238756328,22.12399035657865,22.1,21.981801122799393,0.0181988772006072,0.0,8.18949474027324,500.93586303155564,3009.125357771829,3009.125357771829,2992.428192887384
72780.0,20.216666666666665,22.0,10.0,22.003364978354707,22.01532896549895,22.0,21.987867415199595,0.0121325848004048,0.0,5.45966316018216,500.95224202103617,3006.411905181218,3006.411905181218,2992.010913834201
72840.0,20.233333333333334,22.0,10.0,22.00325901438565,21.76433949745039,21.8,21.925244943466396,0.07475505653360415,0.0,33.639775440121866,501.05316134735654,3034.692936787478,3034.692936787478,2993.280470266924
72900.0,20.25,22.0,10.0,22.0031686029857,21.94255722007986,21.900000000000002,21.91682996231093,0.08317003768906872,0.0,37.426516960080924,501.16544089823674,3038.5919578583175,3038.5919578583175,2994.148787982449
72960.0,20.266666666666666,22.0,10.0,22.003088882632532,22.132733667922793,22.1,21.97788664154062,0.022113358459378674,0.0,9.951011306720403,501.19529393215686,3011.146305238877,3011.146305238877,2995.2507474405015
73020.0,20.283333333333335,22.0,10.0,22.00302262495392,22.377173013585296,22.400000000000002,22.118591094360415,-0.11859109436041493,0.0,-53.36599246218672,501.03519595477036,2947.6692034925836,2947.6692034925836,2994.996750043889
73080.0,20.3,22.0,10.0,22.002953518079586,21.774482719655197,21.8,22.012394062906942,-0.012394062906942338,0.0,-5.577328308124052,501.0184639698459,2995.441135661722,2995.441135661722,2994.8552586947544
73140.0,20.316666666666666,22.0,10.0,22.002882920629684,22.07058997943939,22.1,22.04159604193796,-0.04159604193796085,0.0,-18.71821887208238,500.96230931322964,2982.2440904411474,2982.2440904411474,2995.039057373129
73200.0,20.333333333333332,22.0,10.0,22.00281474055627,21.9510650851932,22.0,22.027730694625305,-0.027730694625304864,0.0,-12.478812581387189,500.92487287548556,2988.4460602940985,2988.4460602940985,2995.4358306324348
73260.0,20.35,22.0,10.0,22.00275152630219,22.167855413664643,22.200000000000003,22.085153796416872,-0.08515379641687204,0.0,-38.31920838759242,500.8099152503228,2962.4907068627303,2962.4907068627303,2995.9707662655774
73320.0,20.366666666666667,22.0,10.0,22.002694920918472,22.092605916381686,22.1,22.09010253094458,-0.09010253094458065,0.0,-40.54613892506129,500.6882768335476,2960.1421379084863,2960.1421379084863,2996.3433031458285
73380.0,20.383333333333333,22.0,10.0,22.002642955793466,22.297078337341627,22.3,22.160068353963055,-0.1600683539630552,0.0,-72.03075928337483,500.4721845556975,2928.4414252723227,2928.4414252723227,2996.607308972072
73440.0,20.4,22.0,10.0,22.00259431463375,22.106484495088672,22.1,22.140045569308704,-0.14004556930870393,0.0,-63.02050618891677,500.2831230371308,2937.262616848214,2937.262616848214,2996.547949963876
73500.0,20.416666666666668,22.0,10.0,22.002545107089414,21.893522444643633,21.900000000000002,22.060030379539135,-0.06003037953913548,0.0,-27.013670792610966,500.202082024753,2973.1884112321422,2973.1884112321422,2995.774687114259
73560.0,20.433333333333334,22.0,10.0,22.00248676801352,21.89476813237766,21.900000000000002,22.006686919692758,-0.006686919692757698,0.0,-3.009113861740964,500.19305468316776,2997.183940821427,2997.183940821427,2995.036966539986
73620.0,20.45,22.0,10.0,22.002419751307958,22.083529773251385,22.1,22.037791279795172,-0.03779127979517227,0.0,-17.006075907827523,500.14203645544427,2983.135960547617,2983.135960547617,2995.0781443494075
73680.0,20.466666666666665,22.0,10.0,22.002353429786226,22.081342067671144,22.1,22.05852751986345,-0.05852751986344984,0.0,-26.337383938552428,500.06302430362865,2973.725640365076,2973.725640365076,2995.881954555865
73740.0,20.483333333333334,22.0,10.0,22.002296952951536,22.481884406468616,22.5,22.2056850132423,-0.2056850132422987,0.0,-92.55825595903443,499.7853495357515,2907.2270935767174,2907.2270935767174,2996.6819970547876
73800.0,20.5,22.0,10.0,22.00225024605734,22.33751678999046,22.3,22.23712334216153,-0.23712334216153153,0.0,-106.70550397268919,499.4652330238334,2892.759729051144,2892.759729051144,2996.7236249315547
73860.0,20.516666666666666,22.0,10.0,22.002204178818346,21.767488508343334,21.8,22.09141556144102,-0.09141556144102125,0.0,-41.137002648459564,499.341822015888,2958.204819367428,2958.204819367428,2997.018588623371
73920.0,20.533333333333335,22.0,10.0,22.002161789345372,22.072206748500083,22.1,22.09427704096068,-0.09427704096068013,0.0,-42.424668432306056,499.2145480105911,2956.789879578285,2956.789879578285,2997.4787393289876
73980.0,20.55,22.0,10.0,22.002125048849283,21.735927276575566,21.700000000000003,21.962851360640453,0.03714863935954682,0.0,16.71688771179607,499.26469867372646,3015.9815863855224,3015.9815863855224,2997.7946229063973
74040.0,20.566666666666666,22.0,10.0,22.00209220917761,21.670956830033745,21.700000000000003,21.87523424042697,0.12476575957303027,0.0,56.14459180786362,499.43313244915004,3055.5777242570134,3055.5777242570134,2998.766426457664
74100.0,20.583333333333332,22.0,10.0,22.00207112966757,22.150780329956113,22.200000000000003,21.98348949361798,0.01651050638201923,0.0,7.4297278719086535,499.4554216327658,3006.8851495046747,3006.8851495046747,2999.9143230831737
74160.0,20.6,22.0,10.0,22.002063888155565,22.112413394764594,22.1,22.022326329078656,-0.022326329078655505,0.0,-10.046848085394977,499.4252810885096,2989.3784330031144,2989.3784330031144,3000.4205312983236
74220.0,20.616666666666667,22.0,10.0,22.002062742866677,21.794349183999277,21.8,21.948217552719104,0.05178244728089609,0.0,23.302101276403242,499.4951873923389,3022.797288668742,3022.797288668742,3001.0040148432645
74280.0,20.633333333333333,22.0,10.0,22.002068602816195,22.330805950435902,22.3,22.065478368479404,-0.06547836847940403,0.0,-29.46526581573181,499.4067915948917,2969.9415257791597,2969.9415257791597,3001.6356650847074
74340.0,20.65,22.0,10.0,22.002082024988763,21.806568039088702,21.8,21.97698557898627,0.023014421013730413,0.0,10.356489456178686,499.4378610632602,3009.794350519439,3009.794350519439,3001.7946321036275
74400.0,20.666666666666668,22.0,10.0,22.00209731449904,21.768551638269706,21.8,21.917990385990848,0.08200961400915219,0.0,36.904326304118484,499.5485740421725,3036.4529003462912,3036.4529003462912,3002.143595859899
74460.0,20.683333333333334,22.0,10.0,22.002116745705862,22.132640389989866,22.1,21.97866025732723,0.021339742672768836,0.0,9.602884202745976,499.5773826947808,3009.1802668975265,3009.1802668975265,3002.6159243453444
74520.0,20.7,22.0,10.0,22.002141786560887,22.046329495703997,22.0,21.98577350488482,0.014226495115181592,0.0,6.4019228018317165,499.5965884631863,3005.9985112650184,3005.9985112650184,3003.1672512172177
74580.0,20.716666666666665,22.0,10.0,22.00217336821581,21.970071768022045,22.0,21.990515669923212,0.009484330076787728,0.0,4.267948534554478,499.60939230878995,3003.8773408433444,3003.8773408433444,3003.266552993128
74640.0,20.733333333333334,22.0,10.0,22.00220604674708,21.988792880166887,22.0,21.99367711328214,0.006322886717860854,0.0,2.8452990230373842,499.6179282058591,3002.463227228897,3002.463227228897,3003.318975529596
74700.0,20.75,22.0,10.0,22.002239256313192,22.046999414564898,22.0,21.995784742188093,0.004215257811907236,0.0,1.8968660153582562,499.6236188039051,3001.5204848192634,3001.5204848192634,3003.841874883894
74760.0,20.766666666666666,22.0,10.0,22.00227864104286,21.974362643893095,22.0,21.997189828125393,0.0028101718746071924,0.0,1.2645773435732366,499.6274125359359,3000.8919898795093,3000.8919898795093,3004.4210429334676
74820.0,20.783333333333335,22.0,10.0,22.00232485763493,21.967823883978724,22.0,21.998126552083598,0.0018734479164024265,0.0,0.8430515623810919,499.629941690623,3000.472993253004,3000.472993253004,3004.533130638558
74880.0,20.8,22.0,10.0,22.00237228062969,21.6231809428964,21.6,21.865417701389063,0.13458229861093685,0.0,60.56203437492158,499.8116277937478,3060.3736621686694,3060.3736621686694,3003.585398519458
74940.0,20.816666666666666,22.0,10.0,22.002408188570033,21.7340159153681,21.700000000000003,21.81027846759271,0.18972153240729028,0.0,85.37468958328063,500.0677518624976,3085.442441445778,3085.442441445778,3003.4496608051622
75000.0,20.833333333333332,22.0,10.0,22.002442359933987,22.12463227399854,22.1,21.906852311728475,0.0931476882715252,0.0,41.91645972218634,500.19350124166414,3042.1099609638504,3042.1099609638504,3003.0962346324286
75060.0,20.85,22.0,10.0,22.002472187669774,21.861612009580433,21.900000000000002,21.904568207818983,0.09543179218101727,0.0,42.94430648145777,500.32233416110853,3043.266640642566,3043.266640642566,3002.852065060123
75120.0,20.866666666666667,22.0,10.0,22.002498995887485,22.111537647709827,22.1,21.96971213854599,0.030287861454009857,0.0,13.629537654304436,500.3632227740714,3013.9927604283757,3013.9927604283757,3002.179375756833
75180.0,20.883333333333333,22.0,10.0,22.002517651408905,22.249610431258038,22.200000000000003,22.046474759030662,-0.04647475903066223,0.0,-20.913641563798002,500.30048184938,2979.386840285582,2979.386840285582,3001.4787551260274
75240.0,20.9,22.0,10.0,22.00252784351619,21.931537678226505,21.900000000000002,21.997649839353777,0.002350160646223287,0.0,1.0575722908004792,500.30365456625236,3001.361226857053,3001.361226857053,3000.2614662951323
75300.0,20.916666666666668,22.0,10.0,22.002523397581182,22.0591173538498,22.1,22.031766559569185,-0.03176655956918495,0.0,-14.294951806133227,500.26076971083404,2985.965817904701,2985.965817904701,2999.211485471017
75360.0,20.933333333333334,22.0,10.0,22.002506365214092,22.41780165456983,22.400000000000002,22.15451103971279,-0.15451103971279068,0.0,-69.5299678707558,500.0521798072217,2930.522211936466,2930.522211936466,2998.777767567036
75420.0,20.95,22.0,10.0,22.002484179329254,22.141471307791964,22.1,22.13634069314186,-0.13634069314186092,0.0,-61.353311913837416,499.8681198714802,2938.514807957643,2938.514807957643,2998.7512037879424
75480.0,20.966666666666665,22.0,10.0,22.002461741236722,22.37083650738699,22.400000000000002,22.224227128761243,-0.2242271287612425,0.0,-100.90220794255913,499.56541324765254,2898.6632053050935,2898.6632053050935,2998.4909497339368
75540.0,20.983333333333334,22.0,10.0,22.00243624740982,22.309117658192633,22.3,22.249484752507495,-0.24948475250749524,0.0,-112.26813862837287,499.2286088317674,2886.9604702033944,2886.9604702033944,2998.078194577789
75600.0,21.0,22.0,10.0,22.002405877002523,22.153077946906752,22.200000000000003,22.232989835005,-0.23298983500500015,0.0,-104.84542575225007,498.91407255451065,2894.068646802261,2894.068646802261,2996.5640095611043
75660.0,21.016666666666666,22.0,10.0,22.00235742748625,21.9799786752015,22.0,22.155326556669998,-0.15532655666999773,0.0,-69.89695050149898,498.70438170300616,2928.8074312015074,2928.8074312015074,2994.8339382192717
75720.0,21.033333333333335,22.0,10.0,22.002288362462423,21.833889655815312,21.8,22.03688437111333,-0.03688437111333087,0.0,-16.597967000998892,498.65458780200316,2982.0566208010046,2982.0566208010046,2994.2234529050743
75780.0,21.05,22.0,10.0,22.002212178809895,21.779872580905423,21.8,21.957922914075553,0.04207708592444703,0.0,18.934688666001165,498.71139186800116,3017.646080534002,3017.646080534002,2993.5995600162946
75840.0,21.066666666666666,22.0,10.0,22.00212873699366,22.099394523929917,22.1,22.005281942717037,-0.005281942717036969,0.0,-2.376874222666636,498.7042612453332,2996.3273870226667,2996.3273870226667,2993.9725937891153
75900.0,21.083333333333332,22.0,10.0,22.00205002190815,22.09568669724311,22.1,22.036854628478025,-0.03685462847802512,0.0,-16.584582815111304,498.6545074968879,2982.0699246817767,2982.0699246817767,2994.9993459635803
75960.0,21.1,22.0,10.0,22.00198386399399,21.967059422387447,22.0,22.024569752318683,-0.024569752318683413,0.0,-11.056388543407536,498.6213383312576,2987.56494978785,2987.56494978785,2995.1974426892652
76020.0,21.116666666666667,22.0,10.0,22.001920281714277,22.171613557931597,22.200000000000003,22.08304650154579,-0.08304650154579107,0.0,-37.37092569560598,498.5092255541708,2961.138299858565,2961.138299858565,2995.100459194496
76080.0,21.133333333333333,22.0,10.0,22.001855726379468,21.880948303510838,21.900000000000002,22.022031001030527,-0.02203100103052691,0.0,-9.913950463737109,498.4794837027796,2988.5655332390425,2988.5655332390425,2995.5620730190667
76140.0,21.15,22.0,10.0,22.001796904076556,22.223840717698796,22.200000000000003,22.08135400068702,-0.08135400068702126,0.0,-36.609300309159565,498.3696558018521,2961.7603554926927,2961.7603554926927,2995.1350638984018
76200.0,21.166666666666668,22.0,10.0,22.001733134131108,22.009734547088332,22.0,22.054236000458012,-0.0542360004580118,0.0,-24.40620020610531,498.2964372012338,2973.8902369951284,2973.8902369951284,2995.3793853420857
76260.0,21.183333333333334,22.0,10.0,22.00167248735282,21.994407172196706,22.0,22.036157333638677,-0.0361573336386769,0.0,-16.270800137404606,498.24762480082154,2981.976824663417,2981.976824663417,2996.063943925489
76320.0,21.2,22.0,10.0,22.001620237217868,22.001565577821975,22.0,22.02410488909245,-0.0241048890924489,0.0,-10.847200091602005,498.21508320054676,2987.3678831089446,2987.3678831089446,2996.2825493083565
76380.0,21.216666666666665,22.0,10.0,22.001570767097913,21.981852511741007,22.0,22.016069926061633,-0.0160699260616326,0.0,-7.23146672773467,498.19338880036355,2990.961922072629,2990.961922072629,2996.444482007634
76440.0,21.233333333333334,22.0,10.0,22.00152338858071,22.499176246246456,22.5,22.177379950707756,-0.17737995070775625,0.0,-79.82097781849032,497.95392586690804,2918.1329480484173,2918.1329480484173,2996.568362988229
76500.0,21.25,22.0,10.0,22.00147763877083,21.67917367294131,21.700000000000003,22.018253300471837,-0.018253300471837264,0.0,-8.213985212326769,497.92928391127106,2989.715298698944,2989.715298698944,2996.6666107255737
76560.0,21.266666666666666,22.0,10.0,22.001433205183226,22.036877713939585,22.0,22.012168866981227,-0.012168866981227211,0.0,-5.475990141552245,497.9128559408464,2992.436865799294,2992.436865799294,2996.747508627135
76620.0,21.283333333333335,22.0,10.0,22.0013898756712,22.250211113539013,22.3,22.108112577987484,-0.10811257798748386,0.0,-48.65066009436774,497.7669039605633,2949.116243866196,2949.116243866196,2996.816583314675
76680.0,21.3,22.0,10.0,22.001347505043963,22.144850115558466,22.1,22.10540838532499,-0.10540838532498853,0.0,-47.43377339624484,497.6246026403745,2950.19082924413,2950.19082924413,2996.877523480314
76740.0,21.316666666666666,22.0,10.0,22.001305992810597,21.94088959846914,21.900000000000002,22.036938923549993,-0.036938923549993063,0.0,-16.62251559749688,497.5747350935821,2980.9522194960855,2980.9522194960855,2997.935792458453
76800.0,21.333333333333332,22.0,10.0,22.001277304341667,22.349301509185032,22.3,22.12462594903333,-0.12462594903333013,0.0,-56.08167706499856,497.4064900623871,2941.3248129973886,2941.3248129973886,2999.3942366082415
76860.0,21.35,22.0,10.0,22.00126620326794,21.787567631714804,21.8,22.016417299355552,-0.016417299355552473,0.0,-7.387784709998613,497.3843267082571,2989.9965419982586,2989.9965419982586,3000.1061653475017
76920.0,21.366666666666667,22.0,10.0,22.001263678642307,21.74000445269866,21.700000000000003,21.910944866237035,0.08905513376296526,0.0,40.074810193334365,497.5045511388371,3037.5793613321716,3037.5793613321716,3000.8255066024194
76980.0,21.383333333333333,22.0,10.0,22.00126979368561,22.11488390627209,22.1,21.973963244158025,0.02603675584197518,0.0,11.71654012888883,497.53970075922376,3009.2562408881126,3009.2562408881126,3001.044960832852
77040.0,21.4,22.0,10.0,22.001278523834547,21.71038456358794,21.700000000000003,21.88264216277202,0.11735783722798132,0.0,52.811026752591594,497.6981338394815,3050.5091605920734,3050.5091605920734,3000.6839921570645
77100.0,21.416666666666668,22.0,10.0,22.001282896168927,21.525692945575603,21.5,21.755094775181348,0.24490522481865185,0.0,110.20735116839333,498.0287558929867,3108.23610706138,3108.23610706138,3000.6952794020644
77160.0,21.433333333333334,22.0,10.0,22.001287390833244,22.177864718378846,22.200000000000003,21.903396516787566,0.09660348321243362,0.0,43.47156744559513,498.1591705953235,3041.6307380409185,3041.6307380409185,3000.4497883771082
77220.0,21.45,22.0,10.0,22.00128892612127,22.153558988645358,22.200000000000003,22.002264344525045,-0.0022643445250452032,0.0,-1.0189550362703415,498.15611373021466,2997.1371586939445,2997.1371586939445,2999.284328769764
77280.0,21.466666666666665,22.0,10.0,22.001276471288143,22.147733843876832,22.1,22.034842896350032,-0.03484289635003179,0.0,-15.679303357514307,498.1090758201421,2982.4297724626276,2982.4297724626276,2998.2715034228954
77340.0,21.483333333333334,22.0,10.0,22.001251899915353,21.90375767097853,21.900000000000002,21.989895264233354,0.010104735766645945,0.0,4.547131094990675,498.122717213427,3002.6698483084174,3002.6698483084174,2996.611365120932
77400.0,21.5,22.0,10.0,22.001207480597056,22.037796706134927,22.0,21.993263509488905,0.006736490511094928,0.0,3.0314207299927176,498.131811475617,3001.1632322056093,3001.1632322056093,2994.7838502056397
77460.0,21.516666666666666,22.0,10.0,22.001141264357734,21.808075948709245,21.8,21.92884233965927,0.0711576603407309,0.0,32.020947153328905,498.227874317077,3030.248821470406,3030.248821470406,2993.10526348225
77520.0,21.533333333333335,22.0,10.0,22.001055103726447,22.347925345048978,22.3,22.052561559772847,-0.05256155977284749,0.0,-23.65270189778137,498.15691621138365,2974.5042143136025,2974.5042143136025,2992.0336329442375
77580.0,21.55,22.0,10.0,22.0009563420106,22.15916119231149,22.200000000000003,22.101707706515235,-0.10170770651523497,0.0,-45.76846793185574,498.0196108075881,2952.251142875732,2952.251142875732,2991.867349408517
77640.0,21.566666666666666,22.0,10.0,22.000855881177472,22.149307095651515,22.1,22.101138471010156,-0.10113847101015594,0.0,-45.51231195457017,497.88307387172443,2952.370761917154,2952.370761917154,2992.296994927275
77700.0,21.583333333333332,22.0,10.0,22.000760877473066,21.61076392929174,21.6,21.93409231400677,0.06590768599323127,0.0,29.65845869695407,497.97204924781533,3027.6305079447693,3027.6305079447693,2992.364168128865
77760.0,21.6,22.0,10.0,22.000666964858194,22.162127373656173,22.200000000000003,22.02272820933785,-0.022728209337849137,0.0,-10.227694202032112,497.9413661652093,2987.713671963177,2987.713671963177,2992.1925974047467
77820.0,21.616666666666667,22.0,10.0,22.000571275132476,22.299365679528748,22.3,22.115152139558568,-0.11515213955856751,0.0,-51.81846280135538,497.78591077680517,2945.9674479754494,2945.9674479754494,2992.115469944465
77880.0,21.633333333333333,22.0,10.0,22.00047494694641,22.243727364075887,22.200000000000003,22.143434759705713,-0.14343475970571262,0.0,-64.54564186757068,497.5922738512025,2933.046631983632,2933.046631983632,2991.5991837763668
77940.0,21.65,22.0,10.0,22.000372712310888,22.158198779470187,22.200000000000003,22.16228983980381,-0.16228983980381173,0.0,-73.03042791171528,497.3731825674673,2924.342754655752,2924.342754655752,2991.548622934078
78000.0,21.666666666666668,22.0,10.0,22.000270177649163,22.00007874384323,22.0,22.108193226535874,-0.10819322653587449,0.0,-48.68695194114352,497.2271217116439,2948.5401697705006,2948.5401697705006,2991.052151810055
78060.0,21.683333333333334,22.0,10.0,22.000161992937937,21.93179542348693,21.900000000000002,22.03879548435725,-0.03879548435725155,0.0,-17.4579679607632,497.1747478077616,2979.716779846998,2979.716779846998,2990.766119896473
78120.0,21.7,22.0,10.0,22.000050700397882,22.12037903752166,22.1,22.0591969895715,-0.059196989571500325,0.0,-26.638645307175146,497.0948318718401,2970.456186564665,2970.456186564665,2990.6196316425885
78180.0,21.716666666666665,22.0,10.0,21.9999379838764,22.076491855035872,22.1,22.07279799304767,-0.07279799304766854,0.0,-32.75909687145084,496.9965545812257,2964.237457709775,2964.237457709775,2990.565435833694
78240.0,21.733333333333334,22.0,10.0,21.999824955154775,22.047099861231946,22.0,22.04853199536511,-0.04853199536510999,0.0,-21.839397914299497,496.93103638748283,2975.0916384731836,2975.0916384731836,2990.5720439376764
78300.0,21.75,22.0,10.0,21.99971234481656,21.93786739545876,21.900000000000002,21.99902133024341,0.0009786697565914437,0.0,0.4404013904661497,496.93235759165424,2997.37275898212,2997.37275898212,2989.3647256728555
78360.0,21.766666666666666,22.0,10.0,21.999585584490188,22.335836890075274,22.3,22.099347553495605,-0.09934755349560476,0.0,-44.70639907302214,496.79823839443515,2952.091839321413,2952.091839321413,2989.3705685566238
78420.0,21.783333333333335,22.0,10.0,21.999459274559396,21.7658906161202,21.8,21.999565035663736,0.00043496433626444286,0.0,0.1957339513189993,496.7988255962891,2996.9945595476083,2996.9945595476083,2989.4216735106684
78480.0,21.8,22.0,10.0,21.999333956817846,21.99480746565543,22.0,21.999710023775826,0.00028997622417392677,0.0,0.13048930087826704,496.79921706419174,2996.92970636507,2996.92970636507,2988.749916349927
78540.0,21.816666666666666,22.0,10.0,21.999200953943593,21.883164779385734,21.900000000000002,21.966473349183886,0.033526650816114056,0.0,15.086992867251325,496.8444780427935,3011.931470910045,3011.931470910045,2988.1072648981635
78600.0,21.833333333333332,22.0,10.0,21.99906063826054,22.205469247878714,22.200000000000003,22.04431556612259,-0.044315566122591576,0.0,-19.94200475516621,496.78465202852806,2976.8426472733618,2976.8426472733618,2987.9880141414624
78660.0,21.85,22.0,10.0,21.998919312515458,22.285015613974313,22.3,22.129543710748393,-0.12954371074839344,0.0,-58.29466983677705,496.6097680190177,2938.315098182241,2938.315098182241,2987.2102941223943
78720.0,21.866666666666667,22.0,10.0,21.99876907810738,22.24758684626943,22.200000000000003,22.15302914049893,-0.1530291404989299,0.0,-68.86311322451846,496.40317867934414,2927.5400654548257,2927.5400654548257,2987.256731586992
78780.0,21.883333333333333,22.0,10.0,21.9986198516521,22.1497012880038,22.1,22.13535276033262,-0.13535276033261923,0.0,-60.90874214967865,496.22045245289513,2935.3117103032164,2935.3117103032164,2988.0954420827447
78840.0,21.9,22.0,10.0,21.998481137402138,21.717960742106136,21.700000000000003,21.99023517355508,0.009764826444918384,0.0,4.394171900213273,496.23363496859577,3000.627806868809,3000.627806868809,2988.448122062834
78900.0,21.916666666666668,22.0,10.0,21.998347071454685,22.41459361296395,22.400000000000002,22.12682344903672,-0.1268234490367206,0.0,-57.07055206652427,496.06242331239616,2938.991871245872,2938.991871245872,2989.482472704988
78960.0,21.933333333333334,22.0,10.0,21.99822581991278,22.101565037827708,22.1,22.117882299357813,-0.11788229935781303,0.0,-53.04703471101586,495.90328220826314,2942.8562474972473,2942.8562474972473,2991.4616999442615
79020.0,21.95,22.0,10.0,21.99812868285237,21.97643603385301,22.0,22.078588199571875,-0.07858819957187535,0.0,-35.36468980734391,495.79718813884114,2960.4324983314973,2960.4324983314973,2992.2978505792057
79080.0,21.966666666666665,22.0,10.0,21.998041871010766,22.00234199023371,22.0,22.052392133047917,-0.0523921330479169,0.0,-23.576459871562605,495.7264587592264,2972.1499988876635,2972.1499988876635,2992.3785057144514
79140.0,21.983333333333334,22.0,10.0,21.99795628746631,21.93005246073599,21.900000000000002,22.00159475536528,-0.001594755365278644,0.0,-0.7176399143753898,495.72430583948324,2995.006665925108,2995.006665925108,2992.2126934935877
79200.0,22.0,22.0,10.0,21.997868970925833,22.082645085470595,22.1,22.034396503576854,-0.03439650357685409,0.0,-15.47842660958434,495.6778705596545,2980.19944395007,2980.19944395007,2992.3869794071684
79260.0,22.016666666666666,22.0,10.0,21.99778400776594,22.059817569388063,22.1,22.056264335717902,-0.056264335717902014,0.0,-25.318951073055906,495.6019137064353,2970.2829626333796,2970.2829626333796,2992.5332502871424
79320.0,22.033333333333335,22.0,10.0,21.997701054746088,21.925681045612748,21.900000000000002,22.004176223811935,-0.004176223811935387,0.0,-1.879300715370924,495.59627580428923,2993.7169750889184,2993.7169750889184,2993.1618431401967
79380.0,22.05,22.0,10.0,21.99762589369953,21.483647606344437,21.5,21.83611748254129,0.16388251745870974,0.0,73.74713285641938,495.8175172028585,3069.564650059278,3069.564650059278,2992.8508826597536
79440.0,22.066666666666666,22.0,10.0,21.99754722661035,21.990522959600757,22.0,21.890744988360858,0.1092550116391422,0.0,49.16475523761399,495.9650114685714,3045.1297667061854,3045.1297667061854,2992.17422033002
79500.0,22.083333333333332,22.0,10.0,21.99746067557448,22.09282786682238,22.1,21.96049665890724,0.03950334109276099,0.0,17.776503491742446,496.01834097904657,3013.794844470789,3013.794844470789,2991.510829356472
79560.0,22.1,22.0,10.0,21.997366423500033,22.1025999924785,22.1,22.006997772604826,-0.00699777260482648,0.0,-3.148997672171916,496.00889398603005,2992.8598963138584,2992.8598963138584,2992.1128239996106
79620.0,22.116666666666667,22.0,10.0,21.99727967811753,21.966586677962393,22.0,22.00466518173655,-0.004665181736548618,0.0,-2.099331781446878,496.00259599068573,2993.903264209239,2993.903264209239,2992.039504799003
79680.0,22.133333333333333,22.0,10.0,21.997192313140765,22.087855267033447,22.1,22.03644345449103,-0.0364434544910317,0.0,-16.399554520964266,495.95339732712284,2979.5538428061586,2979.5538428061586,2991.2716371852775
79740.0,22.15,22.0,10.0,21.997095995847566,22.20275978393496,22.200000000000003,22.090962302994022,-0.09096230299402208,0.0,-40.93303634730994,495.8305982180809,2954.897561870771,2954.897561870771,2990.3012204319166
79800.0,22.166666666666668,22.0,10.0,21.996988322505207,21.902938265992432,21.900000000000002,22.027308201996014,-0.027308201996014247,0.0,-12.288690898206411,495.79373214538634,2983.50504124718,2983.50504124718,2989.2019126689806
79860.0,22.183333333333334,22.0,10.0,21.99686778048972,22.290123589573444,22.3,22.118205467997342,-0.11820546799734188,0.0,-53.19246059880385,495.6341547635899,2942.441694164786,2942.441694164786,2988.524216954006
79920.0,22.2,22.0,10.0,21.9967394677517,21.605707807387514,21.6,21.94547031199823,0.0545296880017716,0.0,24.53835960079722,495.7077698423923,3020.2461294431896,3020.2461294431896,2988.377426335556
79980.0,22.216666666666665,22.0,10.0,21.99660977846447,21.74440007172066,21.700000000000003,21.863646874665488,0.13635312533451227,0.0,61.35890640053052,495.89184656159387,3057.2507529621244,3057.2507529621244,2988.078739006041
80040.0,22.233333333333334,22.0,10.0,21.99647689399715,21.815447903922067,21.8,21.842431249776993,0.15756875022300676,0.0,70.90593760035304,496.1045643743949,3067.010501974748,3067.010501974748,2987.6813843177697
80100.0,22.25,22.0,10.0,21.996339639926973,21.507446298031866,21.5,21.72828749985133,0.27171250014867,0.0,122.27062506690149,496.4713762495956,3118.7420013164974,3118.7420013164974,2987.4715552203597
80160.0,22.266666666666666,22.0,10.0,21.996200279669836,21.796247755463277,21.8,21.752191666567555,0.24780833343244524,0.0,111.51375004460036,496.80591749972933,3108.3196675443296,3108.3196675443296,2987.6365752830557
80220.0,22.283333333333335,22.0,10.0,21.996063317734222,22.245737712861498,22.200000000000003,21.901461111045037,0.09853888895496254,0.0,44.342500029733145,496.9389449998186,3041.2814450295514,3041.2814450295514,2987.0441630170285
80280.0,22.3,22.0,10.0,21.995919657737225,22.244225470787743,22.200000000000003,22.000974074030026,-0.0009740740300259176,0.0,-0.43833331351166294,496.937629999878,2996.4992966863665,2996.4992966863665,2987.2100029592048
80340.0,22.316666666666666,22.0,10.0,21.995778418799524,22.015250111344766,22.0,22.00064938268668,-0.0006493826866815766,0.0,-0.2922222090067095,496.93675333325103,2996.644531124244,2996.644531124244,2987.371998015969
80400.0,22.333333333333332,22.0,10.0,21.995639547519318,22.339839940866913,22.3,22.10043292179112,-0.10043292179112129,0.0,-45.19481480600458,496.801168888833,2951.606354082828,2951.606354082828,2987.7813225642035
80460.0,22.35,22.0,10.0,21.99550600474753,22.043404048736768,22.0,22.066955281194083,-0.06695528119408323,0.0,-30.129876537337452,496.71077925922094,2966.5809027218834,2966.5809027218834,2987.5990113093562
80520.0,22.366666666666667,22.0,10.0,21.995370674868997,21.895808283545747,21.900000000000002,22.011303520796055,-0.011303520796055011,0.0,-5.086584358224755,496.6955195061463,2991.608935147922,2991.608935147922,2986.7776127572374
80580.0,22.383333333333333,22.0,10.0,21.99522589419748,22.04355204807404,22.0,22.0075356805307,-0.007535680530700972,0.0,-3.3910562388154375,496.6853463374298,2993.2942900986145,2993.2942900986145,2985.7903203021974
80640.0,22.4,22.0,10.0,21.995069700358513,21.967640378285733,22.0,22.00502378702047,-0.005023787020469683,0.0,-2.2607041592113575,496.6785642249522,2994.4178600657406,2994.4178600657406,2984.9490101355477
80700.0,22.416666666666668,22.0,10.0,21.994903879379063,22.142090571479063,22.1,22.036682524680312,-0.03668252468031241,0.0,-16.507136106140585,496.6290428166337,2980.121906710493,2980.121906710493,2985.2103234144356
80760.0,22.433333333333334,22.0,10.0,21.9947416916219,21.69413156367122,21.700000000000003,21.924455016453543,0.07554498354645744,0.0,33.99524259590585,496.73102854442146,3030.7262711403273,3030.7262711403273,2984.440015878293
80820.0,22.45,22.0,10.0,21.994570746737573,22.19445373540382,22.200000000000003,22.016303344302365,-0.01630334430236502,0.0,-7.336504936064259,496.7090190296133,2989.3725140935494,2989.3725140935494,2983.7469530719422
80880.0,22.466666666666665,22.0,10.0,21.994391997934223,21.90248665169652,21.900000000000002,21.977535562868244,0.022464437131755943,0.0,10.108996709290174,496.73934601974116,3006.8483427290316,3006.8483427290316,2983.358378826268
80940.0,22.483333333333334,22.0,10.0,21.994209122486335,22.16527372578839,22.200000000000003,22.0516903752455,-0.051690375245499354,0.0,-23.26066886047471,496.66956401315974,2973.408895152685,2973.408895152685,2983.171572493958
81000.0,22.5,22.0,10.0,21.994024553988805,21.685816513619528,21.700000000000003,21.934460250163667,0.06553974983633282,0.0,29.492887426349768,496.7580426754388,3026.2509301017885,3026.2509301017885,2983.3688240511437
81060.0,22.516666666666666,22.0,10.0,21.993842906215452,21.909991175124993,21.900000000000002,21.922973500109112,0.07702649989088783,0.0,34.661924950899525,496.8620284502915,3031.5239534011907,3031.5239534011907,2983.3160010494594
81120.0,22.533333333333335,22.0,10.0,21.993661169509398,22.00927381357944,22.0,21.94864900007274,0.051350999927258556,0.0,23.10794996726635,496.9313523001933,3020.03930226746,3020.03930226746,2983.0987837425246
81180.0,22.55,22.0,10.0,21.99347737140578,22.173767897196015,22.200000000000003,22.032432666715163,-0.032432666715163094,0.0,-14.594700021823392,496.8875682001278,2982.292868178304,2982.292868178304,2983.275753598298
81240.0,22.566666666666666,22.0,10.0,21.993296248334744,21.74979003450037,21.700000000000003,21.92162177781011,0.07837822218989032,0.0,35.270199985450645,496.99337880008414,3032.2635787855347,3032.2635787855347,2984.7139018726475
81300.0,22.583333333333332,22.0,10.0,21.993132926412212,22.326621777593964,22.3,22.047747851873407,-0.04774785187340669,0.0,-21.48653334303301,496.9289192000551,2975.442385857022,2975.442385857022,2985.7208329532064
81360.0,22.6,22.0,10.0,21.992982177628413,22.089514872629117,22.1,22.06516523458227,-0.06516523458227041,0.0,-29.324355562021687,496.840946133369,2967.5165905713475,2967.5165905713475,2986.188733145166
81420.0,22.616666666666667,22.0,10.0,21.99283749589327,21.887682412212648,21.900000000000002,22.01011015638818,-0.010110156388179803,0.0,-4.549570374680911,496.82729742224495,2992.277727047564,2992.277727047564,2986.299919197978
81480.0,22.633333333333333,22.0,10.0,21.992694582435966,22.236154989273583,22.200000000000003,22.073406770925455,-0.07340677092545533,0.0,-33.0330469164549,496.7281982814956,2963.6951513650406,2963.6951513650406,2986.426641614832
81540.0,22.65,22.0,10.0,21.992553618388037,22.01309582299256,22.0,22.04893784728364,-0.04893784728363926,0.0,-22.022031277637666,496.66213218766273,2974.640100910025,2974.640100910025,2986.312094968021
81600.0,22.666666666666668,22.0,10.0,21.992411702672488,22.224071098814733,22.200000000000003,22.099291898189094,-0.09929189818909379,0.0,-44.681354185092204,496.52808812510744,2951.8467339400154,2951.8467339400154,2985.7885194164
81660.0,22.683333333333334,22.0,10.0,21.992263929797467,22.456893491546822,22.5,22.232861265459395,-0.23286126545939467,0.0,-104.7875694567276,496.21372541673725,2891.42615596001,2891.42615596001,2985.750461446913
81720.0,22.7,22.0,10.0,21.992116143545438,22.145821819077153,22.1,22.18857417697293,-0.18857417697293144,0.0,-84.85837963781916,495.9591502778238,2911.1007706400046,2911.1007706400046,2985.0286486588775
81780.0,22.716666666666665,22.0,10.0,21.99196013889871,21.886624246184702,21.900000000000002,22.09238278464862,-0.09238278464862049,0.0,-41.57225309187922,495.83443351854817,2954.262180426669,2954.262180426669,2985.6156066719495
81840.0,22.733333333333334,22.0,10.0,21.991811645762077,21.90667015868385,21.900000000000002,22.028255189765748,-0.0282551897657477,0.0,-12.714835394586466,495.7962890123644,2983.081453617778,2983.081453617778,2986.809525776786
81900.0,22.75,22.0,10.0,21.991677925134113,22.108188794409806,22.1,22.0521701265105,-0.052170126510500126,0.0,-23.476556929725056,495.7258593415752,2972.2493024118503,2972.2493024118503,2988.1462087134187
81960.0,22.766666666666666,22.0,10.0,21.99156064586327,22.04914172928202,22.0,22.034780084340333,-0.03478008434033342,0.0,-15.651037953150038,495.6789062277158,2980.0278682745657,2980.0278682745657,2990.3228052568033
82020.0,22.783333333333335,22.0,10.0,21.991469837588763,21.824863844878166,21.8,21.95652005622689,0.04347994377311082,0.0,19.56597469789987,495.73760415180953,3015.3035788497095,3015.3035788497095,2992.2894196282623
82080.0,22.8,22.0,10.0,21.991402901111535,21.85778099798634,21.900000000000002,21.937680037484593,0.0623199625154065,0.0,28.043983131932926,495.8217361012053,3023.8657192331384,3023.8657192331384,2993.10595338495
82140.0,22.816666666666666,22.0,10.0,21.99134596384882,22.124502369705258,22.1,21.991786691656397,0.008213308343602677,0.0,3.6959887546212045,495.83282406746923,2999.5288128220905,2999.5288128220905,2993.1625091066403
82200.0,22.833333333333332,22.0,10.0,21.991289876066553,22.460629550238814,22.5,22.16119112777093,-0.16119112777093036,0.0,-72.53600749691867,495.61521604497847,2923.07920854806,2923.07920854806,2993.2205428069337
82260.0,22.85,22.0,10.0,21.991234652952038,21.46516117669045,21.5,21.94079408518062,0.05920591481937976,0.0,26.64266166872089,495.6951440299846,3022.3378056987053,3022.3378056987053,2992.5269729948654
82320.0,22.866666666666667,22.0,10.0,21.99117127266912,22.135954500233666,22.1,21.99386272345375,0.006137276546251513,0.0,2.761774445813181,495.703429353322,2998.465203799135,2998.465203799135,2992.0945384903157
82380.0,22.883333333333333,22.0,10.0,21.991102893313,21.948893456708664,21.900000000000002,21.962575148969165,0.037424851030834816,0.0,16.841182963875667,495.75395290221365,3012.5951358660895,3012.5951358660895,2992.086445101276
82440.0,22.9,22.0,10.0,21.991034621974276,22.146907564722312,22.1,22.00838343264611,-0.008383432646109412,0.0,-3.7725446907492355,495.74263526814144,2991.970090577392,2991.970090577392,2992.1065758512314
82500.0,22.916666666666668,22.0,10.0,21.99096679701857,22.164511072631623,22.200000000000003,22.072255621764075,-0.07225562176407507,0.0,-32.51502979383378,495.6450901787599,2963.130060384926,2963.130060384926,2992.1450972548064
82560.0,22.933333333333334,22.0,10.0,21.99089963779457,22.00146725480228,22.0,22.048170414509386,-0.04817041450938575,0.0,-21.676686529223588,495.58006011917223,2973.903373589949,2973.903373589949,2991.9447107457345
82620.0,22.95,22.0,10.0,21.990830275410136,21.787635566005697,21.8,21.965446943006256,0.03455305699374378,0.0,15.548875647184701,495.62670674611377,3011.175582393298,3011.175582393298,2992.5910700856443
82680.0,22.966666666666665,22.0,10.0,21.990768877424934,21.711358498724334,21.700000000000003,21.876964628670837,0.12303537132916276,0.0,55.36591709812324,495.7928044974081,3051.1587215955315,3051.1587215955315,2992.537427485776
82740.0,22.983333333333334,22.0,10.0,21.99070701992249,21.615871282203855,21.6,21.78464308578056,0.21535691421944136,0.0,96.91061139874861,496.08353633160436,3092.994147730353,3092.994147730353,2992.77594273983
82800.0,23.0,22.0,10.0,21.9906482101756,22.235117330222582,22.200000000000003,21.923095390520373,0.07690460947962663,0.0,34.60707426583198,496.18735755440184,3030.794431820234,3030.794431820234,2992.4531586133776
82860.0,23.016666666666666,22.0,10.0,21.990585703448435,21.948645230297036,21.900000000000002,21.91539692701358,0.08460307298641823,0.0,38.0713828438882,496.3015717029335,3034.372954546822,3034.372954546822,2993.016454804851
82920.0,23.033333333333335,22.0,10.0,21.99053014379575,21.882475150324037,21.900000000000002,21.910264618009055,0.08973538199094477,0.0,40.38092189592515,496.4227144686212,3036.803636364546,3036.803636364546,2993.6582464481235
82980.0,23.05,22.0,10.0,21.99048245232174,21.93493857015646,21.900000000000002,21.906843078672704,0.0931569213272958,0.0,41.92061459728311,496.54847631241313,3038.469090909696,3038.469090909696,2994.097930711779
83040.0,23.066666666666666,22.0,10.0,21.990440180133316,21.722546636454002,21.700000000000003,21.837895385781803,0.16210461421819744,0.0,72.94707639818884,496.7673175416077,3069.7143939397965,3069.7143939397965,2993.9011796695545
83100.0,23.083333333333332,22.0,10.0,21.99039567374895,22.05131858965316,22.1,21.9252635905212,0.074736409478799,0.0,33.63138426545955,496.8682116944041,3030.4995959598637,3030.4995959598637,2994.540552988154
83160.0,23.1,22.0,10.0,21.99035897336356,22.25409927257232,22.3,22.050175727014135,-0.05017572701413542,0.0,-22.57907715636094,496.8004744629351,2974.221397306574,2974.221397306574,2994.222250202635
83220.0,23.116666666666667,22.0,10.0,21.9903185634459,22.218010689600092,22.200000000000003,22.100117151342758,-0.10011715134275789,0.0,-45.05271810424105,496.6653163086223,2951.6125982043814,2951.6125982043814,2993.777155875447
83280.0,23.133333333333333,22.0,10.0,21.990272933626066,21.67711311938052,21.700000000000003,21.96674476756184,0.03325523243816164,0.0,14.964854597172739,496.7102108724138,3011.6750654695866,3011.6750654695866,2993.7521653949825
83340.0,23.15,22.0,10.0,21.990227140809928,22.262929517571717,22.3,22.077829845041226,-0.07782984504122581,0.0,-35.023430268551614,496.60514058160817,2961.5817103130566,2961.5817103130566,2993.25121516115
83400.0,23.166666666666668,22.0,10.0,21.990175473969433,21.837328095024166,21.8,21.98521989669415,0.014780103305849224,0.0,6.651046487632151,496.6250937210711,3003.2761402087035,3003.2761402087035,2992.941029923631
83460.0,23.183333333333334,22.0,10.0,21.99012023990661,21.607529786858056,21.6,21.856813264462765,0.1431867355372347,0.0,64.43403099175562,496.81839581404637,3061.252426805802,3061.252426805802,2992.2561249905707
83520.0,23.2,22.0,10.0,21.990056952686775,21.744162505604653,21.700000000000003,21.804542176308512,0.19545782369148768,0.0,87.95602066116945,497.0822638760299,3085.0382845371996,3085.0382845371996,2990.575625506728
83580.0,23.216666666666665,22.0,10.0,21.989973689334796,21.796670867085787,21.8,21.803028117539007,0.19697188246099273,0.0,88.63734710744673,497.34817591735225,3085.985523024799,3085.985523024799,2989.2510445922826
83640.0,23.233333333333334,22.0,10.0,21.989874780801898,21.98848521273389,22.0,21.868685411692674,0.13131458830732612,0.0,59.09156473829675,497.5254506115671,3056.617015349864,3056.617015349864,2988.667896856189
83700.0,23.25,22.0,10.0,21.989769171221766,21.78337407662452,21.8,21.845790274461784,0.154209725538216,0.0,69.3943764921972,497.7336337410437,3067.128010233241,3067.128010233241,2988.5747894688825
83760.0,23.266666666666666,22.0,10.0,21.989662761181727,21.68761366902574,21.700000000000003,21.797193516307857,0.20280648369214305,0.0,91.26291766146437,498.0074224940281,3089.2703401554927,3089.2703401554927,2988.302698017932
83820.0,23.283333333333335,22.0,10.0,21.989553405274396,21.936654598248136,21.900000000000002,21.83146234420524,0.16853765579476132,0.0,75.8419451076426,498.234948329351,3074.0768934369935,3074.0768934369935,2988.1647841888757
83880.0,23.3,22.0,10.0,21.98944272246884,22.374223511027555,22.400000000000002,22.020974896136828,-0.02097489613682768,0.0,-9.438703261572456,498.2066322195663,2988.767928957994,2988.767928957994,2988.617097433223
83940.0,23.316666666666666,22.0,10.0,21.989337799470633,21.848867622992913,21.8,21.947316597424553,0.05268340257544679,0.0,23.707531158951056,498.2777548130432,3021.985285971994,3021.985285971994,2989.204574463222
84000.0,23.333333333333332,22.0,10.0,21.98924024096578,22.08209094405573,22.1,21.998211064949704,0.0017889350502962031,0.0,0.8050207726332914,498.2801698753611,2999.0851906479943,2999.0851906479943,2989.3766451025363
84060.0,23.35,22.0,10.0,21.989145039984113,22.005134406230006,22.0,21.99880737663314,0.001192623366861767,0.0,0.5366805150877951,498.2817799169063,2998.818460431994,2998.818460431994,2988.2716878266283
84120.0,23.366666666666667,22.0,10.0,21.98903686511808,22.520650407956996,22.5,22.165871584422092,-0.16587158442209216,0.0,-74.64221298994147,498.0578532779365,2923.415640287995,2923.415640287995,2988.83945645783
84180.0,23.383333333333333,22.0,10.0,21.98893582800022,21.609284196068323,21.6,21.977247722948064,0.02275227705193572,0.0,10.238524673371074,498.0885688519566,3008.3270935253277,3008.3270935253277,2988.999885580185
84240.0,23.4,22.0,10.0,21.98883701914318,22.207913348586175,22.200000000000003,22.05149848196538,-0.05149848196537832,0.0,-23.174316884420243,498.01904590130334,2974.8447290168833,2974.8447290168833,2989.3931397516167
84300.0,23.416666666666668,22.0,10.0,21.988743225762768,21.732466226602746,21.700000000000003,21.934332321310254,0.06566767868974566,0.0,29.550455410385545,498.10769726753455,3027.65815267792,3027.65815267792,2989.4360889320465
84360.0,23.433333333333334,22.0,10.0,21.988650229152665,21.870167178348638,21.900000000000002,21.922888214206836,0.07711178579316424,0.0,34.70030360692391,498.2117981783553,3032.9121017852794,3032.9121017852794,2988.997655122928
84420.0,23.45,22.0,10.0,21.98855225032668,21.969215919647997,22.0,21.948592142804557,0.05140785719544283,0.0,23.133535737949273,498.2811987855692,3021.4147345235187,3021.4147345235187,2988.7460837640447
84480.0,23.466666666666665,22.0,10.0,21.98845154658087,22.625668786940476,22.6,22.16572809520304,-0.16572809520303977,0.0,-74.57764284136789,498.05746585704503,2923.479823015677,2923.479823015677,2989.1199087411987
84540.0,23.483333333333334,22.0,10.0,21.98835563084602,21.835754568789355,21.8,22.04381873013536,-0.043818730135360084,0.0,-19.718428560912038,497.9983105713623,2978.2798820104504,2978.2798820104504,2990.1538889554377
84600.0,23.5,22.0,10.0,21.988272410620947,21.61049558797128,21.6,21.89587915342357,0.1041208465764285,0.0,46.85438095939283,498.1388737142405,3044.9932546736336,3044.9932546736336,2991.867893268353
84660.0,23.516666666666666,22.0,10.0,21.988210008108304,22.24768272817655,22.200000000000003,21.99725276894905,0.002747231050950205,0.0,1.2362539729275923,498.1425824761593,2999.3788364490865,2999.3788364490865,2992.516668910884
84720.0,23.533333333333335,22.0,10.0,21.98815557811091,21.82030835644489,21.8,21.931501845966032,0.06849815403396775,0.0,30.824169315285488,498.23505498410515,3029.0592242993907,3029.0592242993907,2993.214273671483
84780.0,23.55,22.0,10.0,21.988109682660635,21.939519611922496,21.900000000000002,21.921001230644023,0.0789987693559766,0.0,35.54944621018947,498.3417033227357,3033.8911495329253,3033.8911495329253,2993.9407630497008
84840.0,23.566666666666666,22.0,10.0,21.98807264276925,21.9832642781804,22.0,21.947334153762682,0.05266584623731774,0.0,23.69963080679298,498.4128022151561,3022.112433021949,3022.112433021949,2994.6829018473672
84900.0,23.583333333333332,22.0,10.0,21.98804461966311,22.007442376779288,22.0,21.96488943584179,0.035110564158209456,0.0,15.799753871194255,498.46020147676967,3014.259955347964,3014.259955347964,2995.9334267155746
84960.0,23.6,22.0,10.0,21.988031686924707,21.954003961253328,22.0,21.976592957227858,0.023407042772142006,0.0,10.533169247463903,498.49180098451205,3009.0249702319757,3009.0249702319757,2996.5095295363126
85020.0,23.616666666666667,22.0,10.0,21.98802570621837,22.04157699341318,22.0,21.98439530481857,0.015604695181430372,0.0,7.022112831643668,498.51286732300696,3005.534980154651,3005.534980154651,2996.1380606658167
85080.0,23.633333333333333,22.0,10.0,21.988015285827704,22.065487206274852,22.1,22.02293020321238,-0.02293020321237904,0.0,-10.318591445570569,498.48191154867027,2988.1633201030995,2988.1633201030995,2995.395969624793
85140.0,23.65,22.0,10.0,21.987995991605718,22.158780555249304,22.200000000000003,22.081953468808255,-0.08195346880825483,0.0,-36.87906096371467,498.37127436577913,2961.4922134020644,2961.4922134020644,2995.667287888873
85200.0,23.666666666666668,22.0,10.0,21.98798001108557,21.902533383905634,21.900000000000002,22.021302312538836,-0.021302312538836077,0.0,-9.586040642476235,498.34251624385166,2988.7564756013753,2988.7564756013753,2995.099194929276
85260.0,23.683333333333334,22.0,10.0,21.987957261391465,21.838211232720482,21.8,21.94753487502589,0.052465124974109045,0.0,23.60930623834907,498.41334416256666,3022.022650400916,3022.022650400916,2995.2354773506
85320.0,23.7,22.0,10.0,21.9879362153355,21.775226159602088,21.8,21.898356583350594,0.1016434166494058,0.0,45.73953749223261,498.5505627750434,3044.290100267276,3044.290100267276,2996.33575984152
85380.0,23.716666666666665,22.0,10.0,21.98792843580759,22.10647021584143,22.1,21.965571055567064,0.03442894443293554,0.0,15.493024994820992,498.59704185002784,3014.090066844849,3014.090066844849,2997.8141352531147
85440.0,23.733333333333334,22.0,10.0,21.987938420123204,21.97867879108398,22.0,21.977047370378045,0.022952629621954657,0.0,10.328683329879595,498.6280279000175,3008.9567112298973,3008.9567112298973,2999.283658382643
85500.0,23.75,22.0,10.0,21.987966008763426,22.098606923048994,22.1,22.018031580252032,-0.018031580252031887,0.0,-8.114211113414349,498.6036852666773,2990.4894741532626,2990.4894741532626,3000.2392143320967
85560.0,23.766666666666666,22.0,10.0,21.98800498130912,22.095644229672295,22.1,22.04535438683469,-0.0453543868346884,0.0,-20.40947407560978,498.5424568444505,2978.1329827688405,2978.1329827688405,3001.354027597116
85620.0,23.783333333333335,22.0,10.0,21.988057214696358,22.32523260136728,22.3,22.13023625788979,-0.13023625788979132,0.0,-58.60631605040609,498.36663789629927,2939.7603218458935,2939.7603218458935,3002.819299473089
85680.0,23.8,22.0,10.0,21.988126874645946,22.029627893759354,22.0,22.08682417192653,-0.08682417192652991,0.0,-39.07087736693846,498.2494252641984,2959.1785478972597,2959.1785478972597,3004.0069260391538
85740.0,23.816666666666666,22.0,10.0,21.988210577134478,22.13868484047249,22.1,22.091216114617687,-0.09121611461768708,0.0,-41.04725157795919,498.12628350946454,2957.079031931505,2957.079031931505,3003.7529427544678
85800.0,23.833333333333332,22.0,10.0,21.988290980716126,21.747773015457163,21.700000000000003,21.960810743078458,0.03918925692154218,0.0,17.63516561469398,498.17918900630866,3015.8143546210026,3015.8143546210026,3004.0568151414263
85860.0,23.85,22.0,10.0,21.988374789555674,21.772314454317684,21.8,21.907207162052305,0.09279283794769455,0.0,41.75677707646255,498.304459337538,3040.0612364140006,3040.0612364140006,3003.9739547332024
85920.0,23.866666666666667,22.0,10.0,21.988457352643806,21.926109803482934,21.900000000000002,21.90480477470154,0.09519522529846114,0.0,42.83785138430751,498.4329728916909,3041.2708242759986,3041.2708242759986,3003.8880298281824
85980.0,23.883333333333333,22.0,10.0,21.98853863694381,21.745195101780922,21.700000000000003,21.836536516467692,0.16346348353230766,0.0,73.55856758953846,498.6536485944595,3072.212216183998,3072.212216183998,3002.546823335846
86040.0,23.9,22.0,10.0,21.98860358291301,22.12652222647124,22.1,21.92435767764513,0.07564232235487012,0.0,34.03904505969155,498.75576572963854,3032.79481078933,3032.79481078933,3002.6431611723374
86100.0,23.916666666666668,22.0,10.0,21.988669490098342,21.722058932443478,21.700000000000003,21.849571785096753,0.15042821490324698,0.0,67.69269670646113,498.95884381975793,3066.651540526219,3066.651540526219,3002.1798539697465
86160.0,23.933333333333334,22.0,10.0,21.988729639875682,22.002406243622826,22.0,21.899714523397833,0.10028547660216702,0.0,45.12846447097516,499.0942292131709,3044.222693684146,3044.222693684146,3002.6044922815495
86220.0,23.95,22.0,10.0,21.988794704863434,21.497175580563514,21.5,21.76647634893189,0.23352365106811135,0.0,105.0856429806501,499.40948614211277,3104.4951291227626,3104.4951291227626,3003.1096191066117
86280.0,23.966666666666665,22.0,10.0,21.988865636178122,21.767909691497053,21.8,21.777650899287927,0.2223491007120728,0.0,100.05709532043277,499.7096574280741,3099.766752748507,3099.766752748507,3003.4147043635603
86340.0,23.983333333333334,22.0,10.0,21.98894001572195,21.921132948468163,21.900000000000002,21.818433932858618,0.18156606714138235,0.0,81.70473021362206,499.954771618715,3081.659501832337,3081.659501832337,3002.0824563410956
86400.0,24.0,22.0,10.0,21.98899818515088,21.937190247777835,21.900000000000002,21.845622621905747,0.154377378094253,0.0,69.46982014241385,499.954771618715,3069.424591761129,3069.424591761129,3001.6857467689183
