time_s,time_h,reference_C,outside_temperature_C,temperature_C,sensor_temperature_C,measured_temperature_C,filtered_temperature_C,error_C,P_feedforward_W,P_proportional_W,P_integral_W,P_requested_W,P_command_W,power_effective_W
0.0,0.0,22.0,10.0,22.0,22.069116838412956,22.1,22.1,-0.10000000000000142,0.0,-45.00000000000064,-0.13500000000000192,2954.8649999999993,2954.8649999999993,3000.0
60.0,0.016666666666666666,22.0,10.0,22.0,22.16432362870023,22.200000000000003,22.133333333333336,-0.1333333333333364,0.0,-60.000000000001386,-0.31500000000000605,2939.6849999999986,2939.6849999999986,3000.0
120.0,0.03333333333333333,22.0,10.0,22.0,22.066087415236677,22.1,22.122222222222224,-0.12222222222222356,0.0,-55.000000000000604,-0.48000000000000786,2944.5199999999995,2944.5199999999995,3000.0
180.0,0.05,22.0,10.0,22.0,21.739368553679128,21.700000000000003,21.981481481481485,0.018518518518515492,0.0,8.333333333331971,-0.45500000000001195,3007.878333333332,3007.878333333332,3000.0
240.0,0.06666666666666667,22.0,10.0,22.0,22.181071173334622,22.200000000000003,22.054320987654325,-0.05432098765432514,0.0,-24.44444444444631,-0.5283333333333509,2975.0272222222206,2975.0272222222206,3000.0
300.0,0.08333333333333333,22.0,10.0,22.0,22.089274914472803,22.1,22.069547325102885,-0.06954732510288508,0.0,-31.296296296298287,-0.6222222222222458,2968.0814814814794,2968.0814814814794,3000.0
360.0,0.1,22.0,10.0,22.0,21.89260935292794,21.900000000000002,22.01303155006859,-0.013031550068589581,0.0,-5.864197530865312,-0.6398148148148417,2993.49598765432,2993.49598765432,3000.0
420.0,0.11666666666666667,22.0,10.0,22.0,22.11622362083927,22.1,22.04202103337906,-0.04202103337906138,0.0,-18.90946502057762,-0.6965432098765746,2980.393991769546,2980.393991769546,3000.0
480.0,0.13333333333333333,22.0,10.0,22.0,22.072914479237216,22.1,22.06134735558604,-0.06134735558604021,0.0,-27.606310013718094,-0.7793621399177288,2971.614327846364,2971.614327846364,3000.0
540.0,0.15,22.0,10.0,22.0,22.058826499331104,22.1,22.074231570390694,-0.07423157039069395,0.0,-33.404206675812276,-0.8795747599451657,2965.7162185642424,2965.7162185642424,3000.0
600.0,0.16666666666666666,22.0,10.0,22.0,22.00568444826316,22.0,22.0494877135938,-0.04948771359379833,0.0,-22.26947111720925,-0.9463831732967933,2976.7841457094937,2976.7841457094937,3000.0
660.0,0.18333333333333332,22.0,10.0,22.0,22.109342597322488,22.1,22.066325142395865,-0.06632514239586484,0.0,-29.84631407813918,-1.0359221155312108,2969.1177638063295,2969.1177638063295,3000.0
720.0,0.2,22.0,10.0,22.0,21.852709182599668,21.900000000000002,22.01088342826391,-0.010883428263909423,0.0,-4.89754271875924,-1.0506147436874886,2994.051842537553,2994.051842537553,3000.0
780.0,0.21666666666666667,22.0,10.0,22.0,21.96741801040139,22.0,22.007255618842606,-0.007255618842606282,0.0,-3.265028479172827,-1.060409829125007,2995.674561691702,2995.674561691702,3000.0
840.0,0.23333333333333334,22.0,10.0,22.0,21.903576137464004,21.900000000000002,21.97150374589507,0.02849625410492962,0.0,12.823314347218329,-1.0219398860833522,3011.8013744611353,3011.8013744611353,3000.0
900.0,0.25,22.0,10.0,22.0,22.119769242526925,22.1,22.014335830596714,-0.014335830596714061,0.0,-6.451123768521327,-1.0412932573889162,2992.5075829740895,2992.5075829740895,3000.0
960.0,0.26666666666666666,22.0,10.0,22.0,22.007944421496333,22.0,22.00955722039781,-0.009557220397809374,0.0,-4.300749179014218,-1.0541955049259588,2994.64505531606,2994.64505531606,3000.0
1020.0,0.2833333333333333,22.0,10.0,22.0,21.941508649806984,21.900000000000002,21.973038146931874,0.026961853068126374,0.0,12.132833880656868,-1.0177970032839883,3011.115036877373,3011.115036877373,3000.0
1080.0,0.3,22.0,10.0,22.0,21.843618307528633,21.8,21.91535876462125,0.08464123537875068,0.0,38.088555920437805,-0.9035313355226747,3037.1850245849155,3037.1850245849155,3000.0
1140.0,0.31666666666666665,22.0,10.0,22.0,21.948561551876224,21.900000000000002,21.910239176414166,0.08976082358583426,0.0,40.39237061362542,-0.7823542236817985,3039.6100163899437,3039.6100163899437,3000.0
1200.0,0.3333333333333333,22.0,10.0,22.0,22.00162843610367,22.0,21.94015945094278,0.05984054905722047,0.0,26.928247075749212,-0.7015694824545509,3026.226677593295,3026.226677593295,3000.0
1260.0,0.35,22.0,10.0,22.0,21.944879418940126,21.900000000000002,21.926772967295186,0.07322703270481412,0.0,32.952164717166355,-0.6027129883030519,3032.349451728863,3032.349451728863,3000.0
1320.0,0.36666666666666664,22.0,10.0,22.0,22.258812762879643,22.3,22.05118197819679,-0.05118197819679082,0.0,-23.03189018855587,-0.6718086588687194,2976.2963011525753,2976.2963011525753,3000.0
1380.0,0.38333333333333336,22.0,10.0,22.0,22.20134486306116,22.200000000000003,22.100787985464528,-0.10078798546452816,0.0,-45.35459345903767,-0.8078724392458324,2953.8375341017168,2953.8375341017168,3000.0
1440.0,0.4,22.0,10.0,22.0,21.457767504206807,21.5,21.90052532364302,0.09947467635698004,0.0,44.76360436064102,-0.6735816261639094,3044.0900227344773,3044.0900227344773,3000.0
1500.0,0.4166666666666667,22.0,10.0,22.0,21.622197350806466,21.6,21.800350215762016,0.19964978423798385,0.0,89.84240290709273,-0.4040544174426312,3089.4383484896503,3089.4383484896503,3000.0
1560.0,0.43333333333333335,22.0,10.0,22.0,21.965045581588967,22.0,21.86690014384134,0.13309985615865827,0.0,59.89493527139622,-0.22436961162844254,3059.670565659768,3059.670565659768,3000.0
1620.0,0.45,22.0,10.0,22.0,21.91556191768473,21.900000000000002,21.87793342922756,0.12206657077243932,0.0,54.929956847597694,-0.05957974108564947,3054.870377106512,3054.870377106512,3000.0
1680.0,0.4666666666666667,22.0,10.0,22.0,22.04272859949972,22.0,21.91862228615171,0.08137771384829051,0.0,36.61997123173073,0.05028017260954271,3036.6702514043404,3036.6702514043404,3000.0
1740.0,0.48333333333333334,22.0,10.0,22.0,22.043464386204512,22.0,21.94574819076781,0.054251809232191306,0.0,24.413314154486088,0.12352011507300098,3024.536834269559,3024.536834269559,3000.0
1800.0,0.5,22.0,10.0,22.0,22.42356775101021,22.400000000000002,22.097165460511874,-0.09716546051187436,0.0,-43.72445723034346,-0.007653256618029403,2956.2678895130384,2956.2678895130384,3000.0
1860.0,0.5166666666666667,22.0,10.0,22.0,21.777595847461544,21.8,21.998110307007916,0.0018896929920835248,0.0,0.8503618464375862,-0.005102171078716644,3000.8452596753586,3000.8452596753586,2999.24775
1920.0,0.5333333333333333,22.0,10.0,21.999990973,21.9244699715746,21.900000000000002,21.96540687133861,0.034593128661388306,0.0,15.566907897624738,0.04159855261415757,3015.608506450239,3015.608506450239,2998.2550375
1980.0,0.55,22.0,10.0,21.999970060531,22.408524382029466,22.400000000000002,22.110271247559076,-0.11027124755907636,0.0,-49.62206140158436,-0.1072676315905955,2950.270670966825,2950.270670966825,2997.359453541667
2040.0,0.5666666666666667,22.0,10.0,21.999938463791906,22.129279063032275,22.1,22.10684749837272,-0.10684749837271923,0.0,-48.08137426772365,-0.25151175439376644,2951.6671139778823,2951.6671139778823,2997.5347682048614
2100.0,0.5833333333333334,22.0,10.0,21.99990906561899,22.13252174009424,22.1,22.104564998915148,-0.10456499891514781,0.0,-47.054249511816515,-0.392674502929216,2952.553075985254,2952.553075985254,2997.159642438484
2160.0,0.6,22.0,10.0,21.999875254131396,21.897073979793905,21.900000000000002,22.036376665943433,-0.036376665943432585,0.0,-16.369499674544663,-0.44178300195285,2983.1887173235023,2983.1887173235023,2996.675006422534
2220.0,0.6166666666666667,22.0,10.0,21.999835728446072,21.670220694274942,21.700000000000003,21.924251110628955,0.07574888937104518,0.0,34.08700021697033,-0.339522001301939,3033.7474782156683,3033.7474782156683,2996.622022776397
2280.0,0.6333333333333333,22.0,10.0,21.99979568553405,22.033288634378597,22.0,21.949500740419303,0.05049925958069679,0.0,22.724666811313554,-0.2713480008679983,3022.4533188104456,3022.4533188104456,2996.3515555929494
2340.0,0.65,22.0,10.0,21.999752517144564,22.021555334708875,22.0,21.966333826946205,0.03366617305379549,0.0,15.14977787420797,-0.22589866724537444,3014.9238792069623,3014.9238792069623,2995.9392684638397
2400.0,0.6666666666666666,22.0,10.0,21.999704530814697,21.754234119965783,21.8,21.910889217964137,0.08911078203586342,0.0,40.09985191613854,-0.10559911149695882,3039.9942528046417,3039.9942528046417,2995.435550965513
2460.0,0.6833333333333333,22.0,10.0,21.99965064383384,21.863005311477725,21.900000000000002,21.907259478642757,0.09274052135724276,0.0,41.73323461075924,0.0196005923353189,3041.7528352030945,3041.7528352030945,2995.1246942112457
2520.0,0.7,22.0,10.0,21.999593188232872,21.985184452287427,22.0,21.938172985761838,0.06182701423816184,0.0,27.822156407172827,0.10306706155683738,3027.9252234687297,3027.9252234687297,2994.691245371164
2580.0,0.7166666666666667,22.0,10.0,21.999530703612628,21.810580379000474,21.8,21.892115323841224,0.1078846761587755,0.0,48.54810427144898,0.2487113743711843,3048.7968156458205,3048.7968156458205,2994.68058865727
2640.0,0.7333333333333333,22.0,10.0,21.999468278565676,21.979814284995232,22.0,21.928076882560816,0.07192311743918367,0.0,32.36540284763265,0.34580758291408226,3032.7112104305465,3032.7112104305465,2994.6971548745105
2700.0,0.75,22.0,10.0,21.999406239588474,22.018502845082367,22.0,21.952051255040544,0.04794874495945578,0.0,21.5769352317551,0.41053838860934755,3021.9874736203647,3021.9874736203647,2994.9822252009544
2760.0,0.7666666666666667,22.0,10.0,21.99934780757212,22.00646505498322,22.0,21.968034170027032,0.03196582997296815,0.0,14.384623487835668,0.45369225907285454,3014.8383157469084,3014.8383157469084,2994.94098116384
2820.0,0.7833333333333333,22.0,10.0,21.99928905592337,21.898030724260508,21.900000000000002,21.945356113351355,0.054643886648644724,0.0,24.589748991890126,0.5274615060485249,3025.1172104979387,3025.1172104979387,2994.936049066377
2880.0,0.8,22.0,10.0,21.999230421344397,22.11798003570156,22.1,21.99690407556757,0.0030959244324293422,0.0,1.393165994593204,0.5316410040323045,3001.9248069986256,3001.9248069986256,2995.205698863227
2940.0,0.8166666666666667,22.0,10.0,21.999175198466723,22.17740858932319,22.200000000000003,22.064602717045048,-0.06460271704504805,0.0,-29.071222670271624,0.4444273360214897,2971.3732046657497,2971.3732046657497,2995.905354291922
3000.0,0.8333333333333334,22.0,10.0,21.999128537122825,22.063298198036136,22.1,22.076401811363365,-0.07640181136336466,0.0,-34.380815113514096,0.3412848906809474,2965.960469777167,2965.960469777167,2996.633765326889
3060.0,0.85,22.0,10.0,21.99909075669538,21.83544471121732,21.8,21.984267874242242,0.015732125757757842,0.0,7.079456590991029,0.36252326045392047,3007.441979851445,3007.441979851445,2997.126980531329
3120.0,0.8666666666666667,22.0,10.0,21.999059008191672,22.14538946494876,22.1,22.02284524949483,-0.02284524949482858,0.0,-10.28036227267286,0.3316821736359019,2990.051319900963,2990.051319900963,2997.7140217179544
3180.0,0.8833333333333333,22.0,10.0,21.999034399427714,21.898746395734303,21.900000000000002,21.981896832996554,0.01810316700344572,0.0,8.146425151550574,0.3561214490905536,3008.502546600641,3008.502546600641,2997.3570597085313
3240.0,0.9,22.0,10.0,21.999005580945934,22.17483770460353,22.200000000000003,22.05459788866437,-0.05459788866437165,0.0,-24.569049898967243,0.28241429939365187,2975.7133644004266,2975.7133644004266,2996.631734281751
3300.0,0.9166666666666666,22.0,10.0,21.998968145014477,21.784610661638986,21.8,21.969731925776248,0.030268074223751995,0.0,13.620633400688398,0.3232761995957171,3013.943909600284,3013.943909600284,2997.4227057559633
3360.0,0.9333333333333333,22.0,10.0,21.998940313048504,22.18183375367426,22.200000000000003,22.046487950517502,-0.046487950517501986,0.0,-20.919577732875894,0.2605174663970894,2979.3409397335213,2979.3409397335213,2998.956299801525
3420.0,0.95,22.0,10.0,21.998930967706976,21.994918276783878,22.0,22.030991967011666,-0.030991967011665622,0.0,-13.94638515524953,0.21867831093134082,2986.272293155682,2986.272293155682,2999.9682042324957
3480.0,0.9666666666666667,22.0,10.0,21.998933793254643,21.749184015187762,21.700000000000003,21.92066131134111,0.07933868865888982,0.0,35.70240989650042,0.3257855406208421,3036.028195437121,3036.028195437121,3000.8832404470627
3540.0,0.9833333333333333,22.0,10.0,21.998947590760245,21.936167696366876,21.900000000000002,21.913774207560742,0.08622579243925799,0.0,38.801606597666094,0.44219036041384036,3039.24379695808,3039.24379695808,3001.479690629684
3600.0,1.0,22.0,10.0,21.99896850427552,22.00978896002983,22.0,21.942516138373826,0.05748386162617436,0.0,25.867737731778462,0.5197935736091758,3026.3875313053877,3026.3875313053877,3001.863976357015
3660.0,1.0166666666666666,22.0,10.0,21.998993966478977,22.05355223431187,22.1,21.995010758915885,0.004989241084114582,0.0,2.245158487851562,0.5265290490727305,3002.7716875369247,3002.7716875369247,3001.104041576282
3720.0,1.0333333333333334,22.0,10.0,21.999010233078454,21.80257260809026,21.8,21.93000717261059,0.06999282738940948,0.0,31.496772325234268,0.6210193660484332,3032.117791691283,3032.117791691283,3001.0997285445997
3780.0,1.05,22.0,10.0,21.999026399121753,21.777551789688715,21.8,21.88667144840706,0.11332855159293942,0.0,50.99784821682274,0.7740129106989014,3051.7718611275213,3051.7718611275213,3001.341541509694
3840.0,1.0666666666666667,22.0,10.0,21.999045418422504,22.03896232499192,22.0,21.924447632271374,0.07555236772862628,0.0,33.998565477881826,0.8760086071325469,3034.8745740850145,3034.8745740850145,3000.4903603339794
3900.0,1.0833333333333333,22.0,10.0,21.999054166491245,21.905704243115284,21.900000000000002,21.91629842151425,0.08370157848575133,0.0,37.6657103185881,0.9890057380883112,3038.6547160566765,3038.6547160566765,2999.6766395613777
3960.0,1.1,22.0,10.0,21.999053123666506,22.046154246012552,22.0,21.944198947676163,0.055801052323836586,0.0,25.110473545726464,1.0643371587254906,3026.174810704452,3026.174810704452,2998.891246835109
4020.0,1.1166666666666667,22.0,10.0,21.99904265925753,22.150946563753205,22.200000000000003,22.029465965117446,-0.02946596511744559,0.0,-13.259684302850516,1.024558105816939,2987.7648738029666,2987.7648738029666,2998.6295380099154
4080.0,1.1333333333333333,22.0,10.0,21.999029085735877,21.66927161246569,21.700000000000003,21.919643976744965,0.08035602325503532,0.0,36.160210464765896,1.1330387372112367,3037.2932492019772,3037.2932492019772,2999.2148370133445
4140.0,1.15,22.0,10.0,21.99902257652283,22.049900199826354,22.0,21.946429317829974,0.05357068217002592,0.0,24.106806976511663,1.2053591581407717,3025.312166134652,3025.312166134652,2999.6021450432963
4200.0,1.1666666666666667,22.0,10.0,21.99902073453378,22.243950128040925,22.200000000000003,22.030952878553318,-0.030952878553318186,0.0,-13.928795348993184,1.163572772093792,2987.2347774231002,2987.2347774231002,2999.8575072793574
4260.0,1.1833333333333333,22.0,10.0,21.99902196241753,21.939516593543434,21.900000000000002,21.987301919035545,0.012698080964455016,0.0,5.714136434004757,1.1807151813958063,3006.8948516154005,3006.8948516154005,3000.5264530381123
4320.0,1.2,22.0,10.0,21.999031213966735,21.83686829731922,21.8,21.924867946023696,0.07513205397630429,0.0,33.80942428933693,1.2821434542638173,3035.091567743601,3035.091567743601,3001.213559407529
4380.0,1.2166666666666666,22.0,10.0,21.999048683037724,22.149497448473642,22.1,21.983245297349132,0.01675470265086787,0.0,7.539616192890541,1.3047623028424888,3008.844378495733,3008.844378495733,3001.658753808549
4440.0,1.2333333333333334,22.0,10.0,21.999071442034314,22.049760745275943,22.0,21.988830198232755,0.011169801767245247,0.0,5.026410795260361,1.31984153522827,3006.3462523304884,3006.3462523304884,3002.4443881725037
4500.0,1.25,22.0,10.0,21.99910356036628,22.17828017452179,22.200000000000003,22.059220132155172,-0.05922013215517197,0.0,-26.649059469827385,1.2398943568187877,2974.590834886991,2974.590834886991,3002.948835210138
4560.0,1.2666666666666666,22.0,10.0,21.9991416357077,21.930098493697447,21.900000000000002,22.006146754770114,-0.006146754770114171,0.0,-2.766039646551377,1.2315962378791336,2998.465556591328,2998.465556591328,3003.2661458503085
4620.0,1.2833333333333334,22.0,10.0,21.99918340455078,21.702819749806338,21.700000000000003,21.90409783651341,0.09590216348658842,0.0,43.15597356896479,1.361064158586028,3044.517037727551,3044.517037727551,3003.459015348585
4680.0,1.3,22.0,10.0,21.99922736252131,21.97722520957906,22.0,21.936065224342272,0.06393477565772798,0.0,28.770649045977592,1.4473761057239607,3030.2180251517016,3030.2180251517016,3003.8199852677412
4740.0,1.3166666666666667,22.0,10.0,21.99927552025696,21.910109889654713,21.900000000000002,21.92404348289485,0.07595651710515128,0.0,34.180432697318075,1.549917403815915,3035.730350101134,3035.730350101134,3003.788398963256
4800.0,1.3333333333333333,22.0,10.0,21.999323154483747,22.154387918893264,22.200000000000003,22.016028988596567,-0.016028988596566762,0.0,-7.213044868455043,1.5282782692105499,2994.3152334007555,2994.3152334007555,3003.248145724964
4860.0,1.35,22.0,10.0,21.999364162768995,22.038090732444424,22.0,22.01068599239771,-0.010685992397711175,0.0,-4.808696578970029,1.5138521794736397,2996.705155600504,2996.705155600504,3002.6266844591673
4920.0,1.3666666666666667,22.0,10.0,21.999397590494198,21.67322774400718,21.700000000000003,21.90712399493181,0.0928760050681916,0.0,41.79420228068622,1.6392347863156984,3043.4334370670017,3043.4334370670017,3002.706939382372
4980.0,1.3833333333333333,22.0,10.0,21.999431880995303,21.760399264974662,21.8,21.871415996621206,0.12858400337879416,0.0,57.862801520457374,1.8128231908770704,3059.6756247113344,3059.6756247113344,3002.4960123910155
5040.0,1.4,22.0,10.0,21.999463537501008,22.176221344818458,22.200000000000003,21.980943997747474,0.019056002252526127,0.0,8.575201013636757,1.8385487939179808,3010.4137498075547,3010.4137498075547,3002.5961212945094
5100.0,1.4166666666666667,22.0,10.0,21.99949630034404,22.135449303827606,22.1,22.02062933183165,-0.020629331831649722,0.0,-9.283199324242375,1.8106991959452536,2992.5274998717027,2992.5274998717027,3002.1480753462747
5160.0,1.4333333333333333,22.0,10.0,21.999523588347163,21.871474915165464,21.900000000000002,21.980419554554434,0.01958044544556614,0.0,8.811200450504764,1.837132797296768,3010.6483332478015,3010.6483332478015,3002.3446725838417
5220.0,1.45,22.0,10.0,21.999553153653128,21.99934339433967,22.0,21.986946369702956,0.013053630297044094,0.0,5.874133633669842,1.8547551981977775,3007.7288888318676,3007.7288888318676,3001.9612770363365
5280.0,1.4666666666666666,22.0,10.0,21.999578029516606,22.088692740271842,22.1,22.024630913135304,-0.02463091313530441,0.0,-11.083910910886985,1.8215034654651165,2990.737592554578,2990.737592554578,3001.699793971659
5340.0,1.4833333333333334,22.0,10.0,21.999599692955716,22.093280560125173,22.1,22.049753942090202,-0.04975394209020223,0.0,-22.389273940591004,1.7543356436433435,2979.365061703052,2979.365061703052,3002.271933996083
5400.0,1.5,22.0,10.0,21.999628157084803,22.174876596307673,22.200000000000003,22.09983596139347,-0.09983596139347028,0.0,-44.92618262706163,1.6195570957621588,2956.6933744687003,2956.6933744687003,3002.8881317121163
5460.0,1.5166666666666666,22.0,10.0,21.999663930194096,22.050961055638407,22.1,22.09989064092898,-0.09989064092897948,0.0,-44.950788418040766,1.4847047305080363,2956.533916312467,2956.533916312467,3003.279788372004
5520.0,1.5333333333333334,22.0,10.0,21.999704295863978,21.980738628070277,22.0,22.06659376061932,-0.06659376061931965,0.0,-29.967192278693844,1.394803153671955,2971.427610874978,2971.427610874978,3003.2713200247526
5580.0,1.55,22.0,10.0,21.999744438816684,21.947974825859117,21.900000000000002,22.011062507079547,-0.011062507079547146,0.0,-4.978128185796216,1.3798687691145661,2996.4017405833183,2996.4017405833183,3003.752094552528
5640.0,1.5666666666666667,22.0,10.0,21.999790230634865,22.210938790741515,22.200000000000003,22.074041671386368,-0.07404167138636808,0.0,-33.318752123865636,1.2799125127429694,2967.9611603888775,2967.9611603888775,3004.5524239954443
5700.0,1.5833333333333333,22.0,10.0,21.999845489030907,21.5496746340152,21.5,21.882694447590914,0.11730555240908558,0.0,52.78749858408851,1.438275008495235,3054.2257735925837,3054.2257735925837,3005.057793163604
5760.0,1.6,22.0,10.0,21.999906646081776,21.972175581063507,22.0,21.921796298393943,0.07820370160605705,0.0,35.19166572272567,1.543850005663412,3036.735515728389,3036.735515728389,3005.6177418784887
5820.0,1.6166666666666667,22.0,10.0,21.999974339046073,22.006574359842887,22.0,21.947864198929295,0.0521358010707047,0.0,23.461110481817116,1.6142333371088633,3025.0753438189263,3025.0753438189263,3005.9603596922548
5880.0,1.6333333333333333,22.0,10.0,22.00004594034524,21.714976148171203,21.700000000000003,21.865242799286197,0.13475720071380337,0.0,60.64074032121152,1.7961555580724977,3062.436895879284,3062.436895879284,3005.6571015941
5940.0,1.65,22.0,10.0,22.000113687743337,22.066676410370945,22.1,21.943495199524133,0.056504800475867256,0.0,25.427160214140265,1.8724370387149185,3027.299597252855,3027.299597252855,3006.1843707208977
6000.0,1.6666666666666667,22.0,10.0,22.000187559128758,21.86993135664008,21.900000000000002,21.928996799682757,0.07100320031724294,0.0,31.951440142759324,1.9682913591431965,3033.9197315019023,3033.9197315019023,3006.503167311127
6060.0,1.6833333333333333,22.0,10.0,22.000265034459105,22.172753993722253,22.200000000000003,22.019331199788507,-0.019331199788506837,0.0,-8.699039904828076,1.9421942394287122,2993.2431543346006,2993.2431543346006,3006.18202747966
6120.0,1.7,22.0,10.0,22.000338423685484,21.97522000687862,22.0,22.01288746652567,-0.012887466525668856,0.0,-5.799359936550985,1.9247961596190593,2996.125436223068,2996.125436223068,3006.1939078819223
6180.0,1.7166666666666666,22.0,10.0,22.00041173530901,22.1342423834669,22.1,22.04192497768378,-0.041924977683780895,0.0,-18.866239957701403,1.868197439745955,2983.0019574820444,2983.0019574820444,3006.6755355462838
6240.0,1.7333333333333334,22.0,10.0,22.00049060652964,22.244259327563885,22.200000000000003,22.094616651789188,-0.09461665178918821,0.0,-42.577493305134695,1.740464959830551,2959.162971654696,2959.162971654696,3006.7116829287747
6300.0,1.75,22.0,10.0,22.000569674905197,22.07715559144789,22.1,22.096411101192793,-0.09641110119279261,0.0,-43.384995536756676,1.610309973220281,2958.2253144364636,2958.2253144364636,3006.7055924188035
6360.0,1.7666666666666666,22.0,10.0,22.000648432989507,21.825504204304938,21.8,21.997607400795196,0.0023925992048035027,0.0,1.0766696421615762,1.6135399821467657,3002.6902096243084,3002.6902096243084,3006.17034645994
6420.0,1.7833333333333334,22.0,10.0,22.000720531848057,21.69785680550713,21.700000000000003,21.898404933863464,0.1015950661365359,0.0,45.71777976144116,1.7506933214310891,3047.4684730828726,3047.4684730828726,3006.041933295463
6480.0,1.8,22.0,10.0,22.000790873452058,22.351467696955332,22.400000000000002,22.06560328924231,-0.06560328924231129,0.0,-29.52148015904008,1.662128880953969,2972.1406487219137,2972.1406487219137,3006.6831850359977
6540.0,1.8166666666666667,22.0,10.0,22.000868699052134,21.97861026041463,22.0,22.04373552616154,-0.04373552616154086,0.0,-19.680986772693387,1.6030859206358887,2981.9220991479424,2981.9220991479424,3007.0754323712595
6600.0,1.8333333333333333,22.0,10.0,22.000950998143434,21.86323800861657,21.900000000000002,21.995823684107695,0.004176315892305382,0.0,1.879342151537422,1.608723947090501,3003.4880660986278,3003.4880660986278,3007.553014333424
6660.0,1.85,22.0,10.0,22.001038781321004,22.02989019893317,22.0,21.997215789405132,0.0027842105948678864,0.0,1.2528947676905489,1.6124826313935727,3002.865377399084,3002.865377399084,3007.332384651213
6720.0,1.8666666666666667,22.0,10.0,22.001123653592856,21.962841387496326,22.0,21.998143859603424,0.0018561403965762224,0.0,0.8352631784593001,1.6149884209289507,3002.450251599388,3002.450251599388,3007.1552641670346
6780.0,1.8833333333333333,22.0,10.0,22.001206145802083,22.17163459864462,22.200000000000003,22.065429239735618,-0.06542923973561798,0.0,-29.443157881028093,1.5266589472858663,2972.0835010662577,2972.0835010662577,3007.759900382034
6840.0,1.9,22.0,10.0,22.00129564616926,22.008081282656683,22.0,22.04361949315708,-0.043619493157081024,0.0,-19.62877192068646,1.4677726315238069,2981.8390007108374,2981.8390007108374,3008.625162454189
6900.0,1.9166666666666667,22.0,10.0,22.001395261180203,22.004145177903887,22.0,22.02907966210472,-0.029079662104720683,0.0,-13.085847947124307,1.428515087682434,2988.342667140558,2988.342667140558,3008.654972243412
6960.0,1.9333333333333333,22.0,10.0,22.001494935063583,21.85857899085699,21.900000000000002,21.986053108069814,0.013946891930185501,0.0,6.2761013685834754,1.4473433917881844,3007.723444760372,3007.723444760372,3008.386181037217
7020.0,1.95,22.0,10.0,22.00159108443084,22.09550470418034,22.1,22.024035405379877,-0.024035405379876806,0.0,-10.815932420944563,1.4148955945253507,2990.5989631735806,2990.5989631735806,3008.42388357406
7080.0,1.9666666666666666,22.0,10.0,22.001687397780437,21.79491405330944,21.8,21.94935693691992,0.05064306308008071,0.0,22.78937838603632,1.4832637296834597,3024.27264211572,3024.27264211572,3008.4123003283567
7140.0,1.9833333333333334,22.0,10.0,22.001783283191035,22.13496117114383,22.1,21.999571291279945,0.0004287087200545159,0.0,0.19291892402453215,1.4838424864555333,3001.67676141048,3001.67676141048,3008.11772186546
7200.0,2.0,22.0,10.0,22.001875346003846,22.30666284860187,22.3,22.09971419418663,-0.09971419418663174,0.0,-44.871387383984285,1.3492283243035805,2956.4778409403193,2956.4778409403193,3007.6385108627533
7260.0,2.0166666666666666,22.0,10.0,22.001961382096187,21.697024174476358,21.700000000000003,21.966476129457757,0.03352387054224337,0.0,15.085741744009518,1.394485549535609,3016.4802272935453,3016.4802272935453,3006.7894252561855
7320.0,2.033333333333333,22.0,10.0,22.002036971052974,21.50879112478271,21.5,21.810984086305172,0.18901591369482773,0.0,85.05716116267249,1.6496570330236264,3086.706818195696,3086.706818195696,3005.951833440457
7380.0,2.05,22.0,10.0,22.0021022821411,22.125478033171962,22.1,21.90732272420345,0.09267727579655016,0.0,41.70477410844757,1.7747713553489692,3043.4795454637965,3043.4795454637965,3005.376429731032
7440.0,2.066666666666667,22.0,10.0,22.00216049245145,22.511740055548074,22.5,22.104881816135634,-0.10488181613563441,0.0,-47.196817261035484,1.6331809035658627,2954.4363636425305,2954.4363636425305,3005.2268515785704
7500.0,2.0833333333333335,22.0,10.0,22.002216733193038,21.802031763418658,21.8,22.003254544090424,-0.0032545440904243605,0.0,-1.4645448406909622,1.62878726904379,3000.1642424283527,3000.1642424283527,3004.605756725409
7560.0,2.1,22.0,10.0,22.002265352074165,21.752126200313768,21.8,21.935503029393615,0.06449697060638471,0.0,29.023636772873118,1.7158581793624093,3030.7394949522354,3030.7394949522354,3005.4327570065284
7620.0,2.1166666666666667,22.0,10.0,22.002323749102022,22.120117535858117,22.1,21.990335352929076,0.009664647070923849,0.0,4.349091181915732,1.7289054529081564,3006.077996634824,3006.077996634824,3005.954469651893
7680.0,2.1333333333333333,22.0,10.0,22.00238823149054,21.834243913478875,21.8,21.926890235286052,0.07310976471394781,0.0,32.899394121276515,1.827603635271986,3034.7269977565484,3034.7269977565484,3006.27315088801
7740.0,2.15,22.0,10.0,22.002456344606724,21.901251247819378,21.900000000000002,21.917926823524034,0.08207317647596568,0.0,36.93292941418456,1.9384024235145396,3038.871331837699,3038.871331837699,3007.209213304531
7800.0,2.1666666666666665,22.0,10.0,22.002535486132558,21.932911992795802,21.900000000000002,21.91195121568269,0.08804878431730856,0.0,39.62195294278885,2.057268282342906,3041.679221225132,3041.679221225132,3007.5440530370033
7860.0,2.183333333333333,22.0,10.0,22.002618408310603,22.109018825568963,22.1,21.97463414378846,0.02536585621153975,0.0,11.414635295192888,2.0915121882284846,3013.5061474834215,3013.5061474834215,3007.983647678085
7920.0,2.2,22.0,10.0,22.002706356857807,21.921645884579185,21.900000000000002,21.949756095858973,0.050243904141026974,0.0,22.609756863462138,2.1593414588188713,3024.769098322281,3024.769098322281,3007.737972789027
7980.0,2.216666666666667,22.0,10.0,22.0027910934607,22.058367661476733,22.1,21.999837397239315,0.00016260276068535973,0.0,0.07317124230841188,2.1595609725457963,3002.2327322148544,3002.2327322148544,3007.5444305129276
8040.0,2.2333333333333334,22.0,10.0,22.002873253346475,21.96756660156776,22.0,21.999891598159543,0.00010840184045690648,0.0,0.04878082820560792,2.1597073150304134,3002.208488143236,3002.208488143236,3007.1353892957463
8100.0,2.25,22.0,10.0,22.002950258257986,21.834016037527665,21.8,21.933261065439694,0.06673893456030555,0.0,30.0325205521375,2.249804876686826,3032.2823254288246,3032.2823254288246,3006.335849001729
8160.0,2.2666666666666666,22.0,10.0,22.003017437671232,21.939052186122588,21.900000000000002,21.922174043626462,0.07782595637353751,0.0,35.02168036809188,2.354869917791101,3037.376550285883,3037.376550285883,3005.5340067589746
8220.0,2.283333333333333,22.0,10.0,22.003074793439325,21.81299486040574,21.8,21.88144936241764,0.11855063758235929,0.0,53.34778691206168,2.5149132785272865,3055.862700190589,3055.862700190589,3005.4866101400635
8280.0,2.3,22.0,10.0,22.00313140838069,22.00443440555464,22.0,21.920966241611758,0.07903375838824189,0.0,35.56519127470885,2.621608852351413,3038.1868001270605,3038.1868001270605,3006.186307855777
8340.0,2.316666666666667,22.0,10.0,22.003196249849815,21.778423004336688,21.8,21.880644161074507,0.11935583892549317,0.0,53.71012751647193,2.782739234900829,3056.4928667513727,3056.4928667513727,3005.6188802035463
8400.0,2.3333333333333335,22.0,10.0,22.003254087662707,21.78467521380366,21.8,21.85376277404967,0.14623722595032973,0.0,65.80675167764838,2.980159489933774,3068.786911167582,3068.786911167582,3005.2239338526197
8460.0,2.35,22.0,10.0,22.00330701260595,22.294699375667,22.3,22.002508516033114,-0.00250851603311375,0.0,-1.1288322149011876,2.97677299328907,3001.847940778388,3001.847940778388,3005.1950027233866
8520.0,2.3666666666666667,22.0,10.0,22.003359431600813,21.992722587539745,22.0,22.001672344022076,-0.0016723440220758334,0.0,-0.752554809934125,2.9745153288592676,3002.221960518925,3002.221960518925,3005.156175634648
8580.0,2.3833333333333333,22.0,10.0,22.003411227413626,21.992630822319217,22.0,22.00111489601472,-0.0011148960147195908,0.0,-0.5017032066238158,2.9730102192393963,3002.4713070126154,3002.4713070126154,3005.1110769007273
8640.0,2.4,22.0,10.0,22.003462326654194,22.10576961063772,22.1,22.034076597343148,-0.03407659734314805,0.0,-15.334468804416623,2.927006812826146,2987.5925380084095,2987.5925380084095,3004.560617303486
8700.0,2.4166666666666665,22.0,10.0,22.003506667081872,21.919335266572098,21.900000000000002,21.989384398228765,0.010615601771235106,0.0,4.777020797055798,2.9413378752173136,3007.718358672273,3007.718358672273,3004.1819236936085
8760.0,2.433333333333333,22.0,10.0,22.00354633016495,21.95783925666932,22.0,21.99292293215251,0.0070770678474900706,0.0,3.1846805313705318,2.950891916811425,3006.1355724481823,3006.1355724481823,3003.917936084391
8820.0,2.45,22.0,10.0,22.00358270640747,22.088612453473853,22.1,22.028615288101673,-0.028615288101672576,0.0,-12.876879645752659,2.912261277874167,2990.0353816321217,2990.0353816321217,3003.9813612289904
8880.0,2.466666666666667,22.0,10.0,22.003619734622998,22.06010290307188,22.1,22.052410192067782,-0.05241019206778219,0.0,-23.584586430501986,2.8415075185826613,2979.2569210880806,2979.2569210880806,3003.7583212614004
8940.0,2.4833333333333334,22.0,10.0,22.003653975274265,21.77179462988778,21.8,21.968273461378523,0.03172653862147712,0.0,14.276942379664703,2.8843383457216554,3017.1612807253864,3017.1612807253864,3004.100226608972
9000.0,2.5,22.0,10.0,22.00369221606775,22.170360735401683,22.200000000000003,22.045515640919017,-0.045515640919017386,0.0,-20.482038413557824,2.822892230480982,2982.3408538169233,2982.3408538169233,3004.0598355223306
9060.0,2.5166666666666666,22.0,10.0,22.003729857445816,21.885642868788008,21.900000000000002,21.997010427279346,0.0029895727206543654,0.0,1.3453077242944644,2.8269281536538653,3004.1722358779484,3004.1722358779484,3003.266802279297
9120.0,2.533333333333333,22.0,10.0,22.00375786950083,21.792542079437993,21.8,21.931340284852897,0.06865971514710267,0.0,30.896871816196203,2.9196187691024535,3033.8164905852987,3033.8164905852987,3003.4870260295343
9180.0,2.55,22.0,10.0,22.003788440204683,21.823693426204873,21.8,21.887560189901933,0.11243981009806703,0.0,50.59791454413016,3.0714125127348444,3053.669327056865,3053.669327056865,3004.874022565637
9240.0,2.566666666666667,22.0,10.0,22.00383556315486,21.925726494283793,21.900000000000002,21.891706793267957,0.10829320673204279,0.0,48.731943029419256,3.217608341823102,3051.9495513712423,3051.9495513712423,3005.517447947273
9300.0,2.5833333333333335,22.0,10.0,22.00389026584076,22.32935031676537,22.3,22.027804528845305,-0.027804528845305043,0.0,-12.51203798038727,3.1800722278819404,2990.6680342474947,2990.6680342474947,3004.666096542194
9360.0,2.6,22.0,10.0,22.003934588201744,21.76882740721759,21.8,21.95186968589687,0.048130314103129734,0.0,21.65864134640838,3.245048151921165,3024.9036894983296,3024.9036894983296,3004.5910656402966
9420.0,2.6166666666666667,22.0,10.0,22.003977877224823,22.03599305573169,22.0,21.967913123931247,0.032086876068753156,0.0,14.43909423093892,3.288365434613982,3017.727459665553,3017.727459665553,3005.026872795496
9480.0,2.6333333333333333,22.0,10.0,22.004026266066695,21.57646139444858,21.6,21.845275415954163,0.15472458404583733,0.0,69.6260628206268,3.4972436230758626,3073.123306443703,3073.123306443703,3005.0443915261512
9540.0,2.65,22.0,10.0,22.00407471996681,22.00376133333777,22.0,21.896850277302775,0.10314972269722489,0.0,46.4173752137512,3.636495748717116,3050.0538709624684,3050.0538709624684,3005.5391016299914
9600.0,2.6666666666666665,22.0,10.0,22.004128965026467,22.184042248521667,22.200000000000003,21.99790018486852,0.002099815131479943,0.0,0.9449168091659743,3.639330499144614,3004.5842473083108,3004.5842473083108,3006.09463880012
9660.0,2.683333333333333,22.0,10.0,22.00418971379699,21.9568570493847,22.0,21.99860012324568,0.001399876754319962,0.0,0.6299445394439829,3.6412203327629458,3004.271164872207,3004.271164872207,3006.68771517387
9720.0,2.7,22.0,10.0,22.004257397237684,21.878386412461015,21.900000000000002,21.96573341549712,0.03426658450288045,0.0,15.419963026296202,3.6874802218418345,3019.1074432481378,3019.1074432481378,3006.8013557123627
9780.0,2.716666666666667,22.0,10.0,22.00432624131452,22.050628454126226,22.1,22.010488943664747,-0.010488943664746841,0.0,-4.720024649136079,3.6733201478944264,2998.9532954987585,2998.9532954987585,3007.1008180891945
9840.0,2.7333333333333334,22.0,10.0,22.004398472407647,22.144428822637778,22.1,22.040325962443166,-0.04032596244316622,0.0,-18.1466830994248,3.6188800985961516,2985.472196999171,2985.472196999171,3007.0196833246223
9900.0,2.75,22.0,10.0,22.00446951319032,22.1372010273938,22.1,22.060217308295446,-0.060217308295445804,0.0,-27.09778873295061,3.5375867323973,2976.439797999447,2976.439797999447,3006.939496738266
9960.0,2.7666666666666666,22.0,10.0,22.004539378611607,22.399034149397565,22.400000000000002,22.173478205530298,-0.1734782055302979,0.0,-78.06519248863407,3.3033911549313983,2925.238198666297,2925.238198666297,3007.361877216442
10020.0,2.783333333333333,22.0,10.0,22.00461410300237,22.046447597469626,22.0,22.1156521370202,-0.11565213702019861,0.0,-52.043461659089374,3.14726076995413,2951.103799110865,2951.103799110865,3007.862121767599
10080.0,2.8,22.0,10.0,22.004694606154576,21.88621258620399,21.900000000000002,22.0437680913468,-0.0437680913467986,0.0,-19.69564110605937,3.088173846635952,2983.392532740577,2983.392532740577,3008.662131407982
10140.0,2.816666666666667,22.0,10.0,22.00478446791301,21.97958862991568,22.0,22.029178727564535,-0.029178727564534768,0.0,-13.130427404040645,3.04878256442383,2989.918355160383,2989.918355160383,3009.1542092199666
10200.0,2.8333333333333335,22.0,10.0,22.00487996501991,21.990380255895946,22.0,22.019452485043026,-0.019452485043025547,0.0,-8.753618269361496,3.0225217096157455,2994.2689034402542,2994.2689034402542,3009.94318684549
10260.0,2.85,22.0,10.0,22.004984643366996,22.02673212006262,22.0,22.012968323362017,-0.012968323362017031,0.0,-5.835745512907664,3.0050144730770225,2997.1692689601696,2997.1692689601696,3010.9239155841915
10320.0,2.8666666666666667,22.0,10.0,22.005100776423905,21.99909521377802,22.0,22.008645548908014,-0.008645548908013723,0.0,-3.890497008606175,2.993342982051204,2999.1028459734453,2999.1028459734453,3010.772649337428
10380.0,2.8833333333333333,22.0,10.0,22.005214745886683,22.040007933665922,22.0,22.00576369927201,-0.0057636992720091484,0.0,-2.593664672404117,2.9855619880339916,3000.39189731563,3000.39189731563,3010.6301378571197
10440.0,2.9,22.0,10.0,22.005326663303308,21.671156651180286,21.700000000000003,21.90384246618134,0.09615753381865844,0.0,43.270890218396296,3.11537465868918,3046.3862648770855,3046.3862648770855,3010.4941573430447
10500.0,2.9166666666666665,22.0,10.0,22.005436613201514,22.17136240440952,22.200000000000003,22.002561644120895,-0.0025616441208953233,0.0,-1.1527398544028955,3.1119164391259715,3001.959176584723,3001.959176584723,3010.1124636874674
10560.0,2.933333333333333,22.0,10.0,22.00554165292616,21.890593799141953,21.900000000000002,21.96837442941393,0.031625570586069074,0.0,14.231506763731083,3.154610959417165,3017.3861177231483,3017.3861177231483,3010.0725619372142
10620.0,2.95,22.0,10.0,22.005645898710625,21.77101415942122,21.8,21.912249619609288,0.08775038039071248,0.0,39.487671175820616,3.2730739729446268,3042.760745148765,3042.760745148765,3010.0069454457303
10680.0,2.966666666666667,22.0,10.0,22.005749044359842,22.133299276288128,22.1,21.974833079739525,0.025166920260474512,0.0,11.32511411721353,3.307049315296267,3014.63216343251,3014.63216343251,3009.6740860488367
10740.0,2.9833333333333334,22.0,10.0,22.00584788625935,22.269313087736567,22.3,22.083222053159684,-0.0832220531596839,0.0,-37.44992392185775,3.194699543530694,2965.744775621673,2965.744775621673,3009.1671332994906
10800.0,3.0,22.0,10.0,22.005940348200166,22.104545978100056,22.1,22.088814702106458,-0.08881470210645759,0.0,-39.966615947905915,3.074799695686977,2963.108183747781,2963.108183747781,3009.3003690899222
10860.0,3.0166666666666666,22.0,10.0,22.006034131584645,22.03826599435375,22.0,22.059209801404307,-0.05920980140430743,0.0,-26.644410631938342,2.994866463791162,2976.350455831853,2976.350455831853,3008.8510438353724
10920.0,3.033333333333333,22.0,10.0,22.006122241715914,21.819678180641525,21.8,21.972806534269537,0.027193465730462663,0.0,12.237059578708198,3.0315776425272865,3015.2686372212356,3015.2686372212356,3008.7730637027485
10980.0,3.05,22.0,10.0,22.0062091517552,22.5805226193179,22.6,22.18187102284636,-0.1818710228463587,0.0,-81.84196028086141,2.786051761684702,2920.9440914808233,2920.9440914808233,3009.190454150791
11040.0,3.066666666666667,22.0,10.0,22.006300809749746,22.182352533882046,22.200000000000003,22.18791401523091,-0.18791401523090911,0.0,-84.5613068539091,2.532367841122975,2917.9710609872136,2917.9710609872136,3009.931768699226
11100.0,3.0833333333333335,22.0,10.0,22.006401088544887,21.77854215447629,21.8,22.058609343487273,-0.05860934348727298,0.0,-26.37420456927284,2.4532452274151564,2976.0790406581423,2976.0790406581423,3010.6320650770926
11160.0,3.1,22.0,10.0,22.006509470060177,21.85058188681223,21.900000000000002,22.005739562324848,-0.00573956232484818,0.0,-2.582803046181681,2.4454968182766113,2999.862693772095,2999.862693772095,3010.2993312299327
11220.0,3.1166666666666667,22.0,10.0,22.006613533624755,22.024009383339134,22.0,22.003826374883232,-0.00382637488323212,0.0,-1.721868697454454,2.440331212184248,3000.71846251473,3000.71846251473,3010.5427372010727
11280.0,3.1333333333333333,22.0,10.0,22.006720205870295,21.6957739794711,21.700000000000003,21.902550916588822,0.09744908341117764,0.0,43.85208753502994,2.571887474789338,3046.4239750098195,3046.4239750098195,3010.6624825754807
11340.0,3.15,22.0,10.0,22.00682799504359,22.040554076445694,22.0,21.93503394439255,0.06496605560744939,0.0,29.234725023352226,2.6595916498593946,3031.894316673212,3031.894316673212,3011.7034963066176
11400.0,3.1666666666666665,22.0,10.0,22.006947953014137,21.915133641871584,21.900000000000002,21.92335596292837,0.07664403707163103,0.0,34.489816682233965,2.7630610999060963,3037.2528777821403,3037.2528777821403,3012.3426692175485
11460.0,3.183333333333333,22.0,10.0,22.007075221185705,22.25232934124895,22.3,22.04890397528558,-0.04890397528557955,0.0,-22.006788878510797,2.697040733270564,2980.69025185476,2980.69025185476,3012.213362185728
11520.0,3.2,22.0,10.0,22.007200555868376,22.199631488594026,22.200000000000003,22.099269316857054,-0.09926931685705398,0.0,-44.67119258567429,2.563027155513541,2957.8918345698394,2957.8918345698394,3012.0809922305025
11580.0,3.216666666666667,22.0,10.0,22.00732392610754,21.465066838620583,21.5,21.899512877904705,0.10048712209529498,0.0,45.21920494288274,2.6986847703421892,3047.9178897132247,3047.9178897132247,3012.198099747463
11640.0,3.2333333333333334,22.0,10.0,22.007448331526184,22.015788848731646,22.0,21.933008585269803,0.06699141473019665,0.0,30.146136628588494,2.789123180227955,3032.935259808816,3032.935259808816,3011.9773530099847
11700.0,3.25,22.0,10.0,22.007569714767726,21.684076214862987,21.700000000000003,21.855339056846535,0.14466094315346467,0.0,65.09742441905911,2.984415453485132,3068.0818398725446,3068.0818398725446,3011.5356004098044
11760.0,3.2666666666666666,22.0,10.0,22.00768543282834,22.229613032678042,22.200000000000003,21.970226037897692,0.02977396210230765,0.0,13.398282946038442,3.024610302323247,3016.4228932483616,3016.4228932483616,3010.9506703696316
11820.0,3.283333333333333,22.0,10.0,22.00779378457429,22.041414958399855,22.0,21.980150691931797,0.01984930806820273,0.0,8.932188630691229,3.0514068682153206,3011.9835954989067,3011.9835954989067,3009.522129174576
11880.0,3.3,22.0,10.0,22.00788466877066,22.11756575920806,22.1,22.020100461287864,-0.020100461287864135,0.0,-9.045207579538861,3.024271245476704,2993.9790636659377,2993.9790636659377,3008.5484903401807
11940.0,3.316666666666667,22.0,10.0,22.00796359664843,21.794938650887772,21.8,21.946733640858575,0.05326635914142486,0.0,23.969861613641186,3.096180830317628,3027.066042443959,3027.066042443959,3008.129224380187
12000.0,3.3333333333333335,22.0,10.0,22.00803725655105,22.37372330415015,22.400000000000002,22.097822427239052,-0.09782242723905199,0.0,-44.020092257573396,2.9641205535449076,2958.9440282959717,2958.9440282959717,3007.8257098931904
12060.0,3.35,22.0,10.0,22.008107053300115,22.412121726730206,22.400000000000002,22.198548284826035,-0.19854828482603537,0.0,-89.34672817171591,2.69608036902976,2913.349352197314,2913.349352197314,3007.599763118975
12120.0,3.3666666666666667,22.0,10.0,22.008173929297644,21.7952197207724,21.8,22.06569885655069,-0.0656988565506893,0.0,-29.564485447810185,2.607386912686329,2973.042901464876,2973.042901464876,3007.4259215496613
12180.0,3.3833333333333333,22.0,10.0,22.008238518568348,22.08280154294161,22.1,22.077132571033793,-0.07713257103379334,0.0,-34.709656965207,2.503257941790708,2967.7936009765835,2967.7936009765835,3007.287203623391
12240.0,3.4,22.0,10.0,22.008301249456125,21.873640763778088,21.900000000000002,22.018088380689196,-0.01808838068919627,0.0,-8.139771310138322,2.478838627860293,2994.339067317722,2994.339067317722,3007.172281851595
12300.0,3.4166666666666665,22.0,10.0,22.008362413089976,22.00364842571783,22.0,22.012058920459467,-0.012058920459466549,0.0,-5.426514206759947,2.4625590852400134,2997.0360448784804,2997.0360448784804,3007.825848235353
12360.0,3.433333333333333,22.0,10.0,22.00843123602953,21.755303840184617,21.8,21.941372613639643,0.05862738636035658,0.0,26.38232386216046,2.5417060568264946,3028.924029918987,3028.924029918987,3007.728070374509
12420.0,3.45,22.0,10.0,22.008498679165935,22.38192778208206,22.400000000000002,22.094248409093098,-0.09424840909309751,0.0,-42.41178409189388,2.4144707045508134,2960.002686612657,2960.002686612657,3007.88903783032
12480.0,3.466666666666667,22.0,10.0,22.008567851582402,21.814731949365868,21.8,21.996165606062064,0.0038343939379359426,0.0,1.7254772720711742,2.419647136367027,3004.1451244084383,3004.1451244084383,3008.470232952294
12540.0,3.4833333333333334,22.0,10.0,22.008643790823083,21.949427027823585,21.900000000000002,21.964110404041378,0.03588959595862207,0.0,16.15031818137993,2.4680980909111665,3018.618416272291,3018.618416272291,3008.5729317936307
12600.0,3.5,22.0,10.0,22.00872073463214,22.109017320854242,22.1,22.009406936027585,-0.009406936027584578,0.0,-4.23312121241306,2.4553987272739275,2998.2222775148607,2998.2222775148607,3007.8591291907646
12660.0,3.5166666666666666,22.0,10.0,22.008788881978532,21.879276746295307,21.900000000000002,21.972937957351725,0.027062042648275053,0.0,12.177919191723774,2.4919324848490985,3014.669851676573,3014.669851676573,3007.113280100048
12720.0,3.533333333333333,22.0,10.0,22.008847874693796,21.960985388747336,22.0,21.98195863823448,0.01804136176551907,0.0,8.118612794483582,2.5162883232325495,3010.634901117716,3010.634901117716,3006.600566362245
12780.0,3.55,22.0,10.0,22.00890053786606,21.896172568580667,21.900000000000002,21.95463909215632,0.045360907843679854,0.0,20.412408529655934,2.577525548821517,3022.9899340784773,3022.9899340784773,3006.745034209895
12840.0,3.566666666666667,22.0,10.0,22.008954776662982,21.982262625695725,22.0,21.969759394770882,0.030240605229117534,0.0,13.60827235310289,2.618350365880826,3016.226622718984,3016.226622718984,3005.315018497744
12900.0,3.5833333333333335,22.0,10.0,22.008991692554964,21.774883165534902,21.8,21.913172929847256,0.0868270701527436,0.0,39.07218156873462,2.7355669105870297,3041.8077484793216,3041.8077484793216,3003.8592858725683
12960.0,3.6,22.0,10.0,22.00901102890777,21.92141341378731,21.900000000000002,21.908781953231504,0.09121804676849621,0.0,41.048121045823294,2.8587112737244995,3043.906832319548,3043.906832319548,3003.3962817856614
13020.0,3.6166666666666667,22.0,10.0,22.009024751202475,21.967646166260025,22.0,21.939187968821003,0.06081203117899747,0.0,27.365414030548862,2.9408075158161466,3030.306221546365,3030.306221546365,3003.3373886521017
13080.0,3.6333333333333333,22.0,10.0,22.009037725612693,21.942292524851865,21.900000000000002,21.926125312547335,0.07387468745266546,0.0,33.243609353699455,3.040538343877245,3036.284147697577,3036.284147697577,3003.2937398831455
13140.0,3.65,22.0,10.0,22.009050137314453,22.020388128293213,22.0,21.950750208364887,0.04924979163511267,0.0,22.162406235800702,3.107025562584647,3025.269431798385,3025.269431798385,3004.012577135257
13200.0,3.6666666666666665,22.0,10.0,22.009071137828133,21.95045069395679,22.0,21.96716680557659,0.032833194423410816,0.0,14.774937490534867,3.1513503750562517,3017.926287865591,3017.926287865591,3004.4772727942227
13260.0,3.683333333333333,22.0,10.0,22.00909765168818,22.159739933376056,22.200000000000003,22.044777870384394,-0.044777870384393736,0.0,-20.15004167297718,3.09090025003732,2982.94085857706,2982.94085857706,3005.0235328773547
13320.0,3.7,22.0,10.0,22.009130641127644,21.94449145597048,21.900000000000002,21.996518580256264,0.0034814197437356142,0.0,1.5666388846810264,3.095600166691363,3004.6622390513726,3004.6622390513726,3004.617978193645
13380.0,3.716666666666667,22.0,10.0,22.009158664942586,21.98182874568341,22.0,21.99767905350418,0.0023209464958213744,0.0,1.0444259231196185,3.098733444460722,3004.14315936758,3004.14315936758,3003.839209133248
13440.0,3.7333333333333334,22.0,10.0,22.009177259457356,21.876220992258187,21.900000000000002,21.965119369002785,0.03488063099721472,0.0,15.696283948746625,3.145822296306962,3018.8421062450534,3018.8421062450534,3004.573853809581
13500.0,3.75,22.0,10.0,22.009204613924698,21.90390164590165,21.900000000000002,21.943412912668524,0.05658708733147577,0.0,25.464189299164097,3.2222148642044544,3028.6864041633685,3028.6864041633685,3005.0465439095683
13560.0,3.7666666666666666,22.0,10.0,22.00923755860984,21.756339000445898,21.8,21.895608608445684,0.10439139155431576,0.0,46.97612619944209,3.3631432428027805,3050.339269442245,3050.339269442245,3006.097132175618
13620.0,3.783333333333333,22.0,10.0,22.009283011520118,22.11303999569571,22.1,21.963739072297123,0.0362609277028767,0.0,16.317417466294515,3.4120954952016644,3019.7295129614963,3019.7295129614963,3006.269228193497
13680.0,3.8,22.0,10.0,22.00933039322388,21.780826789693382,21.8,21.909159381531417,0.09084061846858305,0.0,40.87827831086237,3.534730330134251,3044.4130086409964,3044.4130086409964,3006.364467648587
13740.0,3.816666666666667,22.0,10.0,22.009378775655993,21.860207496018326,21.900000000000002,21.906106254354277,0.0938937456457225,0.0,42.25218554057513,3.6614868867559767,3045.913672427331,3045.913672427331,3006.158044248876
13800.0,3.8333333333333335,22.0,10.0,22.00942453586001,22.08127346626225,22.1,21.970737502902853,0.029262497097146678,0.0,13.168123693716005,3.700991257837125,3016.869114951553,3016.869114951553,3006.506510885461
13860.0,3.85,22.0,10.0,22.009474340383054,22.089989013571962,22.1,22.013825001935235,-0.013825001935234837,0.0,-6.221250870855677,3.6823275052245577,2997.461076634369,2997.461076634369,3005.713802842303
13920.0,3.8666666666666667,22.0,10.0,22.009514482996014,21.929491532795,21.900000000000002,21.97588333462349,0.024116665376510582,0.0,10.852499419429762,3.714885003482847,3014.5673844229127,3014.5673844229127,3004.174395331553
13980.0,3.8833333333333333,22.0,10.0,22.009536032291006,21.605682870193245,21.6,21.85058888974899,0.14941111025100895,0.0,67.23499961295403,3.9165900023217093,3071.151589615276,3071.151589615276,3003.655537100442
14040.0,3.9,22.0,10.0,22.009551290639337,22.093653948098453,22.1,21.933725926499328,0.06627407350067216,0.0,29.82333307530247,4.006060001547617,3033.82939307685,3033.82939307685,3003.0578381650444
14100.0,3.9166666666666665,22.0,10.0,22.0095593308254,22.061472022603812,22.1,21.98915061766622,0.010849382333780966,0.0,4.882222050201435,4.020706667698221,3008.9029287178996,3008.9029287178996,3002.912525317589
14160.0,3.933333333333333,22.0,10.0,22.009565603136735,21.72708936004238,21.700000000000003,21.892767078444148,0.10723292155585185,0.0,48.25481470013333,4.165471111798621,3052.420285811932,3052.420285811932,3002.8145839769372
14220.0,3.95,22.0,10.0,22.00957068133505,22.16363509789395,22.200000000000003,21.9951780522961,0.004821947703899099,0.0,2.1698764667545944,4.171980741198885,3006.341857207953,3006.341857207953,3003.2497414093045
14280.0,3.966666666666667,22.0,10.0,22.009580966187954,21.86936100610127,21.900000000000002,21.96345203486407,0.03654796513593084,0.0,16.446584311168877,4.221320494132391,3020.667904805301,3020.667904805301,3002.5289571626936
14340.0,3.9833333333333334,22.0,10.0,22.009582570775343,21.78434494754468,21.8,21.908968023242714,0.0910319767572858,0.0,40.96438954077861,4.344213662754727,3045.308603203533,3045.308603203533,3002.555893283456
14400.0,4.0,22.0,0.0,22.00958449378242,22.028730635975272,22.0,21.93931201549514,0.06068798450485957,2500.0,27.309593027186807,4.426142441836287,5531.735735469023,5531.735735469023,3002.8236019999367
14460.0,4.016666666666667,22.0,0.0,21.979589623525072,21.94389553724523,21.900000000000002,21.926208010330093,0.07379198966990685,2500.0,33.206395351458085,4.525761627890661,5537.7321569793485,5537.7321569793485,3002.746913258519
14520.0,4.033333333333333,22.0,0.0,21.9496838176136,21.99020861781183,22.0,21.950805340220064,0.049194659779935535,2500.0,22.13759690097099,4.592174418593575,5526.729771319565,5526.729771319565,3002.94562889882
14580.0,4.05,22.0,0.0,21.919870113707546,21.59872050204266,21.6,21.833870226813374,0.16612977318662558,2500.0,74.75839793398151,4.81644961239552,5579.574847546377,5579.574847546377,3003.0737834358015
14640.0,4.066666666666666,22.0,0.0,21.89014738876765,22.252593412022126,22.3,21.989246817875582,0.010753182124418004,2500.0,4.838931955988102,4.830966408263484,5509.669898364252,5509.669898364252,3003.405719279846
14700.0,4.083333333333333,22.0,0.0,21.860517815232708,21.739986092323964,21.700000000000003,21.892831211917056,0.10716878808294439,2500.0,48.225954637324975,4.975644272175458,5553.201598909501,5553.201598909501,3003.6194010038316
14760.0,4.1,22.0,0.0,21.830979694599055,21.523047832899774,21.5,21.76188747461137,0.2381125253886296,2500.0,107.15063642488332,5.297096181450108,5612.447732606333,5612.447732606333,3004.2558734617564
14820.0,4.116666666666666,22.0,0.0,21.8015378259968,21.92530626371023,21.900000000000002,21.807924983074248,0.19207501692575235,2500.0,86.43375761658857,5.556397454299875,5591.990155070889,5591.990155070889,3004.916722776053
14880.0,4.133333333333334,22.0,0.0,21.77219221319212,21.701231387171884,21.700000000000003,21.771949988716166,0.22805001128383395,2500.0,102.62250507772528,5.864264969533051,5608.486770047259,5608.486770047259,3005.3398810888916
14940.0,4.15,22.0,0.0,21.742939715125612,21.80791141228019,21.8,21.781299992477443,0.21870000752255692,2500.0,98.41500338515061,6.159509979688503,5604.57451336484,5604.57451336484,3005.855618865703
15000.0,4.166666666666667,22.0,0.0,21.713781163406622,21.645859477281615,21.6,21.720866661651627,0.2791333383483732,2500.0,125.61000225676793,6.536339986458806,5632.146342243227,5632.146342243227,3006.179182414581
15060.0,4.183333333333334,22.0,0.0,21.684713970105378,21.672765898009395,21.700000000000003,21.713911107767753,0.28608889223224665,2500.0,128.74000150451099,6.922559990972339,5635.662561495484,5635.662561495484,3006.3749675054314
15120.0,4.2,22.0,0.0,21.655736327805126,21.704890896552854,21.700000000000003,21.70927407184517,0.29072592815483134,2500.0,130.8266676696741,7.315039993981363,5638.141707663655,5638.141707663655,3005.984399023292
15180.0,4.216666666666667,22.0,0.0,21.62684093160999,21.47751035481341,21.5,21.63951604789678,0.3604839521032197,2500.0,162.21777844644888,7.801693329320709,5670.01947177577,5670.01947177577,3005.96236302376
15240.0,4.233333333333333,22.0,0.0,21.598031957171447,21.73377987634336,21.700000000000003,21.65967736526452,0.34032263473547886,2500.0,153.1451856309655,8.261128886213605,5661.406314517179,5661.406314517179,3005.9320429628237
15300.0,4.25,22.0,0.0,21.569309045815487,21.475329025999578,21.5,21.606451576843014,0.3935484231569859,2500.0,177.09679042064366,8.792419257475535,5685.889209678119,5685.889209678119,3006.1472106841943
15360.0,4.266666666666667,22.0,0.0,21.54067488520625,21.366737456372157,21.400000000000002,21.53763438456201,0.4623656154379887,2500.0,208.06452694709492,9.41661283831682,5717.481139785412,5717.481139785412,3006.5228639088473
15420.0,4.283333333333333,22.0,0.0,21.51213113491754,21.52753761928204,21.5,21.52508958970801,0.4749104102919901,2500.0,213.70968463139553,10.057741892211006,5723.767426523606,5723.767426523606,3007.253137334404
15480.0,4.3,22.0,0.0,21.4836817791608,21.572690034859008,21.6,21.550059726472007,0.44994027352799293,2500.0,202.47312308759683,10.665161261473795,5713.138284349071,5713.138284349071,3007.461076928189
15540.0,4.316666666666666,22.0,0.0,21.455320266746458,21.40950439842273,21.400000000000002,21.500039817648005,0.4999601823519946,2500.0,224.98208205839757,11.340107507648987,5736.322189566046,5736.322189566046,3008.0769424567357
15600.0,4.333333333333333,22.0,0.0,21.4270512292557,21.254547271839787,21.3,21.433359878432004,0.5666401215679961,2500.0,254.98805470559827,12.105071671765783,5767.093126377364,5767.093126377364,3008.707554622912
15660.0,4.35,22.0,0.0,21.39887456622341,21.522831679485137,21.5,21.455573252288005,0.5444267477119951,2500.0,244.99203647039778,12.840047781176976,5757.832084251575,5757.832084251575,3008.8435806283896
15720.0,4.366666666666666,22.0,0.0,21.37078406549228,21.018718307067726,21.0,21.303715501525335,0.6962844984746646,2500.0,313.32802431359903,13.780031854117775,5827.108056167716,5827.108056167716,3008.6538722284895
15780.0,4.383333333333334,22.0,0.0,21.342775559762547,21.136602732555442,21.1,21.235810334350226,0.7641896656497735,2500.0,343.8853495423981,14.811687902744968,5858.697037445143,5858.697037445143,3008.7524307650633
15840.0,4.4,22.0,0.0,21.31485226225244,21.322756840359116,21.3,21.257206889566817,0.7427931104331833,2500.0,334.2568996949325,15.814458601829765,5850.071358296762,5850.071358296762,3009.7924167459
15900.0,4.416666666666667,22.0,0.0,21.287025214466635,21.01481333480562,21.0,21.17147125971121,0.8285287402887889,2500.0,372.837933129955,16.93297240121963,5889.770905531174,5889.770905531174,3010.1930330180826
15960.0,4.433333333333334,22.0,0.0,21.259286455219453,21.264885308069285,21.3,21.214314173140806,0.7856858268591935,2500.0,353.5586220866371,17.99364826747954,5871.552270354116,5871.552270354116,3010.171531279746
16020.0,4.45,22.0,0.0,21.23163065422915,21.220658030625458,21.200000000000003,21.20954278209387,0.7904572179061304,2500.0,355.7057480577587,19.060765511652818,5874.7665135694115,5874.7665135694115,3010.8756771886156
16080.0,4.466666666666667,22.0,0.0,21.204066270392726,21.38381422816436,21.400000000000002,21.273028521395915,0.7269714786040851,2500.0,327.13716537183825,20.042177007768334,5847.179342379606,5847.179342379606,3010.800113522271
16140.0,4.483333333333333,22.0,0.0,21.176583672943813,20.993625602581155,21.0,21.182019014263943,0.8179809857360567,2500.0,368.0914435812255,21.14645133851201,5889.237894919737,5889.237894919737,3010.9645767103216
16200.0,4.5,22.0,0.0,21.149185496845504,21.024004192117175,21.0,21.121346009509296,0.8786539904907045,2500.0,395.394295720817,22.33263422567446,5917.7269299464915,5917.7269299464915,3011.536977151875
16260.0,4.516666666666667,22.0,0.0,21.12187638408079,21.188512721020988,21.200000000000003,21.14756400633953,0.8524359936604711,2500.0,383.59619714721197,23.483422817116097,5907.079619964327,5907.079619964327,3053.540289790494
16320.0,4.533333333333333,22.0,0.0,21.09515323840603,20.60364052036487,20.6,20.96504267089302,1.0349573291069802,2500.0,465.7307980981411,24.880615211410518,5990.611413309552,5990.611413309552,3094.9434875769753
16380.0,4.55,22.0,0.0,21.069007100541736,21.689015560324652,21.700000000000003,21.210028447262015,0.7899715527379847,2500.0,355.48719873209313,25.9470768076068,5881.4342755397,5881.4342755397,3135.473258972685
16440.0,4.566666666666666,22.0,0.0,21.043425758347784,20.90369561225543,20.900000000000002,21.10668563150801,0.8933143684919891,2500.0,401.9914658213951,27.153051205070984,5929.144517026466,5929.144517026466,3176.208285448913
16500.0,4.583333333333333,22.0,0.0,21.018409980498127,20.872442969953017,20.900000000000002,21.03779042100534,0.9622095789946599,2500.0,432.9943105475969,28.452034136713774,5961.44634468431,5961.44634468431,3215.0993123308353
16560.0,4.6,22.0,0.0,20.993935942304603,21.166161444485347,21.200000000000003,21.091860280670225,0.9081397193297747,2500.0,408.6628736983986,29.67802275780897,5938.340896456208,5938.340896456208,3254.0676837738133
16620.0,4.616666666666666,22.0,0.0,20.970002946682975,20.96203657839584,21.0,21.061240187113484,0.9387598128865164,2500.0,422.4419157989324,30.945348505205768,5953.387264304138,5953.387264304138,3293.374017921022
16680.0,4.633333333333334,22.0,0.0,20.94661342605798,20.59072770231726,20.6,20.907493458075656,1.0925065419243438,2500.0,491.6279438659547,30.945348505205768,6022.57329237116,6000.0,3331.68428687352
16740.0,4.65,22.0,0.0,20.923753797222286,21.049139273240808,21.0,20.93832897205044,1.0616710279495614,2500.0,477.7519625773026,30.945348505205768,6008.697311082508,6000.0,3369.6309949264155
16800.0,4.666666666666667,22.0,0.0,20.901418107769736,21.07249367456958,21.1,20.992219314700293,1.007780685299707,2500.0,453.5013083848682,32.305852430360375,5985.807160815229,5985.807160815229,3406.8800535670557
16860.0,4.683333333333334,22.0,0.0,20.87959641408923,20.789607159394045,20.8,20.928146209800197,1.0718537901998033,2500.0,482.3342055899115,32.305852430360375,6014.640058020272,6000.0,3443.967825044992
16920.0,4.7,22.0,0.0,20.858285238747502,20.801965167089097,20.8,20.885430806533464,1.1145691934665365,2500.0,501.5561370599414,32.305852430360375,6033.861989490302,6000.0,3480.4960706525003
16980.0,4.716666666666667,22.0,0.0,20.83747633587909,20.934673255330967,20.900000000000002,20.890287204355644,1.1097127956443558,2500.0,499.3707580399601,32.305852430360375,6031.676610470321,6000.0,3516.4568312693527
17040.0,4.733333333333333,22.0,0.0,20.817161388846685,20.635405338863794,20.6,20.793524802903764,1.2064751970962355,2500.0,542.9138386933059,32.305852430360375,6075.219691123667,6000.0,3552.34954194446
17100.0,4.75,22.0,0.0,20.797338099183477,20.88501581202486,20.900000000000002,20.829016535269176,1.1709834647308242,2500.0,526.9425591288709,32.305852430360375,6059.2484115592315,6000.0,3587.5004881540053
17160.0,4.766666666666667,22.0,0.0,20.777996090743773,20.817855792832674,20.8,20.819344356846116,1.1806556431538837,2500.0,531.2950394192477,32.305852430360375,6063.600891849608,6000.0,3622.4736335127404
17220.0,4.783333333333333,22.0,0.0,20.759131786073695,20.62414526291851,20.6,20.746229571230746,1.2537704287692542,2500.0,564.1966929461644,32.305852430360375,6096.502545376525,6000.0,3657.3904252839516
17280.0,4.8,22.0,0.0,20.74074307581888,20.46232270105651,20.5,20.66415304748716,1.3358469525128385,2500.0,601.1311286307773,32.305852430360375,6133.436981061138,6000.0,3691.830041971279
17340.0,4.816666666666666,22.0,0.0,20.722822807095078,20.67770164094286,20.700000000000003,20.67610203165811,1.323897968341889,2500.0,595.7540857538501,32.305852430360375,6128.05993818421,6000.0,3725.5185126775755
17400.0,4.833333333333333,22.0,0.0,20.705360560825923,20.53027610917389,20.5,20.61740135443874,1.3825986455612593,2500.0,622.1693905025667,32.305852430360375,6154.475242932927,6000.0,3759.0319072923835
17460.0,4.85,22.0,0.0,20.688352862030953,20.888634907166985,20.900000000000002,20.711600902959162,1.2883990970408377,2500.0,579.779593668377,32.305852430360375,6112.0854460987375,6000.0,3792.4995942771334
17520.0,4.866666666666666,22.0,0.0,20.671797798576186,20.70061487227617,20.700000000000003,20.70773393530611,1.2922660646938908,2500.0,581.5197291122508,32.305852430360375,6113.825581542612,6000.0,3825.2551357767074
17580.0,4.883333333333334,22.0,0.0,20.65568546680978,20.812102371321757,20.8,20.738489290204072,1.2615107097959282,2500.0,567.6798194081676,32.305852430360375,6099.985671838528,6000.0,3858.6193511165575
17640.0,4.9,22.0,0.0,20.640021842622748,20.66694622969164,20.700000000000003,20.725659526802716,1.2743404731972845,2500.0,573.453212938778,32.305852430360375,6105.759065369139,6000.0,3891.953979222034
17700.0,4.916666666666667,22.0,0.0,20.624805224845545,20.67738544826255,20.700000000000003,20.717106351201814,1.2828936487981863,2500.0,577.3021419591838,32.305852430360375,6109.607994389545,6000.0,3924.5892688732793
17760.0,4.933333333333334,22.0,0.0,20.610025880397487,20.45342609695141,20.5,20.644737567467878,1.3552624325321219,2500.0,609.8680946394549,32.305852430360375,6142.173947069816,6000.0,3957.342296150911
17820.0,4.95,22.0,0.0,20.595683910310104,20.729293395624534,20.700000000000003,20.66315837831192,1.3368416216880803,2500.0,601.5787297596362,32.305852430360375,6133.884582189997,6000.0,3989.2457957209645
17880.0,4.966666666666667,22.0,0.0,20.581767808127825,20.938707462989232,20.900000000000002,20.74210558554128,1.2578944144587183,2500.0,566.0524865064233,32.305852430360375,6098.358338936784,6000.0,4020.6711410184384
17940.0,4.983333333333333,22.0,0.0,20.568270558395664,20.506333047292156,20.5,20.661403723694185,1.3385962763058146,2500.0,602.3683243376165,32.305852430360375,6134.674176767977,6000.0,4051.112944374458
18000.0,5.0,22.0,0.0,20.55517910205297,20.43662419651014,20.400000000000002,20.574269149129456,1.4257308508705435,2500.0,641.5788828917446,32.305852430360375,6173.884735322105,6000.0,4081.7483602168795
18060.0,5.016666666666667,22.0,0.0,20.542494545069413,20.510927204631344,20.5,20.549512766086302,1.450487233913698,2500.0,652.7192552611641,32.305852430360375,6185.025107691525,6000.0,4112.348003045707
18120.0,5.033333333333333,22.0,0.0,20.530215237470752,20.433959180750527,20.400000000000002,20.49967517739087,1.5003248226091301,2500.0,675.1461701741085,32.305852430360375,6207.452022604469,6000.0,4142.260196661017
18180.0,5.05,22.0,0.0,20.518331714118272,20.378035854387562,20.400000000000002,20.466450118260582,1.5335498817394182,2500.0,690.0974467827382,32.305852430360375,6222.403299213099,6000.0,4173.0660502718265
18240.0,5.066666666666666,22.0,0.0,20.50685351157918,20.534492240372813,20.5,20.477633412173724,1.5223665878262764,2500.0,685.0649645218244,32.305852430360375,6217.370816952185,6000.0,4201.538854026291
18300.0,5.083333333333333,22.0,0.0,20.49575141729276,20.43756791068274,20.400000000000002,20.451755608115818,1.5482443918841824,2500.0,696.709976347882,32.305852430360375,6229.015828778242,6000.0,4230.332281742961
18360.0,5.1,22.0,0.0,20.485028150421797,20.77280286919033,20.8,20.56783707207721,1.4321629279227892,2500.0,644.4733175652551,32.305852430360375,6176.779169995616,6000.0,4259.184182791983
18420.0,5.116666666666666,22.0,0.0,20.474683276164036,20.47472360475506,20.5,20.545224714718138,1.4547752852818618,2500.0,654.6488783768378,32.305852430360375,6186.954730807199,6000.0,4287.17012801972
18480.0,5.133333333333334,22.0,0.0,20.464705267871782,20.52948766339807,20.5,20.530149809812094,1.4698501901879055,2500.0,661.4325855845575,32.305852430360375,6193.738438014918,6000.0,4314.94041362446
18540.0,5.15,22.0,0.0,20.45509043703166,20.64549481063162,20.6,20.553433206541396,1.4465667934586044,2500.0,650.955057056372,32.305852430360375,6183.260909486732,6000.0,4343.024740064053
18600.0,5.166666666666667,22.0,0.0,20.445841462601333,20.385690292100424,20.400000000000002,20.50228880436093,1.49771119563907,2500.0,673.9700380375815,32.305852430360375,6206.275890467942,6000.0,4370.640994396319
18660.0,5.183333333333334,22.0,0.0,20.436951630146286,20.724298938164072,20.700000000000003,20.568192536240623,1.4318074637593767,2500.0,644.3133586917195,32.305852430360375,6176.61921112208,6000.0,4397.560430503301
18720.0,5.2,22.0,0.0,20.428411500421888,20.301872657917865,20.3,20.478795024160416,1.5212049758395843,2500.0,684.5422391278129,32.305852430360375,6216.848091558173,6000.0,4424.267756661579
18780.0,5.216666666666667,22.0,0.0,20.42021747900056,20.258551938623334,20.3,20.41919668277361,1.5808033172263904,2500.0,711.3614927518757,32.305852430360375,6243.667345182236,6000.0,4450.52996071722
18840.0,5.233333333333333,22.0,0.0,20.412363186092165,20.339109782322115,20.3,20.379464455182408,1.6205355448175922,2500.0,729.2409951679165,32.305852430360375,6261.546847598277,6000.0,4476.354461371933
18900.0,5.25,22.0,0.0,20.40484235007035,20.381898871676924,20.400000000000002,20.386309636788273,1.6136903632117274,2500.0,726.1606634452774,32.305852430360375,6258.466515875638,6000.0,4501.748553682401
18960.0,5.266666666666667,22.0,0.0,20.39764880566433,20.117385165644517,20.1,20.290873091192182,1.7091269088078178,2500.0,769.107108963518,32.305852430360375,6301.4129613938785,6000.0,4526.719411121027
19020.0,5.283333333333333,22.0,0.0,20.390776492180787,20.383757535355016,20.400000000000002,20.327248727461456,1.6727512725385445,2500.0,752.7380726423451,32.305852430360375,6285.043925072706,6000.0,4551.274087602344
19080.0,5.3,22.0,0.0,20.384219451755474,20.05072213366759,20.1,20.25149915164097,1.7485008483590292,2500.0,786.8253817615631,32.305852430360375,6319.131234191924,6000.0,4575.419519475638
19140.0,5.316666666666666,22.0,0.0,20.377971827633914,20.656399507743014,20.700000000000003,20.400999434427316,1.599000565572684,2500.0,719.5502545077078,32.305852430360375,6251.8561069380685,6000.0,4599.162527484377
19200.0,5.333333333333333,22.0,0.0,20.372027862480824,20.355828472199285,20.400000000000002,20.40066628961821,1.5993337103817886,2500.0,719.7001696718049,32.305852430360375,6252.006022102166,6000.0,4622.509818692971
19260.0,5.35,22.0,0.0,20.366381896717698,20.237990351778503,20.200000000000003,20.333777526412142,1.6662224735878581,2500.0,749.8001131145362,32.305852430360375,6282.105965544897,6000.0,4645.4679883814215
19320.0,5.366666666666666,22.0,0.0,20.36102836688812,20.179360743231406,20.200000000000003,20.289185017608094,1.7108149823919057,2500.0,769.8667420763576,32.305852430360375,6302.172594506718,6000.0,4668.043521908397
19380.0,5.383333333333334,22.0,0.0,20.355961804050356,20.279075709208715,20.3,20.29279001173873,1.707209988261269,2500.0,768.2444947175711,32.305852430360375,6300.5503471479315,6000.0,4690.242796543257
19440.0,5.4,22.0,0.0,20.351176832196725,20.30656093851064,20.3,20.295193341159155,1.7048066588408446,2500.0,767.16299647838,32.305852430360375,6299.46884890874,6000.0,4712.072083267536
19500.0,5.416666666666667,22.0,0.0,20.346668166699345,20.137765973577075,20.1,20.2301288941061,1.7698711058938983,2500.0,796.4419976522543,32.305852430360375,6328.747850082615,6000.0,4733.53754854641
19560.0,5.433333333333334,22.0,0.0,20.342430612781804,20.158471594017236,20.200000000000003,20.220085929404068,1.7799140705959324,2500.0,800.9613317681695,32.305852430360375,6333.26718419853,6000.0,4754.645256070637
19620.0,5.45,22.0,0.0,20.338459064016305,20.301024063003997,20.3,20.246723952936044,1.753276047063956,2500.0,788.9742211787801,32.305852430360375,6321.28007360914,6000.0,4775.40116846946
19680.0,5.466666666666667,22.0,0.0,20.33474850084589,20.230591751286763,20.200000000000003,20.231149301957362,1.7688506980426375,2500.0,795.9828141191869,32.305852430360375,6328.288666549547,6000.0,4795.811148994969
19740.0,5.483333333333333,22.0,0.0,20.331293989131293,20.51913660986696,20.5,20.320766201304906,1.679233798695094,2500.0,755.6552094127924,32.305852430360375,6287.961061843153,6000.0,4815.880963178386
19800.0,5.5,22.0,0.0,20.328090678722038,20.555664753571143,20.6,20.41384413420327,1.58615586579673,2500.0,713.7701396085286,32.305852430360375,6246.075992038889,6000.0,4835.616280458747
19860.0,5.516666666666667,22.0,0.0,20.325133802051376,20.328338042771353,20.3,20.375896089468846,1.6241039105311543,2500.0,730.8467597390195,32.305852430360375,6263.15261216938,6000.0,4855.022675784434
19920.0,5.533333333333333,22.0,0.0,20.322418672754633,20.41713858716554,20.400000000000002,20.383930726312563,1.6160692736874367,2500.0,727.2311731593466,32.305852430360375,6259.537025589707,6000.0,4874.105631188027
19980.0,5.55,22.0,0.0,20.319940684310627,20.052903009585602,20.1,20.28928715087504,1.7107128491249597,2500.0,769.8207821062318,32.305852430360375,6302.126634536592,6000.0,4892.870537334893
20040.0,5.566666666666666,22.0,0.0,20.317695308705712,20.445178850592235,20.400000000000002,20.326191433916694,1.6738085660833057,2500.0,753.2138547374876,32.305852430360375,6285.5197071678485,6000.0,4911.322695045978
20100.0,5.583333333333333,22.0,0.0,20.31567809512015,20.309561401217497,20.3,20.317460955944462,1.6825390440555381,2500.0,757.1425698249922,32.305852430360375,6289.448422255353,6000.0,4929.467316795212
20160.0,5.6,22.0,0.0,20.31388466863633,20.410818331826498,20.400000000000002,20.344973970629642,1.655026029370358,2500.0,744.7617132166611,32.305852430360375,6277.067565647022,6000.0,4947.309528181959
20220.0,5.616666666666666,22.0,0.0,20.312310728968605,20.632381955287336,20.6,20.42998264708643,1.5700173529135704,2500.0,706.5078088111067,32.305852430360375,6238.813661241467,6000.0,4964.854369378926
20280.0,5.633333333333334,22.0,0.0,20.310952049214247,19.854780497945374,19.900000000000002,20.253321764724287,1.7466782352757129,2500.0,786.0052058740708,32.305852430360375,6318.311058304432,6000.0,4982.106796555944
20340.0,5.65,22.0,0.0,20.309804474625277,20.361994110435962,20.400000000000002,20.302214509816192,1.6977854901838079,2500.0,764.0034705827136,32.305852430360375,6296.309323013074,6000.0,4999.071683280012
20400.0,5.666666666666667,22.0,0.0,20.30886392140076,20.08904010876719,20.1,20.234809673210798,1.7651903267892024,2500.0,794.3356470551411,32.305852430360375,6326.641499485501,6000.0,5015.753821892012
20460.0,5.683333333333334,22.0,0.0,20.308126375499263,20.42656571378016,20.400000000000002,20.289873115473867,1.710126884526133,2500.0,769.5570980367598,32.305852430360375,6301.862950467121,6000.0,5032.1579248604785
20520.0,5.7,22.0,0.0,20.30758789147109,20.044925203985397,20.0,20.193248743649246,1.8067512563507542,2500.0,813.0380653578394,32.305852430360375,6345.3439177882,6000.0,5048.288626112804
20580.0,5.716666666666667,22.0,0.0,20.30724459131003,20.20816467790923,20.200000000000003,20.19549916243283,1.8045008375671685,2500.0,812.0253769052258,32.305852430360375,6344.331229335587,6000.0,5064.150482344257
20640.0,5.733333333333333,22.0,0.0,20.307092663324234,20.34763941447631,20.3,20.230332774955222,1.7696672250447776,2500.0,796.3502512701499,32.305852430360375,6328.65610370051,6000.0,5079.747974305186
20700.0,5.75,22.0,0.0,20.307128361025924,20.429830238313,20.400000000000002,20.286888516636814,1.7131114833631855,2500.0,770.9001675134335,32.305852430360375,6303.206019943794,6000.0,5095.085508066766
20760.0,5.766666666666667,22.0,0.0,20.30734800203965,20.322306819906963,20.3,20.29125901109121,1.7087409889087901,2500.0,768.9334450089556,32.305852430360375,6301.239297439316,6000.0,5110.167416265654
20820.0,5.783333333333333,22.0,0.0,20.307747967028718,20.149181779231156,20.1,20.22750600739414,1.7724939926058596,2500.0,797.6222966726368,32.305852430360375,6329.928149102997,6000.0,5124.997959327893
20880.0,5.8,22.0,0.0,20.308324698639566,20.197618255096486,20.200000000000003,20.21833733826276,1.78166266173724,2500.0,801.748197781758,32.305852430360375,6334.054050212118,6000.0,5139.581326672428
20940.0,5.816666666666666,22.0,0.0,20.309074700463718,20.485975278713592,20.5,20.312224892175173,1.6877751078248266,2500.0,759.498798521172,32.305852430360375,6291.8046509515325,6000.0,5153.921637894554
21000.0,5.833333333333333,22.0,0.0,20.30999453601706,20.308894612879755,20.3,20.308149928116784,1.6918500718832163,2500.0,761.3325323474473,32.305852430360375,6293.638384777808,6000.0,5168.0229439296445
21060.0,5.85,22.0,0.0,20.311080827736166,19.974317948367954,20.0,20.20543328541119,1.794566714588811,2500.0,807.5550215649649,32.305852430360375,6339.860873995325,6000.0,5181.889228197484
21120.0,5.866666666666666,22.0,0.0,20.312330255991327,20.481062797645265,20.5,20.303622190274126,1.696377809725874,2500.0,763.3700143766432,32.305852430360375,6295.675866807004,6000.0,5195.524407727526
21180.0,5.883333333333334,22.0,0.0,20.313739558116083,20.396989254058777,20.400000000000002,20.335748126849417,1.664251873150583,2500.0,748.9133429177624,32.305852430360375,6281.219195348123,6000.0,5208.932334265401
21240.0,5.9,22.0,0.0,20.31530552745292,20.48998863650331,20.5,20.390498751232947,1.609501248767053,2500.0,724.2755619451739,32.305852430360375,6256.581414375534,6000.0,5222.116795360977
21300.0,5.916666666666667,22.0,0.0,20.317025012414895,20.249699519139558,20.200000000000003,20.326999167488633,1.6730008325113666,2500.0,752.850374630115,32.305852430360375,6285.156227060475,6000.0,5235.081515438294
21360.0,5.933333333333334,22.0,0.0,20.31889491556291,20.484526219248234,20.5,20.384666111659087,1.6153338883409134,2500.0,726.900249753411,32.305852430360375,6259.206102183772,6000.0,5247.830156847656
21420.0,5.95,22.0,0.0,20.320912192698394,20.10869920869806,20.1,20.289777407772725,1.7102225922272751,2500.0,769.6001665022739,32.305852430360375,6301.906018932635,6000.0,5260.366320900195
21480.0,5.966666666666667,22.0,0.0,20.323073851971102,20.437073814144195,20.400000000000002,20.326518271848485,1.6734817281515149,2500.0,753.0667776681817,32.305852430360375,6285.372630098543,6000.0,5272.693548885192
21540.0,5.983333333333333,22.0,0.0,20.32537695300181,20.2273008910762,20.200000000000003,20.284345514565658,1.7156544854343423,2500.0,772.0445184454541,32.305852430360375,6304.350370875814,6000.0,5284.815323070439
21600.0,6.0,22.0,0.0,20.32781860601965,20.46268894700368,20.5,20.35623034304377,1.6437696569562306,2500.0,739.6963456303038,32.305852430360375,6272.002198060664,6000.0,5296.735067685932
21660.0,6.016666666666667,22.0,0.0,20.33039597101382,20.5315247942971,20.5,20.40415356202918,1.5958464379708204,2500.0,718.1308970868691,32.305852430360375,6250.43674951723,6000.0,5308.456149891167
21720.0,6.033333333333333,22.0,0.0,20.333106256899473,20.185908226497766,20.200000000000003,20.33610237468612,1.6638976253138793,2500.0,748.7539313912457,32.305852430360375,6281.059783821606,6000.0,5319.981880726315
21780.0,6.05,22.0,0.0,20.33594672069749,20.32570082479774,20.3,20.32406824979075,1.6759317502092514,2500.0,754.1692875941632,32.305852430360375,6286.475140024524,6000.0,5331.315516047543
21840.0,6.066666666666666,22.0,0.0,20.338914666727966,20.346705592019166,20.3,20.3160454998605,1.6839545001394995,2500.0,757.7795250627748,32.305852430360375,6290.085377493136,6000.0,5342.46025744675
21900.0,6.083333333333333,22.0,0.0,20.342007445817142,20.579940409385266,20.6,20.410696999907,1.5893030000930004,2500.0,715.1863500418502,32.305852430360375,6247.492202472211,6000.0,5353.419253155971
21960.0,6.1,22.0,0.0,20.34522245451756,20.487334072791516,20.5,20.44046466660467,1.5595353333953312,2500.0,701.790900027899,32.305852430360375,6234.096752458259,6000.0,5364.195598936705
22020.0,6.116666666666666,22.0,0.0,20.34855713434125,20.104701625539157,20.1,20.326976444403115,1.6730235555968846,2500.0,752.8606000185981,32.305852430360375,6285.166452448959,6000.0,5374.792338954427
22080.0,6.133333333333334,22.0,0.0,20.352008971005677,20.44353062314739,20.400000000000002,20.35131762960208,1.6486823703979212,2500.0,741.9070666790645,32.305852430360375,6274.2129191094255,6000.0,5385.21246663852
22140.0,6.15,22.0,0.0,20.35557549369232,20.50459333556815,20.5,20.400878419734717,1.5991215802652832,2500.0,719.6047111193774,32.305852430360375,6251.910563549738,6000.0,5395.458925527878
22200.0,6.166666666666667,22.0,0.0,20.35925427431758,20.784015453503127,20.8,20.533918946489813,1.4660810535101874,2500.0,659.7364740795844,32.305852430360375,6192.042326509945,6000.0,5405.534610102413
22260.0,6.183333333333334,22.0,0.0,20.363042926815854,20.027213107465016,20.0,20.355945964326544,1.6440540356734559,2500.0,739.8243160530551,32.305852430360375,6272.130168483415,6000.0,5415.442366600706
22320.0,6.2,22.0,0.0,20.366939106434614,20.259668646447818,20.3,20.33729730955103,1.6627026904489703,2500.0,748.2162107020366,32.305852430360375,6280.522063132397,6000.0,5425.1849938240275
22380.0,6.216666666666667,22.0,0.0,20.370940509041198,20.637614746658663,20.6,20.42486487303402,1.5751351269659786,2500.0,708.8108071346903,32.305852430360375,6241.116659565051,6000.0,5434.7652439269605
22440.0,6.233333333333333,22.0,0.0,20.375044870441197,20.10403081071986,20.1,20.316576582022684,1.6834234179773162,2500.0,757.5405380897923,32.305852430360375,6289.846390520152,6000.0,5444.1858231948445
22500.0,6.25,22.0,0.0,20.379249965708212,20.139357848923268,20.1,20.24438438801512,1.7556156119848794,2500.0,790.0270253931957,32.305852430360375,6322.332877823556,6000.0,5453.449392808264
22560.0,6.266666666666667,22.0,0.0,20.383553608524785,20.486970047600845,20.5,20.32958959201008,1.6704104079899196,2500.0,751.6846835954639,32.305852430360375,6283.990536025824,6000.0,5462.558569594793
22620.0,6.283333333333333,22.0,0.0,20.38795365053435,20.591635382710106,20.6,20.419726394673386,1.5802736053266138,2500.0,711.1231223969762,32.305852430360375,6243.428974827337,6000.0,5471.515926768213
22680.0,6.3,22.0,0.0,20.392447980703967,20.258711883228855,20.3,20.379817596448923,1.6201824035510768,2500.0,729.0820815979846,32.305852430360375,6261.387934028345,6000.0,5480.3239946554095
22740.0,6.316666666666666,22.0,0.0,20.39703452469772,20.50505995915613,20.5,20.419878397632615,1.5801216023673845,2500.0,711.0547210653231,32.305852430360375,6243.360573495684,6000.0,5488.985261411152
22800.0,6.333333333333333,22.0,0.0,20.40171124426056,20.42510229814655,20.400000000000002,20.41325226508841,1.5867477349115902,2500.0,714.0364807102155,32.305852430360375,6246.342333140577,6000.0,5497.502173720966
22860.0,6.35,22.0,0.0,20.40647613661243,20.710225943416177,20.700000000000003,20.508834843392275,1.4911651566077246,2500.0,671.0243204734761,32.305852430360375,6203.330172903837,6000.0,5505.8771374922835
22920.0,6.366666666666666,22.0,0.0,20.4113272338525,20.41102354591075,20.400000000000002,20.472556562261516,1.5274434377384836,2500.0,687.3495469823176,32.305852430360375,6219.655399412678,6000.0,5514.112518534079
22980.0,6.383333333333334,22.0,0.0,20.41626260237335,20.614312064766963,20.6,20.515037708174344,1.4849622918256564,2500.0,668.2330313215454,32.305852430360375,6200.538883751906,6000.0,5522.210643225178
23040.0,6.4,22.0,0.0,20.421280342284934,20.24065677042208,20.200000000000003,20.410025138782895,1.5899748612171045,2500.0,715.488687547697,32.305852430360375,6247.794539978057,6000.0,5530.173799171424
23100.0,6.416666666666667,22.0,0.0,20.426378586848138,20.389402816955734,20.400000000000002,20.406683425855263,1.5933165741447368,2500.0,716.9924583651316,32.305852430360375,6249.298310795492,6000.0,5538.0042358519
23160.0,6.433333333333334,22.0,0.0,20.431555501917817,20.412214611165453,20.400000000000002,20.40445561723684,1.5955443827631584,2500.0,717.9949722434212,32.305852430360375,6250.300824673782,6000.0,5545.7041652543685
23220.0,6.45,22.0,0.0,20.436809285395118,20.66463087489216,20.700000000000003,20.50297041149123,1.49702958850877,2500.0,673.6633148289466,32.305852430360375,6205.969167259307,6000.0,5553.275762500129
23280.0,6.466666666666667,22.0,0.0,20.442138166688935,20.558060774593027,20.6,20.53531360766082,1.4646863923391784,2500.0,659.1088765526302,32.305852430360375,6191.414728982991,6000.0,5560.72116645846
23340.0,6.483333333333333,22.0,0.0,20.44754040618637,20.297189779927656,20.3,20.456875738440548,1.543124261559452,2500.0,694.4059177017534,32.305852430360375,6226.711770132114,6000.0,5568.0424803508195
23400.0,6.5,22.0,0.0,20.45301429473202,20.58940784746801,20.6,20.504583825627034,1.4954161743729664,2500.0,672.9372784678349,32.305852430360375,6205.243130898195,6000.0,5575.241772344973
23460.0,6.516666666666667,22.0,0.0,20.458558153115966,20.61268440840149,20.6,20.53638921708469,1.4636107829153104,2500.0,658.6248523118898,32.305852430360375,6190.930704742251,6000.0,5582.321076139223
23520.0,6.533333333333333,22.0,0.0,20.46417033157029,20.4418411871064,20.400000000000002,20.490926144723126,1.509073855276874,2500.0,679.0832348745934,32.305852430360375,6211.389087304954,6000.0,5589.282391536903
23580.0,6.55,22.0,0.0,20.469849209274024,20.418316746267664,20.400000000000002,20.460617429815418,1.539382570184582,2500.0,692.7221565830619,32.305852430360375,6225.028009013423,6000.0,5596.127685011287
23640.0,6.566666666666666,22.0,0.0,20.475593193866338,20.436832544781826,20.400000000000002,20.440411619876947,1.5595883801230528,2500.0,701.8147710553737,32.305852430360375,6234.1206234857345,6000.0,5602.858890261099
23700.0,6.583333333333333,22.0,0.0,20.481400720967873,20.142402239770096,20.1,20.326941079917965,1.6730589200820347,2500.0,752.8765140369156,32.305852430360375,6285.182366467277,6000.0,5609.477908756748
23760.0,6.6,22.0,0.0,20.48727025371005,20.525018855334974,20.5,20.384627386611974,1.6153726133880255,2500.0,726.9176760246115,32.305852430360375,6259.223528454972,6000.0,5615.986610277469
23820.0,6.616666666666666,22.0,0.0,20.49320028227225,20.54011586811771,20.5,20.42308492440798,1.5769150755920194,2500.0,709.6117840164087,32.305852430360375,6241.917636446769,6000.0,5622.386833439511
23880.0,6.633333333333334,22.0,0.0,20.49918932342671,20.32608361867491,20.3,20.38205661627199,1.6179433837280115,2500.0,728.0745226776052,32.305852430360375,6260.380375107966,6000.0,5628.680386215519
23940.0,6.65,22.0,0.0,20.505235920091014,20.65372517006603,20.700000000000003,20.488037744181327,1.5119622558186734,2500.0,680.383015118403,32.305852430360375,6212.6888675487635,6000.0,5634.869046445261
24000.0,6.666666666666667,22.0,0.0,20.511338640888084,20.23674525372336,20.200000000000003,20.39202516278755,1.6079748372124492,2500.0,723.5886767456021,32.305852430360375,6255.894529175963,6000.0,5640.95456233784
24060.0,6.683333333333334,22.0,0.0,20.517496079713474,20.407133515434882,20.400000000000002,20.39468344185837,1.6053165581416309,2500.0,722.3924511637339,32.305852430360375,6254.698303594095,6000.0,5646.938652965542
24120.0,6.7,22.0,0.0,20.52370685530992,20.428663041511612,20.400000000000002,20.39645562790558,1.6035443720944187,2500.0,721.5949674424884,32.305852430360375,6253.900819872849,6000.0,5652.823008749449
24180.0,6.716666666666667,22.0,0.0,20.529969610848983,20.927471577246767,20.900000000000002,20.564303751937054,1.4356962480629463,2500.0,646.0633116283258,32.305852430360375,6178.369164058687,6000.0,5658.6092919369585
24240.0,6.733333333333333,22.0,0.0,20.53628301351968,20.216446200868102,20.200000000000003,20.442869167958037,1.5571308320419632,2500.0,700.7088744188834,32.305852430360375,6233.014726849244,6000.0,5664.299137071343
24300.0,6.75,22.0,0.0,20.542645754123974,20.655171805165228,20.700000000000003,20.52857944530536,1.4714205546946388,2500.0,662.1392496125875,32.305852430360375,6194.445102042948,6000.0,5669.894151453487
24360.0,6.766666666666667,22.0,0.0,20.549056546679044,20.737481202196836,20.700000000000003,20.585719630203577,1.4142803697964226,2500.0,636.4261664083901,32.305852430360375,6168.73201883875,6000.0,5675.395915595929
24420.0,6.783333333333333,22.0,0.0,20.555514128026157,20.63105924083413,20.6,20.59047975346905,1.409520246530949,2500.0,634.2841109389271,32.305852430360375,6166.589963369288,6000.0,5680.80598366933
24480.0,6.8,22.0,0.0,20.56201725744611,20.79837884631679,20.8,20.660319835646035,1.3396801643539646,2500.0,602.8560739592841,32.305852430360375,6135.161926389645,6000.0,5686.125883941508
24540.0,6.816666666666666,22.0,0.0,20.56856471628107,20.368017178855787,20.400000000000002,20.57354655709736,1.4264534429026412,2500.0,641.9040493061885,32.305852430360375,6174.209901736549,6000.0,5691.3571192091495
24600.0,6.833333333333333,22.0,0.0,20.57515530756274,20.1191035871003,20.1,20.41569770473157,1.5843022952684294,2500.0,712.9360328707933,32.305852430360375,6245.241885301154,6000.0,5696.50116722233
24660.0,6.85,22.0,0.0,20.58178785564672,20.735151433440773,20.700000000000003,20.510465136487717,1.489534863512283,2500.0,670.2906885805273,32.305852430360375,6202.596541010888,6000.0,5701.559481101958
24720.0,6.866666666666666,22.0,0.0,20.588461205853005,20.349295572918788,20.3,20.44031009099181,1.5596899090081884,2500.0,701.8604590536847,32.305852430360375,6234.166311484046,6000.0,5706.533489750259
24780.0,6.883333333333334,22.0,0.0,20.595174224112448,20.52989424880326,20.5,20.460206727327872,1.539793272672128,2500.0,692.9069727024576,32.305852430360375,6225.212825132819,6000.0,5711.424598254422
24840.0,6.9,22.0,0.0,20.601925796619163,20.366156597134207,20.400000000000002,20.44013781821858,1.559862181781419,2500.0,701.9379818016386,32.305852430360375,6234.243834231999,6000.0,5716.234188283514
24900.0,6.916666666666667,22.0,0.0,20.608714829488708,20.819183200878616,20.8,20.560091878812386,1.4399081211876137,2500.0,647.9586545344262,32.305852430360375,6180.264506964787,6000.0,5720.96361847879
24960.0,6.933333333333334,22.0,0.0,20.615540248421986,20.78857029539547,20.8,20.640061252541592,1.3599387474584077,2500.0,611.9724363562834,32.305852430360375,6144.278288786644,6000.0,5725.614224837476
25020.0,6.95,22.0,0.0,20.62240099837477,20.47838826599337,20.5,20.59337416836106,1.4066258316389408,2500.0,632.9816242375234,32.305852430360375,6165.287476667884,6000.0,5730.187321090185
25080.0,6.966666666666667,22.0,0.0,20.629296043232728,20.80999441215466,20.8,20.66224944557404,1.3377505544259591,2500.0,601.9877494916816,32.305852430360375,6134.293601922042,6000.0,5734.684199072015
25140.0,6.983333333333333,22.0,0.0,20.636224365491895,20.66047981735584,20.700000000000003,20.674832963716028,1.3251670362839718,2500.0,596.3251663277873,32.305852430360375,6128.631018758148,6000.0,5739.106129087481
25200.0,7.0,22.0,0.0,20.643184965944467,20.615307199832518,20.6,20.649888642477354,1.3501113575226462,2500.0,607.5501108851907,32.305852430360375,6139.855963315551,6000.0,5743.454360269357
25260.0,7.016666666666667,22.0,0.0,20.650176863369865,20.66166019577834,20.700000000000003,20.66659242831824,1.3334075716817608,2500.0,600.0334072567923,32.305852430360375,6132.339259687153,6000.0,5747.730120931534
25320.0,7.033333333333333,22.0,0.0,20.657199094230933,20.616649222260943,20.6,20.64439495221216,1.35560504778784,2500.0,610.022271504528,32.305852430360375,6142.328123934889,6000.0,5751.934618916008
25380.0,7.05,22.0,0.0,20.66425071237523,20.787251765137427,20.8,20.696263301474772,1.3037366985252277,2500.0,586.6815143363524,32.305852430360375,6118.987366766713,6000.0,5756.069041934074
25440.0,7.066666666666666,22.0,0.0,20.671330788741315,20.73340030282993,20.700000000000003,20.69750886764985,1.3024911323501485,2500.0,586.1210095575668,32.305852430360375,6118.426861987928,6000.0,5760.13455790184
25500.0,7.083333333333333,22.0,0.0,20.678438411069912,20.608544981783147,20.6,20.665005911766567,1.334994088233433,2500.0,600.7473397050449,32.305852430360375,6133.053192135406,6000.0,5764.1323152701425
25560.0,7.1,22.0,0.0,20.685572683619945,20.886823832783058,20.900000000000002,20.743337274511045,1.2566627254889546,2500.0,565.4982264700296,32.305852430360375,6097.80407890039,6000.0,5768.063443348973
25620.0,7.116666666666666,22.0,0.0,20.692732726889272,20.570437603936508,20.6,20.695558183007364,1.304441816992636,2500.0,586.9988176466861,32.305852430360375,6119.3046700770465,6000.0,5771.92905262649
25680.0,7.133333333333334,22.0,0.0,20.69991767734012,20.75730440595361,20.8,20.73037212200491,1.2696278779950916,2500.0,571.3325450977912,32.305852430360375,6103.6383975281515,6000.0,5775.730235082716
25740.0,7.15,22.0,0.0,20.707126687129094,20.791557761379558,20.8,20.753581414669938,1.246418585330062,2500.0,560.8883633985279,32.305852430360375,6093.194215828888,6000.0,5779.4680644980035
25800.0,7.166666666666667,22.0,0.0,20.714358923841683,21.01012033580899,21.0,20.83572094311329,1.1642790568867092,2500.0,523.9255755990191,32.305852430360375,6056.2314280293795,6000.0,5783.14359675637
25860.0,7.183333333333334,22.0,0.0,20.721613570231234,20.62052529756144,20.6,20.75714729540886,1.2428527045911402,2500.0,559.2837170660131,32.305852430360375,6091.589569496374,6000.0,5786.757870143764
25920.0,7.2,22.0,0.0,20.728889823962266,21.077506313224347,21.1,20.871431530272574,1.1285684697274263,2500.0,507.85581137734187,32.305852430360375,6040.161663807702,6000.0,5790.311905641368
25980.0,7.216666666666667,22.0,0.0,20.736186897358074,20.77141988768256,20.8,20.847621020181716,1.152378979818284,2500.0,518.5705409182278,32.305852430360375,6050.876393348589,6000.0,5793.806707214012
26040.0,7.233333333333333,22.0,0.0,20.743504017152567,20.70470863502205,20.700000000000003,20.79841401345448,1.2015859865455205,2500.0,540.7136939454842,32.305852430360375,6073.019546375845,6000.0,5797.243262093779
26100.0,7.25,22.0,0.0,20.750840424246235,20.616345874058513,20.6,20.732276008969652,1.2677239910303477,2500.0,570.4757959636564,32.305852430360375,6102.781648394017,6000.0,5800.622541058882
26160.0,7.266666666666667,22.0,0.0,20.758195373466204,20.87545405727711,20.900000000000002,20.78818400597977,1.211815994020231,2500.0,545.317197309104,32.305852430360375,6077.6230497394645,6000.0,5803.945498707901
26220.0,7.283333333333333,22.0,0.0,20.7655681333303,20.775355182218778,20.8,20.79212267065318,1.2078773293468217,2500.0,543.5447982060698,32.305852430360375,6075.85065063643,6000.0,5807.213073729436
26280.0,7.3,22.0,0.0,20.772957985815065,20.552236132629506,20.6,20.728081780435453,1.2719182195645473,2500.0,572.3631988040463,32.305852430360375,6104.669051234407,6000.0,5810.426189167279
26340.0,7.316666666666666,22.0,0.0,20.780364226127627,20.5547867908759,20.6,20.685387853623634,1.3146121463763656,2500.0,591.5754658693645,32.305852430360375,6123.881318299725,6000.0,5813.585752681157
26400.0,7.333333333333333,22.0,0.0,20.787786162481417,20.676682320921312,20.700000000000003,20.690258569082424,1.309741430917576,2500.0,589.3836439129093,32.305852430360375,6121.68949634327,6000.0,5816.692656803138
26460.0,7.35,22.0,0.0,20.79522311587561,20.660021915101378,20.700000000000003,20.693505712721617,1.3064942872783831,2500.0,587.9224292752724,32.305852430360375,6120.228281705633,6000.0,5819.747779189752
26520.0,7.366666666666666,22.0,0.0,20.80267441987826,21.020734898223704,21.0,20.795670475147745,1.2043295248522554,2500.0,541.9482861835149,32.305852430360375,6074.2541386138755,6000.0,5822.751982869922
26580.0,7.383333333333334,22.0,0.0,20.810139420413066,21.0852470800071,21.1,20.897113650098497,1.1028863499015031,2500.0,496.2988574556764,32.305852430360375,6028.604709886037,6000.0,5825.706116488757
26640.0,7.4,22.0,0.0,20.817617475549692,20.991329400323195,21.0,20.931409100065665,1.0685908999343354,2500.0,480.86590497045097,32.305852430360375,6013.171757400812,6000.0,5828.611014547278
26700.0,7.416666666666667,22.0,0.0,20.82510795529761,20.896681733303822,20.900000000000002,20.92093940004378,1.0790605999562217,2500.0,485.5772699802998,32.305852430360375,6017.883122410661,6000.0,5831.467497638157
26760.0,7.433333333333334,22.0,0.0,20.832610241403376,20.746962599834454,20.700000000000003,20.84729293336252,1.152707066637479,2500.0,518.7181799868656,32.305852430360375,6051.024032417226,6000.0,5834.276372677521
26820.0,7.45,22.0,0.0,20.840123727151298,20.851020369335348,20.900000000000002,20.864861955575016,1.1351380444249841,2500.0,510.81211999124287,32.305852430360375,6043.117972421604,6000.0,5837.038433132896
26880.0,7.466666666666667,22.0,0.0,20.847647817167438,21.024589218373148,21.0,20.909907970383344,1.090092029616656,2500.0,490.5414133274952,32.305852430360375,6022.847265757856,6000.0,5839.754459247348
26940.0,7.483333333333333,22.0,0.0,20.855181927226905,21.28137637397157,21.3,21.03993864692223,0.9600613530777693,2500.0,432.0276088849962,33.60193525701536,5965.629544142012,5965.629544142012,5842.425218259892
27000.0,7.5,22.0,0.0,20.86272548406434,21.0453053251247,21.0,21.02662576461482,0.9733742353851795,2500.0,438.01840592333076,34.91599047478535,5972.934396398116,5972.934396398116,5845.051464622227
27060.0,7.516666666666667,22.0,0.0,20.870277925187615,20.81419549632867,20.8,20.951083843076546,1.048916156923454,2500.0,472.01227061555426,34.91599047478535,6006.92826109034,6000.0,5847.6339402118565
27120.0,7.533333333333333,22.0,0.0,20.877838698694596,20.885443713848773,20.900000000000002,20.934055895384365,1.0659441046156353,2500.0,479.67484707703585,34.91599047478535,6014.590837551822,6000.0,5850.173374541659
27180.0,7.55,22.0,0.0,20.88540726309301,20.788898282862643,20.8,20.88937059692291,1.1106294030770911,2500.0,499.783231384691,34.91599047478535,6034.699221859477,6000.0,5852.6704849659645
27240.0,7.566666666666666,22.0,0.0,20.892983087123323,20.73650337193344,20.700000000000003,20.826247064615274,1.1737529353847265,2500.0,528.188820923127,34.91599047478535,6063.104811397913,6000.0,5855.125976883199
27300.0,7.583333333333333,22.0,0.0,20.90056564958455,20.863717249140958,20.900000000000002,20.850831376410184,1.1491686235898158,2500.0,517.1258806154171,34.91599047478535,6052.041871090203,6000.0,5857.540543935145
27360.0,7.6,22.0,0.0,20.908154439163017,20.94727737760404,20.900000000000002,20.86722091760679,1.1327790823932098,2500.0,509.7505870769444,34.91599047478535,6044.66657755173,6000.0,5859.914868202893
27420.0,7.616666666666666,22.0,0.0,20.91574895426396,21.282929271599475,21.3,21.01148061173786,0.9885193882621408,2500.0,444.8337247179634,36.250491648939246,5981.084216366902,5981.084216366902,5862.2496203995115
27480.0,7.633333333333334,22.0,0.0,20.923348702845963,20.933755196836643,20.900000000000002,20.97432040782524,1.025679592174761,2500.0,461.55581647864244,37.635159098375176,5999.1909755770175,5999.1909755770175,5864.545460059519
27540.0,7.65,22.0,0.0,20.93095320225814,21.20242481725083,21.200000000000003,21.049546938550158,0.9504530614498421,2500.0,427.70387765242896,38.91827073133246,5966.622148383761,5966.622148383761,5866.803035725194
27600.0,7.666666666666667,22.0,0.0,20.93856197908007,21.29205979530502,21.3,21.133031292366773,0.8669687076332266,2500.0,390.135918434952,40.08867848663731,5930.224596921589,5930.224596921589,5869.022985129774
27660.0,7.683333333333334,22.0,0.0,20.946174568964388,20.961936143016327,21.0,21.088687528244517,0.9113124717554832,2500.0,410.09061228996745,41.31895032350722,5951.409562613475,5951.409562613475,5871.20593537761
27720.0,7.7,22.0,0.0,20.953790516482027,21.275350294005275,21.3,21.159125018829677,0.8408749811703231,2500.0,378.3937415266454,42.454131548087155,5920.847873074733,5920.847873074733,5873.352503121317
27780.0,7.716666666666667,22.0,0.0,20.961409374970035,21.104396455883812,21.1,21.139416679219785,0.8605833207802149,2500.0,387.26249435109673,43.61591903114044,5930.878413382236,5930.878413382236,5875.463294735961
27840.0,7.733333333333333,22.0,0.0,20.969030706381957,20.885523647390034,20.900000000000002,21.059611119479857,0.9403888805201426,2500.0,423.17499623406417,44.88544401984264,5968.0604402539075,5968.0604402539075,5877.538906490362
27900.0,7.75,22.0,0.0,20.976654081140698,21.029690086110474,21.0,21.039740746319904,0.9602592536800962,2500.0,432.1166641560433,46.18179401231077,5978.298458168354,5978.298458168354,5879.579924715523
27960.0,7.766666666666667,22.0,0.0,20.98427907799386,20.988854641602845,21.0,21.026493830879936,0.9735061691200642,2500.0,438.0777761040289,47.49602734062286,5985.573803444652,5985.573803444652,5881.586925970264
28020.0,7.783333333333333,22.0,0.0,20.99190528387152,20.945437477882532,20.900000000000002,20.984329220586623,1.0156707794133766,2500.0,457.05185073601945,47.49602734062286,6004.5478780766425,6000.0,5883.560477204093
28080.0,7.8,22.0,0.0,20.999532293746356,20.95977604714737,21.0,20.989552813724416,1.0104471862755844,2500.0,454.701233824013,47.49602734062286,6002.197261164636,6000.0,5885.501135917359
28140.0,7.816666666666666,22.0,0.0,21.007159710496126,21.036001571190724,21.0,20.99303520914961,1.0069647908503896,2500.0,453.1341558826753,47.49602734062286,6000.630183223298,6000.0,5887.409450318736
28200.0,7.833333333333333,22.0,0.0,21.014787144768462,21.101623372864907,21.1,21.028690139433074,0.9713098605669259,2500.0,437.08943725511665,48.807295652388206,5985.896732907505,5985.896732907505,5889.28595948009
28260.0,7.85,22.0,0.0,21.022414214847917,20.84543783981617,20.8,20.952460092955384,1.0475399070446159,2500.0,471.3929581700771,48.807295652388206,6020.200253822465,6000.0,5891.131193488755
28320.0,7.866666666666666,22.0,0.0,21.03004054652524,21.028163014126,21.0,20.96830672863692,1.0316932713630784,2500.0,464.2619721133853,48.807295652388206,6013.0692677657735,6000.0,5892.945673597276
28380.0,7.883333333333334,22.0,0.0,21.03766577296883,20.73319476857983,20.700000000000003,20.878871152424615,1.1211288475753847,2500.0,504.5079814089231,48.807295652388206,6053.3152770613115,6000.0,5894.729912370655
28440.0,7.9,22.0,0.0,21.04528953459837,21.097448634454413,21.1,20.952580768283077,1.0474192317169226,2500.0,471.3386542726152,48.807295652388206,6020.145949925003,6000.0,5896.484413831145
28500.0,7.916666666666667,22.0,0.0,21.05291147896055,21.177631374116825,21.200000000000003,21.03505384552205,0.9649461544779498,2500.0,434.22576951507745,50.10997296093343,5984.335742476011,5984.335742476011,5898.209673600625
28560.0,7.933333333333334,22.0,0.0,21.060531260606876,21.093322228278836,21.1,21.05670256368137,0.9432974363186304,2500.0,424.4838463433837,51.38342449996359,5975.867270843347,5975.867270843347,5899.906179040615
28620.0,7.95,22.0,0.0,21.068148540973542,21.12531917135729,21.1,21.071135042454248,0.9288649575457519,2500.0,417.9892308955884,52.63739219265035,5970.626623088239,5970.626623088239,5901.574409389938
28680.0,7.966666666666667,22.0,0.0,21.0757629882633,21.193751608975234,21.200000000000003,21.114090028302833,0.885909971697167,2500.0,398.65948726372517,53.83337065444153,5952.492857918167,5952.492857918167,5903.214835900106
28740.0,7.983333333333333,22.0,0.0,21.083374277329312,20.95035410848591,21.0,21.076060018868557,0.9239399811314435,2500.0,415.77299150914956,55.080689628968976,5970.853681138118,5970.853681138118,5904.827921968437
28800.0,8.0,22.0,0.0,21.090982089560946,21.043172317696026,21.0,21.050706679245703,0.9492933207542968,2500.0,427.1819943394336,56.36223561198727,5983.544229951422,5983.544229951422,5905.841282337997
28860.0,8.016666666666667,22.0,0.0,21.09857923868032,21.200763647443477,21.200000000000003,21.100471119497136,0.8995288805028636,2500.0,404.7879962262886,57.576599600666135,5962.364595826954,5962.364595826954,5906.959500905666
28920.0,8.033333333333333,22.0,0.0,21.106167014975146,21.306544161920975,21.3,21.166980746331426,0.8330192536685743,2500.0,374.85866415085843,58.70117559311871,5933.559839743977,5933.559839743977,5908.510175890571
28980.0,8.05,22.0,0.0,21.11375063604091,21.19273491630996,21.200000000000003,21.17798716422095,0.8220128357790486,2500.0,369.90577610057187,59.810892921420425,5929.716669021992,5929.716669021992,5910.035006292395
29040.0,8.066666666666666,22.0,0.0,21.121329804208294,21.63190168867933,21.6,21.318658109480637,0.6813418905193629,2500.0,306.60385073371333,60.73070447362157,5867.334555207335,5867.334555207335,5911.534422854189
29100.0,8.083333333333334,22.0,0.0,21.12890422786992,21.110632113432946,21.1,21.245772072987094,0.7542279270129058,2500.0,339.40256715580756,61.74891217508899,5901.151479330896,5901.151479330896,5913.008849139953
29160.0,8.1,22.0,0.0,21.13647362137599,21.33640570724696,21.3,21.263848048658062,0.7361519513419381,2500.0,331.2683781038721,62.742717309400604,5894.011095413272,5894.011095413272,5914.458701654287
29220.0,8.116666666666667,22.0,0.0,21.144037704931716,21.397383240581732,21.400000000000002,21.309232032438707,0.6907679675612926,2500.0,310.84558540258166,63.67525406560834,5874.5208394681895,5874.5208394681895,5915.884389960049
29280.0,8.133333333333333,22.0,0.0,21.151596204496443,21.124842235228087,21.1,21.239488021625807,0.7605119783741934,2500.0,342.230390268387,64.70194523641351,5906.932335504801,5906.932335504801,5916.971053733497
29340.0,8.15,22.0,0.0,21.159145068527756,20.995042492087208,21.0,21.159658681083872,0.8403413189161277,2500.0,378.1535935122575,65.83640601695028,5943.989999529208,5943.989999529208,5918.341385764222
29400.0,8.166666666666666,22.0,0.0,21.166687729951345,20.930167144445907,20.900000000000002,21.07310578738925,0.9268942126107511,2500.0,417.102395674838,67.08771320397479,5984.190108878813,5984.190108878813,5919.146065141214
29460.0,8.183333333333334,22.0,0.0,21.174217419543186,21.20667281950902,21.200000000000003,21.115403858259498,0.8845961417405022,2500.0,398.068263783226,68.28191799532446,5966.350181778551,5966.350181778551,5919.330707337554
29520.0,8.2,22.0,0.0,21.181726735772607,21.403785126680372,21.400000000000002,21.210269238839665,0.7897307611603352,2500.0,355.3788425221509,69.34805452289092,5924.726897045042,5924.726897045042,5919.865354925486
29580.0,8.216666666666667,22.0,0.0,21.189219939824394,21.243553619595477,21.200000000000003,21.206846159226444,0.7931538407735559,2500.0,356.91922834810015,70.41881220793522,5927.338040556035,5927.338040556035,5919.881730227973
29640.0,8.233333333333333,22.0,0.0,21.196690860767657,21.231262075841606,21.200000000000003,21.20456410615096,0.7954358938490387,2500.0,357.9461522320674,71.49265066463143,5929.438802896699,5929.438802896699,5920.065008280544
29700.0,8.25,22.0,0.0,21.20414156828472,21.128298791682177,21.1,21.169709404100644,0.8302905958993563,2500.0,373.6307681547103,72.61354296909556,5946.244311123806,5946.244311123806,5920.8649321467665
29760.0,8.266666666666667,22.0,0.0,21.211579522765625,21.32378546932434,21.3,21.21313960273376,0.7868603972662385,2500.0,354.08717876980734,73.67580450540498,5927.762983275212,5927.762983275212,5921.82215758046
29820.0,8.283333333333333,22.0,0.0,21.219006650088293,20.791840439799547,20.8,21.075426401822508,0.9245735981774921,2500.0,416.0581191798714,74.9239788629446,5990.982098042816,5990.982098042816,5922.88468501153
29880.0,8.3,22.0,0.0,21.226424246358167,21.272898896633112,21.3,21.150284267881673,0.8497157321183266,2500.0,382.372079453247,76.07109510130435,5958.443174554552,5958.443174554552,5924.169940261338
29940.0,8.316666666666666,22.0,0.0,21.23383501290223,21.23946027481282,21.200000000000003,21.166856178587786,0.8331438214122144,2500.0,374.9147196354965,77.19583926021083,5952.110558895707,5952.110558895707,5925.433774590315
30000.0,8.333333333333334,22.0,0.0,21.241238713158605,20.967170663846257,21.0,21.11123745239186,0.8887625476081418,2500.0,399.9431464236638,78.39566869948183,5978.338815123146,5978.338815123146,5926.67654501381
30060.0,8.35,22.0,0.0,21.248635115559296,21.683754700388068,21.700000000000003,21.307491634927906,0.6925083650720936,2500.0,311.6287642824421,79.33055499232916,5890.959319274771,5890.959319274771,5927.663548145371
30120.0,8.366666666666667,22.0,0.0,21.256021172790362,20.978538526479444,21.0,21.20499442328527,0.795005576714729,2500.0,357.7525095216281,80.40381252089404,5938.156322042522,5938.156322042522,5928.8691556762815
30180.0,8.383333333333333,22.0,0.0,21.263399539140106,21.047895439770574,21.0,21.13666294885685,0.8633370511431515,2500.0,388.5016730144182,81.5693175399373,5970.070990554355,5970.070990554355,5930.054669748343
30240.0,8.4,22.0,0.0,21.270769996559665,21.030597375049098,21.0,21.09110863257123,0.9088913674287689,2500.0,409.001115342946,82.79632088596614,5991.797436228912,5991.797436228912,5931.220425252537
30300.0,8.416666666666666,22.0,0.0,21.278132331673017,21.500205892024756,21.5,21.22740575504749,0.7725942449525114,2500.0,347.6674102286301,83.83932311665203,5931.506733345282,5931.506733345282,5932.366751498328
30360.0,8.433333333333334,22.0,0.0,21.28548633569598,21.10786936346414,21.1,21.18493717003166,0.8150628299683405,2500.0,366.7782734857532,84.93965793710929,5951.717931422862,5951.717931422862,5933.232901347956
30420.0,8.45,22.0,0.0,21.292828671505067,21.42655995409791,21.400000000000002,21.256624780021106,0.7433752199788941,2500.0,334.51884899050236,85.94321448408078,5920.462063474583,5920.462063474583,5933.943474172879
30480.0,8.466666666666667,22.0,0.0,21.300157507180625,21.417659537684877,21.400000000000002,21.304416520014072,0.6955834799859275,2500.0,313.0125659936674,86.88225218206179,5899.89481817573,5899.89481817573,5934.554859988135
30540.0,8.483333333333333,22.0,0.0,21.30747169297894,21.359405775188566,21.400000000000002,21.33627768000938,0.6637223199906188,2500.0,298.6750439957785,87.77827731404913,5886.4533213098275,5886.4533213098275,5934.853826620302
30600.0,8.5,22.0,0.0,21.314767523819448,21.053251742488065,21.1,21.25751845333959,0.7424815466604109,2500.0,334.1166959971849,88.7806274020407,5922.897323399226,5922.897323399226,5935.453824195599
30660.0,8.516666666666667,22.0,0.0,21.322048667138336,21.199627391540773,21.200000000000003,21.238345635559725,0.7616543644402753,2500.0,342.74446399812393,89.80886079403507,5932.553324792159,5932.553324792159,5936.255330958196
30720.0,8.533333333333333,22.0,0.0,21.32931758510842,21.663940579115234,21.700000000000003,21.392230423706483,0.6077695762935171,2500.0,273.4963093320827,90.62934972203131,5864.125659054114,5864.125659054114,5936.6904853726755
30780.0,8.55,22.0,0.0,21.336569918177567,21.078419038301043,21.1,21.29482028247099,0.7051797175290098,2500.0,317.3308728880544,91.58134234069547,5908.91221522875,5908.91221522875,5936.638307945531
30840.0,8.566666666666666,22.0,0.0,21.34379986811838,21.177468876044692,21.200000000000003,21.26321352164733,0.7367864783526699,2500.0,331.5539152587014,92.57600408647157,5924.129919345173,5924.129919345173,5936.522947296805
30900.0,8.583333333333334,22.0,0.0,21.351006743881587,21.318557439325513,21.3,21.27547568109822,0.7245243189017785,2500.0,326.03594350580033,93.55411191698899,5919.590055422789,5919.590055422789,5935.369807428647
30960.0,8.6,22.0,0.0,21.358178161339087,21.51997617574656,21.5,21.35031712073215,0.64968287926785,2500.0,292.3572956705325,94.4311838040006,5886.788479474532,5886.788479474532,5934.79950196035
31020.0,8.616666666666667,22.0,0.0,21.365321220878595,21.41564905899957,21.400000000000002,21.3668780804881,0.6331219195119004,2500.0,284.9048637803552,95.28589839534166,5880.190762175697,5880.190762175697,5934.119695184566
31080.0,8.633333333333333,22.0,0.0,21.372434693558173,21.52084352541724,21.5,21.411252053658735,0.5887479463412646,2500.0,264.9365758535691,96.08070812290238,5861.017283976471,5861.017283976471,5933.126380922627
31140.0,8.65,22.0,0.0,21.37951490604857,21.16605605945417,21.200000000000003,21.34083470243916,0.6591652975608397,2500.0,296.6243839023779,96.9705812746095,5893.594965176988,5893.594965176988,5932.689813498996
31200.0,8.666666666666666,22.0,0.0,21.386568639092413,21.575523957875614,21.6,21.42722313495944,0.5727768650405594,2500.0,257.7495892682517,97.74383004241426,5855.4934193106665,5855.4934193106665,5932.8781499328325
31260.0,8.683333333333334,22.0,0.0,21.39360347097433,21.507409234290094,21.5,21.451482089972963,0.5485179100270372,2500.0,246.83305951216676,98.48432922095077,5845.317388733118,5845.317388733118,5933.733349248599
31320.0,8.7,22.0,0.0,21.40062746075239,21.081714549727664,21.1,21.33432139331531,0.6656786066846898,2500.0,299.5553730081104,99.38299533997511,5898.9383683480855,5898.9383683480855,5934.276963124098
31380.0,8.716666666666667,22.0,0.0,21.40763690192762,21.715620143509074,21.700000000000003,21.456214262210207,0.5437857377897934,2500.0,244.70358200540704,100.11710608599132,5844.820688091399,5844.820688091399,5934.117795356114
31440.0,8.733333333333333,22.0,0.0,21.41462340476611,21.873102976801164,21.900000000000002,21.60414284147347,0.39585715852652825,2500.0,178.1357213369377,100.65151325000214,5778.787234586939,5778.787234586939,5934.004799442779
31500.0,8.75,22.0,0.0,21.421587592145126,21.267872120715786,21.3,21.502761894315647,0.4972381056843531,2500.0,223.7571475579589,101.32278469267601,5825.079932250635,5825.079932250635,5933.928699500344
31560.0,8.766666666666667,22.0,0.0,21.428529973762696,21.439660537086038,21.400000000000002,21.468507929543765,0.5314920704562347,2500.0,239.17143170530562,102.04029898779191,5841.211730693098,5841.211730693098,5934.133959694069
31620.0,8.783333333333333,22.0,0.0,21.435453991357736,21.714938507979245,21.700000000000003,21.545671953029178,0.4543280469708222,2500.0,204.44762113687,102.65364185120254,5807.101262988072,5807.101262988072,5934.027776753755
31680.0,8.8,22.0,0.0,21.44235596270471,21.14610791681927,21.1,21.397114635352786,0.6028853646472143,2500.0,271.29841409124646,103.46753709347627,5874.765951184723,5874.765951184723,5934.977015441906
31740.0,8.816666666666666,22.0,0.0,21.4492486190019,21.05127655518795,21.1,21.298076423568524,0.7019235764314757,2500.0,315.8656093941641,104.41513392165875,5920.280743315823,5920.280743315823,5935.368118093783
31800.0,8.833333333333334,22.0,0.0,21.45612529056202,21.196736466122037,21.200000000000003,21.265384282379017,0.7346157176209829,2500.0,330.5770729294423,105.40686514044708,5935.9839380698895,5935.9839380698895,5935.647158773815
31860.0,8.85,22.0,0.0,21.46298468059562,21.349571323324408,21.3,21.276922854919345,0.723077145080655,2500.0,325.38471528629475,106.38301928630597,5931.767734572601,5931.767734572601,5936.358686379637
31920.0,8.866666666666667,22.0,0.0,21.46983203079039,21.354143588393413,21.400000000000002,21.317948569946232,0.6820514300537681,2500.0,306.92314352419567,107.30378871687854,5914.226932241074,5914.226932241074,5935.602030261222
31980.0,8.883333333333333,22.0,0.0,21.476649759061154,21.59811919382967,21.6,21.41196571329749,0.5880342867025092,2500.0,264.61542901612916,108.09763500392692,5872.713064020057,5872.713064020057,5935.644601790911
32040.0,8.9,22.0,0.0,21.48344754500546,21.537154819398072,21.5,21.44131047553166,0.5586895244683383,2500.0,251.41028601075223,108.85186586195918,5860.262151872712,5860.262151872712,5936.218374936969
32100.0,8.916666666666666,22.0,0.0,21.49023182286969,21.241016369935874,21.200000000000003,21.360873650354442,0.6391263496455579,2500.0,287.60685734050105,109.71468643398069,5897.321543774482,5897.321543774482,5937.144692625167
32160.0,8.933333333333334,22.0,0.0,21.49700686371258,21.610482857730354,21.6,21.44058243356963,0.5594175664303691,2500.0,251.7379048936661,110.4699001486617,5862.207805042328,5862.207805042328,5937.05072663717
32220.0,8.95,22.0,0.0,21.50376045184109,21.87857672017733,21.900000000000002,21.593721622379753,0.40627837762024654,2500.0,182.82526992911096,111.01837595844903,5793.843645887559,5793.843645887559,5937.295180050264
32280.0,8.966666666666667,22.0,0.0,21.51049671264617,21.749907568460227,21.700000000000003,21.62914774825317,0.3708522517468289,2500.0,166.883513286073,111.51902649830724,5778.402539784381,5778.402539784381,5937.014628107336
32340.0,8.983333333333333,22.0,0.0,21.51720939804552,21.71543088758223,21.700000000000003,21.652765165502114,0.34723483449788617,2500.0,156.25567552404877,111.9877935248794,5768.243469048928,5768.243469048928,5936.395964608476
32400.0,9.0,22.0,0.0,21.523894521426683,21.527930107130956,21.5,21.601843443668077,0.39815655633192293,2500.0,179.17045034936532,112.52530487592749,5791.695755225293,5791.695755225293,5935.563587220165
32460.0,9.016666666666667,22.0,0.0,21.530549600909044,21.727275879837954,21.700000000000003,21.634562295778718,0.3654377042212822,2500.0,164.44696689957698,113.01864577662622,5777.465612676203,5777.465612676203,5935.352482823149
32520.0,9.033333333333333,22.0,0.0,21.537182181900196,21.343955617906282,21.3,21.523041530519144,0.47695846948085574,2500.0,214.63131126638507,113.66253971042538,5828.29385097681,5828.29385097681,5935.3058301893
32580.0,9.05,22.0,0.0,21.543794305316766,21.693997232717376,21.700000000000003,21.582027687012765,0.41797231298723503,2500.0,188.08754084425576,114.22680233295816,5802.314343177214,5802.314343177214,5934.119494003713
32640.0,9.066666666666666,22.0,0.0,21.55037235632886,21.532922672432633,21.5,21.554685124675178,0.44531487532482217,2500.0,200.39169389616998,114.82797741464667,5815.219671310817,5815.219671310817,5933.699372690797
32700.0,9.083333333333334,22.0,0.0,21.556925631732163,21.783106771308052,21.8,21.636456749783452,0.3635432502165479,2500.0,163.59446259744655,115.318760802439,5778.913223399885,5778.913223399885,5933.539881801703
32760.0,9.1,22.0,0.0,21.563457333418587,21.65665944367016,21.700000000000003,21.657637833188968,0.34236216681103215,2500.0,154.06297506496446,115.7809497276339,5769.843924792598,5769.843924792598,5933.307384695388
32820.0,9.116666666666667,22.0,0.0,21.569966650034676,21.351990692892205,21.400000000000002,21.57175855545931,0.4282414445406886,2500.0,192.70865004330986,116.35907567776383,5809.067725721074,5809.067725721074,5932.532069608374
32880.0,9.133333333333333,22.0,0.0,21.57644713491987,21.602045725614573,21.6,21.581172370306206,0.4188276296937943,2500.0,188.47243336220743,116.92449297785045,5805.396926340058,5805.396926340058,5931.659714484495
32940.0,9.15,22.0,0.0,21.582897710088925,21.826542004051284,21.8,21.65411491353747,0.34588508646253047,2500.0,155.6482889081387,117.39143784457487,5773.039726752714,5773.039726752714,5930.482340642695
33000.0,9.166666666666666,22.0,0.0,21.58931480504637,21.36346802803301,21.400000000000002,21.569409942358313,0.43059005764168745,2500.0,193.76552593875937,117.97273442239114,5811.73826036115,5811.73826036115,5929.8675510516
33060.0,9.183333333333334,22.0,0.0,21.59570527124385,21.483877295606916,21.5,21.546273294905543,0.4537267050944571,2500.0,204.1770172925057,118.58526547426867,5822.762282766774,5822.762282766774,5928.62798218925
33120.0,9.2,22.0,0.0,21.60206169121639,21.448327089538843,21.400000000000002,21.49751552993703,0.5024844700629707,2500.0,226.1180115283368,119.26361950885368,5845.38163103719,5845.38163103719,5927.2394722983145
33180.0,9.216666666666667,22.0,0.0,21.608382379810323,21.30925319172117,21.3,21.43167701995802,0.5683229800419802,2500.0,255.7453410188911,120.03085553191035,5875.776196550802,5875.776196550802,5926.7677872324775
33240.0,9.233333333333333,22.0,0.0,21.614678446117683,21.806932101171622,21.8,21.55445134663868,0.4455486533613211,2500.0,200.4968940125945,120.63234621394814,5821.129240226543,5821.129240226543,5925.402002246793
33300.0,9.25,22.0,0.0,21.62093923480629,21.883138695403495,21.900000000000002,21.669634231092452,0.3303657689075479,2500.0,148.66459600839653,121.07834000197332,5769.742936010371,5769.742936010371,5922.958422785796
33360.0,9.266666666666667,22.0,0.0,21.6271519181753,21.787160559586706,21.8,21.713089487394967,0.28691051260503286,2500.0,129.1097306722648,121.46566919399011,5750.575399866255,5750.575399866255,5921.32711461021
33420.0,9.283333333333333,22.0,0.0,21.633326387796096,21.681840450883552,21.700000000000003,21.70872632492998,0.2912736750700198,2500.0,131.0731537815089,121.85888865533462,5752.932042436843,5752.932042436843,5919.9918582115915
33480.0,9.3,22.0,0.0,21.639466310931248,21.629060034068356,21.6,21.672484216619985,0.3275157833800151,2500.0,147.3821025210068,122.30103496289766,5769.683137483905,5769.683137483905,5918.110348291199
33540.0,9.316666666666666,22.0,0.0,21.645565236177948,21.693441296282877,21.700000000000003,21.681656144413324,0.3183438555866758,2500.0,143.2547350140041,122.73079916793968,5765.985534181944,5765.985534181944,5917.387941672758
33600.0,9.333333333333334,22.0,0.0,21.65163719576949,21.505326012351272,21.5,21.621104096275552,0.37889590372444815,2500.0,170.50315667600165,123.2423086379677,5793.745465313969,5793.745465313969,5917.436155033475
33660.0,9.35,22.0,0.0,21.657691518042583,21.836460638132916,21.8,21.6807360641837,0.3192639358162985,2500.0,143.66877111733433,123.6733149513197,5767.342086068654,5767.342086068654,5917.745284750748
33720.0,9.366666666666667,22.0,0.0,21.663731386905464,21.872829851713142,21.900000000000002,21.753824042789134,0.24617595721086616,2500.0,110.77918074488977,124.00565249355436,5734.784833238444,5734.784833238444,5917.978992247779
33780.0,9.383333333333333,22.0,0.0,21.669755940651722,21.856264647452505,21.900000000000002,21.802549361859423,0.19745063814057673,2500.0,88.85278716325953,124.27221085504414,5713.124998018304,5713.124998018304,5917.916457914334
33840.0,9.4,22.0,0.0,21.67576167032474,21.569572026780982,21.6,21.73503290790628,0.2649670920937197,2500.0,119.23519144217387,124.62991642937065,5743.865107871545,5743.865107871545,5917.163068016096
33900.0,9.416666666666666,22.0,0.0,21.68174034212996,21.69742121051932,21.700000000000003,21.72335527193752,0.27664472806247886,2500.0,124.49012762811549,125.003386812255,5749.49351444037,5749.49351444037,5916.214719413706
33960.0,9.433333333333334,22.0,0.0,21.687689697736534,21.654533533940665,21.700000000000003,21.71557018129168,0.2844298187083183,2500.0,127.99341841874323,125.38736706751124,5753.380785486254,5753.380785486254,5915.899833153052
34020.0,9.45,22.0,0.0,21.69361742664116,22.051332384234627,22.1,21.843713454194454,0.15628654580554624,2500.0,70.3289456124958,125.59835390434873,5695.927299516845,5695.927299516845,5915.004966017873
34080.0,9.466666666666667,22.0,0.0,21.69951663395345,21.735455874337962,21.700000000000003,21.79580896946297,0.2041910305370287,2500.0,91.88596374166292,125.87401179557372,5717.759975537237,5717.759975537237,5912.985610682368
34140.0,9.483333333333333,22.0,0.0,21.70537391137978,21.328959732593702,21.3,21.630539312975316,0.3694606870246844,2500.0,166.25730916110797,126.37278372305705,5792.630092884166,5792.630092884166,5910.742559500735
34200.0,9.5,22.0,0.0,21.71118670035965,21.790887830525865,21.8,21.68702620865021,0.31297379134979053,2500.0,140.83820610740574,126.79529834137927,5767.633504448784,5767.633504448784,5908.367574659872
34260.0,9.516666666666667,22.0,0.0,21.71695355115449,22.093406800968687,22.1,21.82468413910014,0.17531586089986106,2500.0,78.89213740493747,127.03197475359407,5705.924112158532,5705.924112158532,5906.423044335962
34320.0,9.533333333333333,22.0,0.0,21.722679767033057,21.85971491027757,21.900000000000002,21.84978942606676,0.15021057393324,2500.0,67.59475826995799,127.23475902840394,5694.829517298363,5694.829517298363,5904.273753808299
34380.0,9.55,22.0,0.0,21.728363012777656,21.904258954786897,21.900000000000002,21.866526284044507,0.13347371595549262,2500.0,60.06317217997168,127.41494854494385,5687.478120724916,5687.478120724916,5903.007422094441
34440.0,9.566666666666666,22.0,0.0,21.734014012804458,21.741226266174237,21.700000000000003,21.81101752269634,0.1889824773036608,2500.0,85.04211478664736,127.67007488930379,5712.712189675951,5712.712189675951,5901.329204112487
34500.0,9.583333333333334,22.0,0.0,21.739627921215394,21.34535002397836,21.3,21.640678348464228,0.35932165153577245,2500.0,161.6947431910976,128.15515911887707,5789.849902309975,5789.849902309975,5899.894045232459
34560.0,9.6,22.0,0.0,21.745207765994536,21.38315621518395,21.400000000000002,21.560452232309487,0.43954776769051307,2500.0,197.79649546073088,128.74854860525926,5826.54504406599,5826.54504406599,5897.877698201915
34620.0,9.616666666666667,22.0,0.0,21.750746675074975,21.5015571201278,21.5,21.540301488206325,0.4596985117936754,2500.0,206.86433030715392,129.36914159618073,5836.233471903335,5836.233471903335,5895.743801978427
34680.0,9.633333333333333,22.0,0.0,21.75624336067349,21.730876953265547,21.700000000000003,21.593534325470884,0.406465674529116,2500.0,182.9095535381022,129.91787025679503,5812.827423794897,5812.827423794897,5894.299200707471
34740.0,9.65,22.0,0.0,21.761706220999958,21.82370592029822,21.8,21.66235621698059,0.3376437830194092,2500.0,151.93970235873417,130.37368936387122,5782.313391722606,5782.313391722606,5892.81749613468
34800.0,9.666666666666666,22.0,0.0,21.767134912290576,21.90501774271848,21.900000000000002,21.741570811320393,0.2584291886796066,2500.0,116.29313490582298,130.7225687685887,5747.015703674411,5747.015703674411,5890.821199978314
34860.0,9.683333333333334,22.0,0.0,21.772523361953443,21.7044317534005,21.700000000000003,21.727713874213595,0.27228612578640465,2500.0,122.5287566038821,131.09015503840035,5753.618911642283,5753.618911642283,5889.503150984695
34920.0,9.7,22.0,0.0,21.7778798296794,21.969265681361616,22.0,21.818475916142397,0.1815240838576031,2500.0,81.6858377359214,131.33521255160812,5713.02105028753,5713.02105028753,5888.390803181062
34980.0,9.716666666666667,22.0,0.0,21.783206879828533,21.72725712815261,21.700000000000003,21.778983944094932,0.2210160559050678,2500.0,99.4572251572805,131.63358422707998,5731.090809384361,5731.090809384361,5887.673983645332
35040.0,9.733333333333333,22.0,0.0,21.788509346992793,21.647611443923385,21.6,21.719322629396622,0.28067737060337805,2500.0,126.30481677152012,132.01249867739452,5758.317315448915,5758.317315448915,5887.475687193756
35100.0,9.75,22.0,0.0,21.79379352719814,21.96412187028712,22.0,21.812881752931084,0.18711824706891633,2500.0,84.20321118101235,132.26510831093756,5716.46831949195,5716.46831949195,5886.369913077636
35160.0,9.766666666666667,22.0,0.0,21.799048585573477,21.61615958895264,21.6,21.74192116862072,0.25807883137927945,2500.0,116.13547412067575,132.61351473329958,5748.748988853976,5748.748988853976,5884.426130126515
35220.0,9.783333333333333,22.0,0.0,21.804264553378275,21.258447567214056,21.3,21.594614112413815,0.4053858875861849,2500.0,182.4236494137832,133.16078568154094,5815.584435095324,5815.584435095324,5882.1952846221775
35280.0,9.8,22.0,0.0,21.809438103133605,21.597446751344027,21.6,21.596409408275875,0.40359059172412515,2500.0,181.61576627585632,133.7056329803685,5815.321399256224,5815.321399256224,5880.040897252422
35340.0,9.816666666666666,22.0,0.0,21.814570279591234,21.833402188691814,21.8,21.664272938850583,0.33572706114941653,2500.0,151.07717751723743,134.15886451292022,5785.2360420301575,5785.2360420301575,5878.20160125628
35400.0,9.833333333333334,22.0,0.0,21.819664987967535,21.203629436157602,21.200000000000003,21.50951529256706,0.49048470743294104,2500.0,220.71811834482347,134.82101886795468,5855.539137212779,5855.539137212779,5876.331333471708
35460.0,9.85,22.0,0.0,21.824721969005292,21.753294359769576,21.8,21.60634352837804,0.39365647162195927,2500.0,177.14541222988169,135.35245510464432,5812.497867334526,5812.497867334526,5874.954902335746
35520.0,9.866666666666667,22.0,0.0,21.829747261926304,21.763329190173703,21.8,21.67089568558536,0.3291043144146393,2500.0,148.09694148658767,135.7967459291041,5783.893687415692,5783.893687415692,5873.1613553979605
35580.0,9.883333333333333,22.0,0.0,21.8347359564053,21.549444762611444,21.5,21.61393045705691,0.3860695429430905,2500.0,173.73129432439072,136.31793981207727,5810.049234136468,5810.049234136468,5870.855080028635
35640.0,9.9,22.0,0.0,21.83968200949643,21.543181316576867,21.5,21.57595363803794,0.42404636196205914,2500.0,190.8208628829266,136.89040240072606,5827.711265283653,5827.711265283653,5868.226245328463
35700.0,9.916666666666666,22.0,0.0,21.84458167841188,21.752089288792025,21.8,21.650635758691962,0.349364241308038,2500.0,157.2139085886171,137.36204412649192,5794.575952715109,5794.575952715109,5866.153559704181
35760.0,9.933333333333334,22.0,0.0,21.849441776093094,21.74002174216613,21.700000000000003,21.667090505794643,0.33290949420535654,2500.0,149.80927239241043,137.81147194366915,5787.620744336079,5787.620744336079,5864.209225616451
35820.0,9.95,22.0,0.0,21.854263961472213,22.10624766335054,22.1,21.811393670529764,0.18860632947023603,2500.0,84.87284826160621,138.066090488454,5722.9389387500605,5722.9389387500605,5862.362084947614
35880.0,9.966666666666667,22.0,0.0,21.859049514607168,21.934022123633728,21.900000000000002,21.84092911368651,0.15907088631348998,2500.0,71.58189884107048,138.2808361849772,5709.862735026048,5709.862735026048,5859.588171857101
35940.0,9.983333333333333,22.0,0.0,21.863787424125633,21.547616335024518,21.5,21.727286075791007,0.2727139242089933,2500.0,122.721265894047,138.64899998265935,5761.370265876706,5761.370265876706,5857.224368585104
36000.0,10.0,22.0,0.0,21.868482754276275,21.697552460308927,21.700000000000003,21.718190717194005,0.2818092828059946,2500.0,126.81417726269757,139.02944251444742,5765.843619777145,5765.843619777145,5856.147797323421
36060.0,10.016666666666667,22.0,0.0,21.873151079581326,22.014179385005733,22.0,21.812127144796,0.18787285520399877,2500.0,84.54278484179945,139.28307086897283,5723.825855710772,5723.825855710772,5854.672559108844
36120.0,10.033333333333333,22.0,0.0,21.87778769705189,22.25698305084347,22.3,21.974751429864,0.025248570136000126,2500.0,11.361856561200057,139.3171564386564,5650.679012999856,5650.679012999856,5852.193418326339
36180.0,10.05,22.0,0.0,21.88238065498065,21.959680553729495,22.0,21.98316761990933,0.01683238009066912,2500.0,7.5745710408011035,139.33988015177883,5646.91445119258,5646.91445119258,5849.57068664254
36240.0,10.066666666666666,22.0,0.0,21.886928361255418,21.949070870187313,21.900000000000002,21.955445079939555,0.04455492006044537,2500.0,20.049714027200416,139.4000292938604,5659.449743321061,5659.449743321061,5846.869143877246
36300.0,10.083333333333334,22.0,0.0,21.89143000589818,22.26358049873258,22.3,22.070296719959703,-0.07029671995970332,2500.0,-31.633523981866496,139.30512872191483,5607.671604740049,5607.671604740049,5844.633194640557
36360.0,10.1,22.0,0.0,21.895891314216172,21.89135702541237,21.900000000000002,22.013531146639803,-0.013531146639802927,2500.0,-6.089015987911317,139.28686167395108,5633.19784568604,5633.19784568604,5843.720139768381
36420.0,10.116666666666667,22.0,0.0,21.900328281950745,21.8385080902838,21.8,21.942354097759868,0.05764590224013233,2500.0,25.94065600805955,139.36468364197526,5665.3053396500345,5665.3053396500345,5843.433888173341
36480.0,10.133333333333333,22.0,0.0,21.904748503762974,21.62209874730464,21.6,21.828236065173243,0.17176393482675678,2500.0,77.29377067204055,139.5965649539914,5716.890335626032,5716.890335626032,5843.313881235507
36540.0,10.15,22.0,0.0,21.90915402482651,21.80655080838097,21.8,21.818824043448828,0.18117595655117213,2500.0,81.52918044802746,139.84115249533548,5721.370332943363,5721.370332943363,5842.805773611497
36600.0,10.166666666666666,22.0,0.0,21.91354023203537,22.349282780555,22.3,21.979216028965887,0.020783971034113335,2500.0,9.352786965351001,139.86921085623155,5649.221997821583,5649.221997821583,5841.797567246682
36660.0,10.183333333333334,22.0,0.0,21.917901182146224,21.633552903648482,21.6,21.85281068597726,0.14718931402273938,2500.0,66.23519131023272,140.06791643016223,5706.303107740395,5706.303107740395,5840.2178695204775
36720.0,10.2,22.0,0.0,21.92223009303403,21.92446843439668,21.900000000000002,21.868540457318176,0.13145954268182436,2500.0,59.15679420682096,140.2453868127827,5699.402181019604,5699.402181019604,5838.774553555841
36780.0,10.216666666666667,22.0,0.0,21.9265286973976,21.644863211807138,21.6,21.77902697154545,0.22097302845455147,2500.0,99.43786280454816,140.54370040119633,5739.981563205744,5739.981563205744,5836.678661834702
36840.0,10.233333333333333,22.0,0.0,21.930789255247426,21.95648440485778,22.0,21.852684647696968,0.14731535230303194,2500.0,66.29190853636437,140.7425761268054,5707.03448466317,5707.03448466317,5834.918864293863
36900.0,10.25,22.0,0.0,21.93501591385321,22.112545354543634,22.1,21.935123098464647,0.06487690153535297,2500.0,29.194605690908837,140.83015994387813,5670.024765634787,5670.024765634787,5833.642171813114
36960.0,10.266666666666667,22.0,0.0,21.93921457217341,21.89048470821077,21.900000000000002,21.92341539897643,0.07658460102356912,2500.0,34.463070460606104,140.93354915525995,5675.396619615866,5675.396619615866,5831.6892742744285
37020.0,10.283333333333333,22.0,0.0,21.94337719974818,22.08944665380808,22.1,21.982276932650954,0.017723067349045607,2500.0,7.975380307070523,140.95747529618117,5648.9328556032515,5648.9328556032515,5830.306936184088
37080.0,10.3,22.0,0.0,21.947510751383145,22.091679516484913,22.1,22.021517955100638,-0.02151795510063792,2500.0,-9.683079795287064,140.9284260567953,5631.2453462615085,5631.2453462615085,5830.061561165942
37140.0,10.316666666666666,22.0,0.0,21.951628957862987,22.04103392108437,22.0,22.014345303400425,-0.01434530340042528,2500.0,-6.455386530191376,140.9090598972047,5634.453673367013,5634.453673367013,5829.81589180078
37200.0,10.333333333333334,22.0,0.0,21.955731861691007,22.298981461574197,22.3,22.109563535600284,-0.10956353560028376,2500.0,-49.30359102012769,140.76114912414434,5591.457558104016,5591.457558104016,5829.072894304603
37260.0,10.35,22.0,0.0,21.95981354083759,22.1155810516372,22.1,22.10637569040019,-0.10637569040018846,2500.0,-47.86906068008481,140.61754194210408,5592.74848126202,5592.74848126202,5829.513998353073
37320.0,10.366666666666667,22.0,0.0,21.963888268195316,21.90289635496845,21.900000000000002,22.037583793600128,-0.037583793600127535,2500.0,-16.91270712005739,140.56680382074393,5623.654096700687,5623.654096700687,5829.23039616943
37380.0,10.383333333333333,22.0,0.0,21.967947368144763,21.83178265844634,21.8,21.958389195733417,0.04161080426658259,2500.0,18.724861919962166,140.62297840650382,5659.347840326465,5659.347840326465,5828.4747843568675
37440.0,10.4,22.0,0.0,21.971985223452613,21.802923953951744,21.8,21.905592797155613,0.09440720284438697,2500.0,42.48324127997414,140.75042813034375,5683.233669410318,5683.233669410318,5828.167691853194
37500.0,10.416666666666666,22.0,0.0,21.976007280084495,22.071180767611498,22.1,21.97039519810374,0.029604801896258692,2500.0,13.322160853316412,140.79039461290367,5654.11255546622,5654.11255546622,5828.160084743701
37560.0,10.433333333333334,22.0,0.0,21.980017179261168,21.915272816411136,21.900000000000002,21.946930132069163,0.05306986793083723,2500.0,23.881440568876755,140.86203893461033,5664.743479503487,5664.743479503487,5827.600349209892
37620.0,10.45,22.0,0.0,21.984008331913902,22.52984173971476,22.5,22.131286754712775,-0.13128675471277518,2500.0,-59.07903962074883,140.68480181574807,5581.605762194999,5581.605762194999,5826.934022461995
37680.0,10.466666666666667,22.0,0.0,21.987979515187703,22.356469036311335,22.400000000000002,22.220857836475183,-0.22085783647518298,2500.0,-99.38602641383234,140.38664373650658,5541.000617322675,5541.000617322675,5825.200771066796
37740.0,10.483333333333333,22.0,0.0,21.991917985894943,21.949013185993678,21.900000000000002,22.113905224316788,-0.11390522431678818,2500.0,-51.25735094255468,140.2328716836789,5588.9755207411245,5588.9755207411245,5823.278470466117
37800.0,10.5,22.0,0.0,21.99582157358285,21.929995322750255,21.900000000000002,22.04260348287786,-0.04260348287785831,2500.0,-19.17156729503624,140.17535698179378,5621.003789686758,5621.003789686758,5822.2466670562935
37860.0,10.516666666666667,22.0,0.0,21.999701068866777,22.33773637953006,22.3,22.12840232191857,-0.12840232191857126,2500.0,-57.78104486335707,140.00201384720373,5582.220968983846,5582.220968983846,5821.306616268308
37920.0,10.533333333333333,22.0,0.0,22.0035576450554,21.626885688794403,21.6,21.95226821461238,0.047731785387618686,2500.0,21.47930342442841,140.066451757477,5661.545755181905,5661.545755181905,5819.681936925683
37980.0,10.55,22.0,0.0,22.00738315536334,21.91707294350232,21.900000000000002,21.934845476408256,0.0651545235917439,2500.0,29.319535616284753,140.15441036432588,5669.473945980611,5669.473945980611,5816.865221526919
38040.0,10.566666666666666,22.0,0.0,22.011163388555573,22.201314778754647,22.200000000000003,22.023230317605506,-0.0232303176055062,2500.0,-10.45364292247779,140.12304943555844,5629.6694065130805,5629.6694065130805,5814.032708688013
38100.0,10.583333333333334,22.0,0.0,22.014898290894163,21.83247877671037,21.8,21.948820211737004,0.05117978826299563,2500.0,23.030904718348033,140.1921421497135,5663.223046868062,5663.223046868062,5811.4563259318975
38160.0,10.6,22.0,0.0,22.01859107193266,21.923225077313965,21.900000000000002,21.93254680782467,0.06745319217532852,2500.0,30.353936478897836,140.2832039591502,5670.637140438048,5670.637140438048,5808.059913912033
38220.0,10.616666666666667,22.0,0.0,22.02223201768381,21.95200378446487,22.0,21.95503120521645,0.04496879478354998,2500.0,20.23595765259749,140.34391183210798,5660.579869484705,5660.579869484705,5805.145546108267
38280.0,10.633333333333333,22.0,0.0,22.025827068184057,22.15798876748537,22.200000000000003,22.0366874701443,-0.03668747014430096,2500.0,-16.509361564935432,140.29438374741315,5623.785022182477,5623.785022182477,5802.81487600063
38340.0,10.65,22.0,0.0,22.029383365491512,22.056888742456138,22.1,22.05779164676287,-0.057791646762868965,2500.0,-26.006241043291034,140.21636502428328,5614.210123980993,5614.210123980993,5801.382800327719
38400.0,10.666666666666666,22.0,0.0,22.03291180899897,22.113329291056598,22.1,22.071861097841914,-0.0718610978419143,2500.0,-32.337494028861435,140.1193525421967,5607.7818585133355,5607.7818585133355,5800.049259204647
38460.0,10.683333333333334,22.0,0.0,22.03641366468243,22.1554704097191,22.200000000000003,22.114574065227945,-0.114574065227945,2500.0,-51.55832935257525,139.964677554139,5588.406348201564,5588.406348201564,5797.535471514929
38520.0,10.7,22.0,0.0,22.039874849346564,22.04586249498199,22.0,22.07638271015196,-0.07638271015196096,2500.0,-34.372219568382434,139.86156089543383,5605.489341327052,5605.489341327052,5796.014932118686
38580.0,10.716666666666667,22.0,0.0,22.04330740398395,22.265420643633682,22.3,22.150921806767975,-0.1509218067679754,2500.0,-67.91481304558893,139.65781645629707,5571.743003410708,5571.743003410708,5794.4047196003685
38640.0,10.733333333333333,22.0,0.0,22.046710338407202,21.900918564186075,21.900000000000002,22.067281204511985,-0.06728120451198549,2500.0,-30.276542030393472,139.56698683020588,5609.290444799813,5609.290444799813,5793.497666993791
38700.0,10.75,22.0,0.0,22.050092179395907,21.76286788027058,21.8,21.97818746967466,0.021812530325341584,2500.0,9.815638646403713,139.5964337461451,5649.412072392549,5649.412072392549,5792.056613954947
38760.0,10.766666666666667,22.0,0.0,22.053446582225178,21.698072221262688,21.700000000000003,21.88545831311644,0.11454168688355892,2500.0,51.543759097601516,139.75106502343792,5691.29482412104,5691.29482412104,5790.022749816278
38820.0,10.783333333333333,22.0,0.0,22.056766515476298,21.732564559683805,21.700000000000003,21.82363887541096,0.17636112458903952,2500.0,79.36250606506778,139.9891525416331,5719.351658606701,5719.351658606701,5788.112314312937
38880.0,10.8,22.0,0.0,22.060053563701626,21.94995041779211,21.900000000000002,21.84909258360731,0.15090741639269112,2500.0,67.908337376711,140.19287755376325,5708.101214930474,5708.101214930474,5785.792656667776
38940.0,10.816666666666666,22.0,0.0,22.063302914890535,22.269312293541798,22.3,21.999395055738205,0.0006049442617950263,2500.0,0.2722249178077618,140.19369422851668,5640.465919146324,5640.465919146324,5783.216868161005
39000.0,10.833333333333334,22.0,0.0,22.066511608563797,22.101344960038194,22.1,22.032930037158803,-0.032930037158802605,2500.0,-14.818516721461172,140.14923867835228,5625.330721956891,5625.330721956891,5780.7374815811045
39060.0,10.85,22.0,0.0,22.06968092351708,21.949971601610006,21.900000000000002,21.988620024772537,0.011379975227463035,2500.0,5.120988852358366,140.16460164490937,5645.285590497268,5645.285590497268,5777.58281618982
39120.0,10.866666666666667,22.0,0.0,22.072802874540805,21.858831755937672,21.900000000000002,21.959080016515024,0.04091998348497583,2500.0,18.413992568239124,140.2198436226141,5658.633836190854,5658.633836190854,5774.502243941023
39180.0,10.883333333333333,22.0,0.0,22.075878492844474,21.970101362578358,22.0,21.97272001101002,0.02727998898998152,2500.0,12.275995045491683,140.25667160775055,5652.532666653243,5652.532666653243,5771.988108153684
39240.0,10.9,22.0,0.0,22.078914714663785,21.9981814375845,22.0,21.981813340673348,0.018186659326651977,2500.0,8.18399669699339,140.28122359784152,5648.4652202948355,5648.4652202948355,5770.110770356564
39300.0,10.916666666666666,22.0,0.0,22.081919299764074,21.968899421584236,22.0,21.9878755604489,0.012124439551101318,2500.0,5.455997797995593,140.29759159123552,5645.753589389231,5645.753589389231,5768.662818674126
39360.0,10.933333333333334,22.0,0.0,22.08489749568887,21.798388631540323,21.8,21.9252503736326,0.07474962636739946,2500.0,33.637331865329756,140.3985035868315,5674.035835452161,5674.035835452161,5766.7536476206615
39420.0,10.95,22.0,0.0,22.087843846973254,21.9926822827488,22.0,21.95016691575507,0.0498330842449306,2500.0,22.42488791021877,140.46577825056215,5662.890666160781,5662.890666160781,5765.053478152042
39480.0,10.966666666666667,22.0,0.0,22.090760957170158,22.294188183845975,22.3,22.066777943836712,-0.06677794383671198,2500.0,-30.050074726520393,140.3756280263826,5610.325553299862,5610.325553299862,5761.996016219425
39540.0,10.983333333333333,22.0,0.0,22.09363262649328,21.658710838174187,21.700000000000003,21.944518629224476,0.0554813707755244,2500.0,24.96661684898598,140.45052787692956,5665.417144725915,5665.417144725915,5758.312759571146
39600.0,11.0,22.0,0.0,22.096451481728657,22.048329747239784,22.0,21.963012419482986,0.036987580517013896,2500.0,16.644411232656253,140.50046111062753,5657.144872343284,5657.144872343284,5755.490472257312
39660.0,11.016666666666667,22.0,0.0,22.099228012950558,21.674958341984052,21.700000000000003,21.87534161298866,0.12465838701134047,2500.0,56.09627415510321,140.6687499330928,5696.765024088196,5696.765024088196,5753.249027547803
39720.0,11.033333333333333,22.0,0.0,22.10196931724228,22.13857883935786,22.1,21.95022774199244,0.04977225800756102,2500.0,22.39751610340246,140.73594248140304,5663.133458584805,5663.133458584805,5750.39855990507
39780.0,11.05,22.0,0.0,22.104668192009413,21.95517031382775,22.0,21.966818494661624,0.03318150533837638,2500.0,14.931677402269372,140.78073751360984,5655.712414915879,5655.712414915879,5748.917679826351
39840.0,11.066666666666666,22.0,0.0,22.1073411995913,21.690203665972767,21.700000000000003,21.877878996441083,0.12212100355891664,2500.0,54.95445160151249,140.94560086841437,5695.900052469927,5695.900052469927,5747.5936175955885
39900.0,11.083333333333334,22.0,0.0,22.109990299403673,22.13013073739036,22.1,21.951919330960724,0.0480806690392761,2500.0,21.636301067674246,141.0105097716174,5662.646810839292,5662.646810839292,5745.6282140775465
39960.0,11.1,22.0,0.0,22.11260786707439,22.47608893778487,22.5,22.13461288730715,-0.13461288730714926,2500.0,-60.57579928821717,140.82878237375272,5580.252983085536,5580.252983085536,5744.254794624055
40020.0,11.116666666666667,22.0,0.0,22.115201101008658,22.136979407679092,22.1,22.123075258204768,-0.12307525820476783,2500.0,-55.383866192145526,140.6626307751763,5585.278764583031,5585.278764583031,5743.027833720955
40080.0,11.133333333333333,22.0,0.0,22.117771831710282,22.350130128466752,22.400000000000002,22.215383505469845,-0.21538350546984475,2500.0,-96.92257746143014,140.371863042792,5543.449285581362,5543.449285581362,5741.653700983684
40140.0,11.15,22.0,0.0,22.120318360626957,22.106017480193174,22.1,22.176922336979896,-0.1769223369798958,2500.0,-79.61505164095311,140.13301788786913,5560.517966246915,5560.517966246915,5739.689223003664
40200.0,11.166666666666666,22.0,0.0,22.12283367622112,21.6913155105887,21.700000000000003,22.017948224653264,-0.017948224653263622,2500.0,-8.07670109396863,140.10878778458724,5632.032086690619,5632.032086690619,5737.59790468662
40260.0,11.183333333333334,22.0,0.0,22.125316350048696,22.223413048173498,22.200000000000003,22.078632149768843,-0.07863214976884336,2500.0,-35.38446739597951,140.0026343823993,5604.61816698642,5604.61816698642,5735.434303917064
40320.0,11.2,22.0,0.0,22.127765612645554,22.044109751283113,22.0,22.052421433179227,-0.05242143317922654,2500.0,-23.589644930651943,139.93186544760732,5616.342220516955,5616.342220516955,5732.983837988473
40380.0,11.216666666666667,22.0,0.0,22.13017812186348,21.837761136328904,21.8,21.96828095545282,0.031719044547180886,2500.0,14.273570046231399,139.97468615774602,5654.248256203978,5654.248256203978,5730.858929710783
40440.0,11.233333333333333,22.0,0.0,22.13255789465442,22.289525229439043,22.3,22.07885397030188,-0.07885397030187846,2500.0,-35.48428663584531,139.8682332978385,5604.383946661994,5604.383946661994,5728.206997605782
40500.0,11.25,22.0,0.0,22.134898704941726,22.19227021803249,22.200000000000003,22.119235980201253,-0.11923598020125326,2500.0,-53.656191090563965,139.70726472456678,5586.051073634003,5586.051073634003,5726.225055059016
40560.0,11.266666666666667,22.0,0.0,22.13720870948761,22.032126781343973,22.0,22.079490653467502,-0.07949065346750217,2500.0,-35.77079406037598,139.59995234238565,5603.829158282009,5603.829158282009,5724.944838681242
40620.0,11.283333333333333,22.0,0.0,22.13949642142332,22.313110306503738,22.3,22.152993768978334,-0.15299376897833383,2500.0,-68.84719604025022,139.39341075426492,5570.546214714014,5570.546214714014,5724.384005105238
40680.0,11.3,22.0,0.0,22.141770540220314,21.967356146661707,22.0,22.101995845985556,-0.10199584598555589,2500.0,-45.89813069350015,139.25571636218442,5593.357585668684,5593.357585668684,5724.300132663596
40740.0,11.316666666666666,22.0,0.0,22.144036830191617,22.272723297939635,22.3,22.167997230657036,-0.1679972306570363,2500.0,-75.59875379566634,139.0289201007974,5563.430166305131,5563.430166305131,5724.030150701377
40800.0,11.333333333333334,22.0,0.0,22.14629308150946,21.9582009876608,22.0,22.11199815377136,-0.11199815377135991,2500.0,-50.39916919711196,138.87772259320607,5588.478553396094,5588.478553396094,5722.6374135087935
40860.0,11.35,22.0,0.0,22.148525851227035,22.25531680356825,22.3,22.174665435847572,-0.17466543584757233,2500.0,-78.59944613140755,138.64192425481184,5560.042478123404,5560.042478123404,5721.015635316262
40920.0,11.366666666666667,22.0,0.0,22.15073246129715,21.930582872387284,21.900000000000002,22.08311029056505,-0.08311029056504893,2500.0,-37.39963075427202,138.52972536254904,5601.130094608277,5601.130094608277,5719.753467902612
40980.0,11.383333333333333,22.0,0.0,22.15291730552809,22.45075494613231,22.5,22.222073527043367,-0.22207352704336714,2500.0,-99.9330871695152,138.2299261010405,5538.296838931525,5538.296838931525,5718.734807374083
41040.0,11.4,22.0,0.0,22.155083371299995,22.205944871303174,22.200000000000003,22.21471568469558,-0.21471568469558022,2500.0,-96.6220581130111,137.94005992670145,5541.31800181369,5541.31800181369,5717.631438362069
41100.0,11.416666666666666,22.0,0.0,22.15722969844644,22.443804721645062,22.400000000000002,22.276477123130388,-0.2764771231303875,2500.0,-124.4147054086744,137.56681581047542,5513.152110401801,5513.152110401801,5716.478668060949
41160.0,11.433333333333334,22.0,0.0,22.15935575336783,21.994866557863862,22.0,22.184318082086925,-0.18431808208692502,2500.0,-82.94313693911626,137.31798639965805,5554.3748494605425,5554.3748494605425,5715.299916749754
41220.0,11.45,22.0,0.0,22.161461285108725,22.066240810515218,22.1,22.156212054724616,-0.15621205472461597,2500.0,-70.29542462607719,137.10710012577982,5566.811675499703,5566.811675499703,5714.612182061461
41280.0,11.466666666666667,22.0,0.0,22.163552247438137,22.331485207141096,22.3,22.204141369816412,-0.20414136981641207,2500.0,-91.86361641738543,136.83150927652767,5544.967892859142,5544.967892859142,5713.750156796449
41340.0,11.483333333333333,22.0,0.0,22.16562659257738,21.616883162915514,21.6,22.002760913210942,-0.002760913210941851,2500.0,-1.242410944923833,136.82778204369288,5635.5853710987685,5635.5853710987685,5712.026413404839
41400.0,11.5,22.0,0.0,22.167674029760505,21.954315858831055,22.0,22.001840608807292,-0.0018406088072921989,2500.0,-0.8282739632814895,136.82529722180305,5635.997023258522,5635.997023258522,5711.24959226019
41460.0,11.516666666666667,22.0,0.0,22.169706002778344,22.37634139323468,22.400000000000002,22.13456040587153,-0.13456040587152884,2500.0,-60.55218264218798,136.6436406738765,5576.0914580316885,5576.0914580316885,5710.347846928242
41520.0,11.533333333333333,22.0,0.0,22.171721058933148,22.264742923712024,22.3,22.189706937247685,-0.18970693724768495,2500.0,-85.36812176145823,136.38753630859213,5551.019414547133,5551.019414547133,5710.1214665475745
41580.0,11.55,22.0,0.0,22.17372735335492,22.36948122183848,22.400000000000002,22.25980462483179,-0.2598046248317907,2500.0,-116.9120811743058,136.0368000650692,5519.124718890764,5519.124718890764,5709.338333081529
41640.0,11.566666666666666,22.0,0.0,22.175718231291835,22.11376605387489,22.1,22.206536416554528,-0.2065364165545276,2500.0,-92.94138744953742,135.7579759027206,5542.816588453183,5542.816588453183,5708.444567778768
41700.0,11.583333333333334,22.0,0.0,22.177692411411304,22.29049228773193,22.3,22.237690944369685,-0.2376909443696853,2500.0,-106.96092496635839,135.43709312782153,5528.476168161464,5528.476168161464,5708.23549252362
41760.0,11.6,22.0,0.0,22.179658160087353,22.03348930604399,22.0,22.158460629579793,-0.15846062957979257,2500.0,-71.30728331090666,135.2231712778888,5563.915887966982,5563.915887966982,5707.475681162215
41820.0,11.616666666666667,22.0,0.0,22.18160889378104,21.90721682025656,21.900000000000002,22.07230708638653,-0.07230708638653027,2500.0,-32.53818887393862,135.12555671126697,5602.587367837328,5602.587367837328,5705.355302860937
41880.0,11.633333333333333,22.0,0.0,22.183528330734028,21.844569335990702,21.8,21.98153805759102,0.01846194240897958,2500.0,8.307874084040812,135.15048033351908,5643.45835441756,5643.45835441756,5703.354027222972
41940.0,11.65,22.0,0.0,22.1854179940685,22.075076079862416,22.1,22.021025371727347,-0.02102537172734742,2500.0,-9.461417277306339,135.12209608168718,5625.660678804381,5625.660678804381,5700.688948195612
42000.0,11.666666666666666,22.0,0.0,22.187270007464644,22.077481722979744,22.1,22.047350247818233,-0.04735024781823327,2500.0,-21.307611518204972,135.05817324713257,5613.750561728928,5613.750561728928,5698.352765163134
42060.0,11.683333333333334,22.0,0.0,22.189088430624206,22.063212951104862,22.1,22.064900165212155,-0.0649001652121548,2500.0,-29.20507434546966,134.97055802409616,5605.765483678627,5605.765483678627,5697.247420521925
42120.0,11.7,22.0,0.0,22.190888134378596,21.48112714017901,21.5,21.87660011014144,0.1233998898585611,2500.0,55.52995043635249,135.13714787540522,5690.667098311758,5690.667098311758,5695.703599629666
42180.0,11.716666666666667,22.0,0.0,22.192663913171017,21.79294319316371,21.8,21.851066740094293,0.14893325990570716,2500.0,67.01996695756822,135.33820777627793,5702.358174733847,5702.358174733847,5694.380909977788
42240.0,11.733333333333333,22.0,0.0,22.19441849235124,22.08789199451255,22.1,21.934044493396197,0.06595550660380312,2500.0,29.679977971711402,135.42724771019306,5665.107225681904,5665.107225681904,5693.712032414891
42300.0,11.75,22.0,0.0,22.196159781263166,22.253563106782675,22.3,22.05602966226413,-0.05602966226413031,2500.0,-25.21334801885864,135.3516076661365,5610.138259647278,5610.138259647278,5692.223230985676
42360.0,11.766666666666667,22.0,0.0,22.197877980691203,22.082119455681795,22.1,22.07068644150942,-0.0706864415094195,2500.0,-31.808898679238773,135.25618097009877,5603.44728229086,5603.44728229086,5690.453695029815
42420.0,11.783333333333333,22.0,0.0,22.199569791089488,22.024190351019346,22.0,22.04712429433961,-0.04712429433961063,2500.0,-21.205932452824783,135.1925631727403,5613.986630719915,5613.986630719915,5689.009952750685
42480.0,11.8,22.0,0.0,22.201239201149228,21.7395445345189,21.700000000000003,21.931416196226408,0.06858380377359197,2500.0,30.862711698116385,135.28515130783464,5666.147863005951,5666.147863005951,5687.035557116741
42540.0,11.816666666666666,22.0,0.0,22.202879910231182,22.60717971802637,22.6,22.15427746415094,-0.15427746415094035,2500.0,-69.42485886792315,135.07687673123087,5565.652017863308,5565.652017863308,5685.474257592607
42600.0,11.833333333333334,22.0,0.0,22.2044969615916,21.984274705698216,22.0,22.10285164276729,-0.1028516427672912,2500.0,-46.28323924528104,134.93802701349503,5588.654787768214,5588.654787768214,5683.440189404482
42660.0,11.85,22.0,0.0,22.20608475297968,22.5427640805195,22.5,22.23523442851153,-0.23523442851152865,2500.0,-105.8554928301879,134.62046053500447,5528.764967704817,5528.764967704817,5681.857495471009
42720.0,11.866666666666667,22.0,0.0,22.207648788666393,22.5197859720651,22.5,22.323489619007685,-0.3234896190076846,2500.0,-145.57032855345807,134.1837495493441,5488.6134209958855,5488.6134209958855,5679.827245181883
42780.0,11.883333333333333,22.0,0.0,22.20918376924258,22.263969582422764,22.3,22.315659746005124,-0.3156597460051245,2500.0,-142.046885702306,133.7576088922372,5491.710723189931,5491.710723189931,5678.5156260056565
42840.0,11.9,22.0,0.0,22.21069840544692,22.096176524434384,22.1,22.243773164003418,-0.24377316400341797,2500.0,-109.69792380153808,133.42851512083257,5523.730591319294,5523.730591319294,5676.178646221088
42900.0,11.916666666666666,22.0,0.0,22.212180453985233,22.238623560221686,22.200000000000003,22.229182109335614,-0.22918210933561411,2500.0,-103.13194920102634,133.1191192732295,5529.987170072203,5529.987170072203,5673.930968814298
42960.0,11.933333333333334,22.0,0.0,22.213631084249048,21.983022689441178,22.0,22.15278807289041,-0.1527880728904094,2500.0,-68.75463280068423,132.91285537482744,5564.158222574144,5564.158222574144,5671.251321174089
43020.0,11.95,22.0,0.0,22.21504520685039,22.26719123218999,22.3,22.201858715260272,-0.201858715260272,2500.0,-90.8364218671224,132.64034610922607,5541.803924242104,5541.803924242104,5669.303379978863
43080.0,11.966666666666667,22.0,0.0,22.216431711789586,22.217022141359504,22.200000000000003,22.20123914350685,-0.20123914350685013,2500.0,-90.55761457808256,132.36867326549182,5541.811058687409,5541.811058687409,5667.59518490421
43140.0,11.983333333333333,22.0,0.0,22.21779355887307,22.32418721246272,22.3,22.234159429004567,-0.234159429004567,2500.0,-105.37174305205514,132.05255803633563,5526.68081498428,5526.68081498428,5665.551396703459
43200.0,12.0,22.0,0.0,22.219126794956892,22.40921416468565,22.400000000000002,22.289439619336378,-0.2894396193363775,2500.0,-130.24782870136988,131.66181455023153,5501.413985848862,5501.413985848862,5665.051962943381
43260.0,12.016666666666667,22.0,0.0,22.220450038127343,22.567017735609912,22.6,22.392959746224253,-0.39295974622425334,2500.0,-176.831885800914,131.1313188928288,5454.299433091915,5454.299433091915,5664.567713948633
43320.0,12.033333333333333,22.0,0.0,22.221763500580344,22.144100333677013,22.1,22.295306497482837,-0.2953064974828372,2500.0,-132.88792386727675,130.73265512122697,5497.84473125395,5497.84473125395,5663.093109683351
43380.0,12.05,22.0,0.0,22.223055327394803,22.431733010946658,22.400000000000002,22.330204331655224,-0.33020433165522434,2500.0,-148.59194924485095,130.28687927349242,5481.6949300286415,5481.6949300286415,5661.225214764414
43440.0,12.066666666666666,22.0,0.0,22.224320863989792,22.065986947864012,22.1,22.253469554436816,-0.2534695544368155,2500.0,-114.06129949656699,129.9446953750027,5515.883395878436,5515.883395878436,5658.85687316652
43500.0,12.083333333333334,22.0,0.0,22.225554183875822,22.04664119437157,22.0,22.168979702957877,-0.168979702957877,2500.0,-76.04086633104465,129.7165727760096,5553.675706444965,5553.675706444965,5656.922868421298
43560.0,12.1,22.0,0.0,22.22676059574525,22.103149308681378,22.1,22.145986468638586,-0.14598646863858633,2500.0,-65.69391088736384,129.5194910433475,5563.8255801559835,5563.8255801559835,5654.782090083634
43620.0,12.116666666666667,22.0,0.0,22.227937699039018,22.031544567881085,22.0,22.097324312425727,-0.09732431242572659,2500.0,-43.795940591576965,129.38810322157278,5585.592162629996,5585.592162629996,5653.26765338169
43680.0,12.133333333333333,22.0,0.0,22.22909309778248,22.425145961449413,22.400000000000002,22.198216208283817,-0.19821620828381725,2500.0,-89.19729372771776,129.1205113403896,5539.923217612672,5539.923217612672,5652.4229819559505
43740.0,12.15,22.0,0.0,22.230234894272606,22.41488312196495,22.400000000000002,22.26547747218921,-0.26547747218921103,2500.0,-119.46486248514496,128.7621167529342,5509.297254267789,5509.297254267789,5652.273571496978
43800.0,12.166666666666666,22.0,0.0,22.23137147244775,22.48583382185563,22.5,22.34365164812614,-0.3436516481261407,2500.0,-154.6432416567633,128.29818702796388,5473.6549453712005,5473.6549453712005,5651.830023285434
43860.0,12.183333333333334,22.0,0.0,22.232499318309834,22.22743925245701,22.200000000000003,22.29576776541743,-0.29576776541743044,2500.0,-133.09549443784368,127.89890054465036,5494.8034061068065,5494.8034061068065,5651.195365592826
43920.0,12.2,22.0,0.0,22.233616164742017,22.288492483959473,22.3,22.297178510278286,-0.297178510278286,2500.0,-133.7303296252287,127.49770955577466,5493.767379930546,5493.767379930546,5650.438200894257
43980.0,12.216666666666667,22.0,0.0,22.23472057465852,22.119035174938507,22.1,22.231452340185523,-0.2314523401855233,2500.0,-104.15355308348549,127.1852488965242,5523.031695813039,5523.031695813039,5651.108682517882
44040.0,12.233333333333333,22.0,0.0,22.23582971712476,22.00563746755481,22.0,22.154301560123685,-0.15430156012368457,2500.0,-69.43570205565806,126.97694179035723,5557.541239734699,5557.541239734699,5651.962840721481
44100.0,12.25,22.0,0.0,22.23694578206204,22.32634941216835,22.3,22.202867706749124,-0.20286770674912447,2500.0,-91.29046803710601,126.70307038624591,5535.41260234914,5535.41260234914,5652.181913804155
44160.0,12.266666666666667,22.0,0.0,22.238061127681505,22.291735749944813,22.3,22.23524513783275,-0.2352451378327487,2500.0,-105.86031202473691,126.38548945017172,5520.525177425435,5520.525177425435,5651.481186234873
44220.0,12.283333333333333,22.0,0.0,22.239164718533278,22.017762065521733,22.0,22.1568300918885,-0.1568300918885015,2500.0,-70.57354134982567,126.17376882612224,5555.600227476296,5555.600227476296,5650.68062116914
44280.0,12.3,22.0,0.0,22.240255391831706,22.357321885161028,22.400000000000002,22.23788672792567,-0.23788672792566956,2500.0,-107.0490275665513,125.85262174342257,5518.803594176871,5518.803594176871,5650.069054661653
44340.0,12.316666666666666,22.0,0.0,22.24133545431215,21.892989985792205,21.900000000000002,22.125257818617115,-0.12525781861711494,2500.0,-56.36601837770172,125.68352368828945,5569.317505310588,5569.317505310588,5650.337034800725
44400.0,12.333333333333334,22.0,0.0,22.24241549236682,22.206615795541914,22.200000000000003,22.15017187907808,-0.15017187907807994,2500.0,-67.57734558513597,125.48079165153406,5557.903446066398,5557.903446066398,5648.925617851768
44460.0,12.35,22.0,0.0,22.243475353303943,22.11741258588084,22.1,22.133447919385386,-0.13344791938538592,2500.0,-60.05156372342366,125.30063696036378,5565.24907323694,5565.24907323694,5647.921104017042
44520.0,12.366666666666667,22.0,0.0,22.244519980492235,22.138664737247677,22.1,22.12229861292359,-0.1222986129235899,2500.0,-55.034375815615455,125.13553383291693,5570.101158017302,5570.101158017302,5645.935168411838
44580.0,12.383333333333333,22.0,0.0,22.2455376425717,22.02884609152666,22.0,22.08153240861573,-0.08153240861572897,2500.0,-36.689583877078036,125.02546508128569,5588.335881204208,5588.335881204208,5643.313139288239
44640.0,12.4,22.0,0.0,22.246520787315443,22.437019605607823,22.400000000000002,22.187688272410487,-0.1876882724104867,2500.0,-84.459722584719,124.77208591353154,5540.312363328812,5540.312363328812,5640.786432353267
44700.0,12.416666666666666,22.0,0.0,22.247470662141737,22.360660304551562,22.400000000000002,22.25845884827366,-0.2584588482736585,2500.0,-116.30648172314633,124.4231664683621,5508.116684745216,5508.116684745216,5638.835501669367
44760.0,12.433333333333334,22.0,0.0,22.248394276175343,22.48507832953758,22.5,22.33897256551577,-0.33897256551577115,2500.0,-152.53765448209703,123.9655535049158,5471.427899022819,5471.427899022819,5637.021362809414
44820.0,12.45,22.0,0.0,22.24929334970053,22.275392819429566,22.3,22.325981710343846,-0.3259817103438465,2500.0,-146.69176965473093,123.52547819595162,5476.833708541221,5476.833708541221,5635.806977138826
44880.0,12.466666666666667,22.0,0.0,22.250175153377093,21.99056442253792,22.0,22.21732114022923,-0.217321140229231,2500.0,-97.79451310315395,123.23209465664215,5525.437581553489,5525.437581553489,5634.240259590548
44940.0,12.483333333333333,22.0,0.0,22.251035511032047,22.175235207443084,22.200000000000003,22.21154742681949,-0.21154742681948946,2500.0,-95.19634206877026,122.94650563043584,5527.750163561666,5527.750163561666,5632.699772908829
45000.0,12.5,22.0,0.0,22.251874801773855,22.013571240699147,22.0,22.141031617879662,-0.141031617879662,2500.0,-63.464228045847904,122.7561129462983,5559.29188490045,5559.29188490045,5630.932790276753
45060.0,12.516666666666667,22.0,0.0,22.252690370851855,22.34204940384784,22.3,22.19402107858644,-0.19402107858644158,2500.0,-87.30948536389872,122.4941844902066,5535.184699126308,5535.184699126308,5628.774143536288
45120.0,12.533333333333333,22.0,0.0,22.253477589461735,22.493218775271387,22.5,22.296014052390962,-0.29601405239096223,2500.0,-133.206323575933,122.0945655194788,5488.888241943546,5488.888241943546,5625.866231695548
45180.0,12.55,22.0,0.0,22.254227551473697,22.317445629789614,22.3,22.297342701593976,-0.29734270159397624,2500.0,-133.8042157172893,121.69315287232695,5487.888937155038,5487.888937155038,5623.732540021521
45240.0,12.566666666666666,22.0,0.0,22.254949659299534,22.132445476527604,22.1,22.23156180106265,-0.23156180106265012,2500.0,-104.20281047819256,121.38054444089238,5517.1777339627,5517.1777339627,5621.36524652164
45300.0,12.583333333333334,22.0,0.0,22.255641193279896,22.17897576878321,22.200000000000003,22.221041200708434,-0.22104120070843436,2500.0,-99.46854031879546,121.08213881993598,5521.613598501141,5521.613598501141,5619.607215677586
45360.0,12.6,22.0,0.0,22.256309556288187,22.294399556821517,22.3,22.24736080047229,-0.2473608004722898,2500.0,-111.31236021253042,120.74820173929838,5509.435841526768,5509.435841526768,5618.508357190376
45420.0,12.616666666666667,22.0,0.0,22.256962727905606,21.96489124919551,22.0,22.164907200314858,-0.1649072003148575,2500.0,-74.20824014168588,120.52557701887334,5546.317336877188,5546.317336877188,5617.596977573136
45480.0,12.633333333333333,22.0,0.0,22.257603003452765,22.284523432104677,22.3,22.20993813354324,-0.20993813354323976,2500.0,-94.47216009445789,120.24216053858996,5525.770000444132,5525.770000444132,5617.0635639907505
45540.0,12.65,22.0,0.0,22.258234957210295,22.294934532715168,22.3,22.239958755695493,-0.2399587556954934,2500.0,-107.98144006297204,119.91821621840104,5511.936776155429,5511.936776155429,5615.777891551116
45600.0,12.666666666666666,22.0,0.0,22.25884958703728,22.14680101190684,22.1,22.19330583713033,-0.19330583713032823,2500.0,-86.9876267086477,119.65725333827511,5532.669626629628,5532.669626629628,5614.003214263061
45660.0,12.683333333333334,22.0,0.0,22.259441076847324,22.17263402343825,22.200000000000003,22.195537224753554,-0.19553722475355428,2500.0,-87.99175113909942,119.39327808485781,5531.401526945759,5531.401526945759,5611.664076448196
45720.0,12.7,22.0,0.0,22.26000272253416,22.290771651151154,22.3,22.230358149835702,-0.2303581498357019,2500.0,-103.66116742606586,119.08229458257962,5515.421127156514,5515.421127156514,5609.716398609173
45780.0,12.716666666666667,22.0,0.0,22.260539311149866,22.092881541698628,22.1,22.186905433223803,-0.18690543322380293,2500.0,-84.10744495071131,118.82997224772748,5534.722527297016,5534.722527297016,5607.783914964529
45840.0,12.733333333333333,22.0,0.0,22.261051100195992,22.092958541396666,22.1,22.157936955482537,-0.15793695548253694,2500.0,-71.07162996714163,118.61675735782606,5547.545127390685,5547.545127390685,5606.37137797867
45900.0,12.75,22.0,0.0,22.26154440343115,22.413538576312746,22.400000000000002,22.23862463698836,-0.23862463698835867,2500.0,-107.38108664476141,118.29461409789177,5510.913527453131,5510.913527453131,5605.557542341271
45960.0,12.766666666666667,22.0,0.0,22.26202646072895,22.302700604636595,22.3,22.25908309132557,-0.2590830913255715,2500.0,-116.58739109650718,117.94485192460225,5501.357460828095,5501.357460828095,5604.388460008069
46020.0,12.783333333333333,22.0,0.0,22.26249304286686,22.594225763029897,22.6,22.372722060883717,-0.3727220608837172,2500.0,-167.72492739767273,117.44167714240923,5449.716749744736,5449.716749744736,5602.990738631692
46080.0,12.8,22.0,0.0,22.26294145260184,22.061345852816142,22.1,22.281814707255812,-0.2818147072558119,2500.0,-126.81661826511537,117.06122728761389,5490.2446090224985,5490.2446090224985,5602.200896779102
46140.0,12.816666666666666,22.0,0.0,22.263379039005383,21.90318586927428,21.900000000000002,22.154543138170542,-0.154543138170542,2500.0,-69.54441217674389,116.85259405108366,5547.308181874339,5547.308181874339,5600.810941735731
46200.0,12.833333333333334,22.0,0.0,22.263798633189197,22.44755441002277,22.400000000000002,22.236362092113694,-0.2363620921136942,2500.0,-106.36294145116238,116.53350522673018,5510.170563775568,5510.170563775568,5600.286051128645
46260.0,12.85,22.0,0.0,22.26421066990317,22.451039553661428,22.5,22.32424139474246,-0.3242413947424616,2500.0,-145.90862763410772,116.09577934382784,5470.18715170972,5470.18715170972,5599.579674377608
46320.0,12.866666666666667,22.0,0.0,22.264612993985992,22.112176328772346,22.1,22.24949426316164,-0.24949426316164036,2500.0,-112.27241842273816,115.75896208855963,5503.486543665821,5503.486543665821,5599.00749769193
46380.0,12.883333333333333,22.0,0.0,22.26500724497634,21.966435842397036,22.0,22.166329508774425,-0.16632950877442454,2500.0,-74.84827894849104,115.53441725171416,5540.686138303223,5540.686138303223,5598.52572536402
46440.0,12.9,22.0,0.0,22.265394531945777,22.250956413706223,22.3,22.21088633918295,-0.21088633918294875,2500.0,-94.89885263232694,115.24972069381717,5520.35086806149,5520.35086806149,5598.355894628024
46500.0,12.916666666666666,22.0,0.0,22.265778619085477,21.910197541243527,21.900000000000002,22.1072575594553,-0.10725755945529869,2500.0,-48.26590175488441,115.10492298855252,5566.839021233669,5566.839021233669,5597.388502439703
46560.0,12.933333333333334,22.0,0.0,22.266149945257496,22.192357015925744,22.200000000000003,22.138171706303535,-0.1381717063035346,2500.0,-62.177267836590566,114.91839118504275,5552.741123348452,5552.741123348452,5595.900638811462
46620.0,12.95,22.0,0.0,22.26650230308746,21.824319863085105,21.8,22.025447804202358,-0.025447804202357815,2500.0,-11.451511891061017,114.88403664936955,5603.432524758308,5603.432524758308,5593.826093148318
46680.0,12.966666666666667,22.0,0.0,22.26682870929598,22.213239556582305,22.200000000000003,22.083631869468242,-0.08363186946824186,2500.0,-37.63434126070884,114.77113362558742,5577.136792364879,5577.136792364879,5591.876220071534
46740.0,12.983333333333333,22.0,0.0,22.267130737808948,21.836860683769753,21.8,21.989087912978828,0.010912087021171857,2500.0,4.910439159527336,114.785864943066,5619.696304102594,5619.696304102594,5590.7689094295665
46800.0,13.0,22.0,0.0,22.267418572508674,22.213650652221215,22.200000000000003,22.059391941985886,-0.059391941985886376,2500.0,-26.72637389364887,114.70568582138505,5587.9793119277365,5587.9793119277365,5589.718596998435
46860.0,13.016666666666667,22.0,0.0,22.26769293995513,22.564595192057265,22.6,22.23959462799059,-0.2395946279905914,2500.0,-107.81758259576613,114.38223307359776,5506.5646504778315,5506.5646504778315,5589.211485130135
46920.0,13.033333333333333,22.0,0.0,22.267960398956827,22.20782135380367,22.200000000000003,22.226396418660396,-0.2263964186603964,2500.0,-101.87838839717838,114.07659790840621,5512.198209511228,5512.198209511228,5588.311038696737
46980.0,13.05,22.0,0.0,22.268216250224317,22.415263966597305,22.400000000000002,22.28426427910693,-0.28426427910693164,2500.0,-127.91892559811924,113.69284113161186,5485.773915533493,5485.773915533493,5586.653992084184
47040.0,13.066666666666666,22.0,0.0,22.268451449378652,22.13303610042696,22.1,22.222842852737955,-0.2228428527379549,2500.0,-100.2792837320797,113.39200328041564,5513.112719548336,5513.112719548336,5585.007907835365
47100.0,13.083333333333334,22.0,0.0,22.26866618992454,22.082969582103257,22.1,22.18189523515864,-0.18189523515863826,2500.0,-81.85285582138721,113.14644471295148,5531.293588891564,5531.293588891564,5583.877404937487
47160.0,13.1,22.0,0.0,22.268866720214017,21.96185104540761,22.0,22.12126349010576,-0.1212634901057612,2500.0,-54.56857054759254,112.9827390013087,5558.414168453716,5558.414168453716,5582.839674830215
47220.0,13.116666666666667,22.0,0.0,22.269054196151338,22.469515888722054,22.5,22.24750899340384,-0.2475089934038408,2500.0,-111.37904703172836,112.64860186021352,5501.2695548284855,5501.2695548284855,5581.61627760849
47280.0,13.133333333333333,22.0,0.0,22.269226428894186,22.24983048277798,22.200000000000003,22.23167266226923,-0.23167266226922933,2500.0,-104.25269802115321,112.33584376615008,5508.083145744997,5508.083145744997,5581.027961929635
47340.0,13.15,22.0,0.0,22.26939108515066,22.58585473870644,22.6,22.354448441512822,-0.3544484415128224,2500.0,-159.5017986807701,111.85733837010775,5452.355539689338,5452.355539689338,5580.106995904877
47400.0,13.166666666666666,22.0,0.0,22.269544195846066,22.025580493805705,22.0,22.23629896100855,-0.23629896100855063,2500.0,-106.33453245384779,111.53833477274623,5505.203802318899,5505.203802318899,5578.97082557572
47460.0,13.183333333333334,22.0,0.0,22.269683213165436,22.21666473298494,22.200000000000003,22.224199307339035,-0.2241993073390347,2500.0,-100.88968830256562,111.23566570783852,5510.3459774052735,5510.3459774052735,5578.199138926618
47520.0,13.2,22.0,0.0,22.26981255319306,22.27704991080399,22.3,22.24946620489269,-0.24946620489269122,2500.0,-112.25979220171105,110.89888633123338,5498.639094129522,5498.639094129522,5577.4191787269365
47580.0,13.216666666666667,22.0,0.0,22.269932145678204,22.543566485398483,22.5,22.332977469928462,-0.332977469928462,2500.0,-149.8398614678079,110.44936674682995,5460.6095052790215,5460.6095052790215,5576.385877867429
47640.0,13.233333333333333,22.0,0.0,22.270038979775578,22.625425910027662,22.6,22.42198497995231,-0.42198497995230966,2500.0,-189.89324097853935,109.87968702389433,5419.986446045355,5419.986446045355,5575.6914886912555
47700.0,13.25,22.0,0.0,22.270137160700546,22.131218489190562,22.1,22.31465665330154,-0.31465665330154025,2500.0,-141.5954939856931,109.45490054193725,5467.859406556245,5467.859406556245,5575.222382669579
47760.0,13.266666666666667,22.0,0.0,22.27022941781048,22.034172635440562,22.0,22.209771102201024,-0.20977110220102446,2500.0,-94.39699599046101,109.17170955396585,5514.774713563505,5514.774713563505,5574.150568415972
47820.0,13.283333333333333,22.0,0.0,22.27030853637804,21.913539440738955,21.900000000000002,22.106514068134018,-0.1065140681340182,2500.0,-47.93133066030819,109.02791556198493,5561.096584901677,5561.096584901677,5572.937349956174
47880.0,13.3,22.0,0.0,22.27037285896838,22.52811749271328,22.5,22.237676045422678,-0.23767604542267762,2500.0,-106.95422044020492,108.70705290066431,5501.752832460459,5501.752832460459,5570.883673285984
47940.0,13.316666666666666,22.0,0.0,22.270412344470905,22.243213498293542,22.200000000000003,22.22511736361512,-0.22511736361511936,2500.0,-101.30281362680371,108.4031444597839,5507.10033083298,5507.10033083298,5569.539688881592
48000.0,13.333333333333334,22.0,0.0,22.27043558370407,22.13094020090333,22.1,22.183411575743413,-0.18341157574341338,2500.0,-82.53520908453602,108.1555388325303,5525.620329747994,5525.620329747994,5569.169163764805
48060.0,13.35,22.0,0.0,22.270454306918136,22.250166305590998,22.3,22.222274383828942,-0.2222743838289425,2500.0,-100.02347272302413,107.85546841436123,5507.8319956913365,5507.8319956913365,5568.185853764984
48120.0,13.366666666666667,22.0,0.0,22.270461174242563,21.74867947972072,21.700000000000003,22.04818292255263,-0.04818292255263046,2500.0,-21.682315148683706,107.79042146891517,5586.108106320232,5586.108106320232,5566.552542064063
48180.0,13.383333333333333,22.0,0.0,22.270448421224604,21.91512181608777,21.900000000000002,21.99878861503509,0.001211384964911133,2500.0,0.5451232342100099,107.79205683861781,5608.337180072828,5608.337180072828,5565.501442090759
48240.0,13.4,22.0,0.0,22.270423093266018,22.44718355064056,22.400000000000002,22.132525743356727,-0.13252574335672662,2500.0,-59.63658451052698,107.61314708508623,5547.976562574559,5547.976562574559,5565.0878536943
48300.0,13.416666666666666,22.0,0.0,22.270392878230552,22.339199389000946,22.3,22.18835049557115,-0.18835049557115013,2500.0,-84.75772300701756,107.35887391606516,5522.601150909048,5522.601150909048,5564.342237267087
48360.0,13.433333333333334,22.0,0.0,22.270353806443065,22.28996970506153,22.3,22.225566997047434,-0.22556699704743366,2500.0,-101.50514867134515,107.05435847005113,5505.549209798705,5505.549209798705,5564.383850333196
48420.0,13.45,22.0,0.0,22.270315351227733,22.059577969142865,22.1,22.183711331364957,-0.18371133136495743,2500.0,-82.67009911423085,106.80634817270844,5524.136249058478,5524.136249058478,5564.189804883451
48480.0,13.466666666666667,22.0,0.0,22.27027468283265,22.377343692607077,22.400000000000002,22.255807554243304,-0.2558075542433045,2500.0,-115.11339940948702,106.46100797447998,5491.347608564993,5491.347608564993,5564.843850214698
48540.0,13.483333333333333,22.0,0.0,22.27024198498673,22.615423050093526,22.6,22.370538369495538,-0.370538369495538,2500.0,-166.74226627299208,105.96078117566101,5439.218514902669,5439.218514902669,5565.048732583868
48600.0,13.5,22.0,0.0,22.270211843822775,22.01475819662895,22.0,22.247025579663692,-0.24702557966369199,2500.0,-111.1615108486614,105.62729664311503,5494.465785794454,5494.465785794454,5565.959525442513
48660.0,13.516666666666667,22.0,0.0,22.270192722596615,22.262560096873074,22.3,22.264683719775796,-0.2646837197757961,2500.0,-119.10767389910824,105.26997362141769,5486.16229972231,5486.16229972231,5566.326521883933
48720.0,13.533333333333333,22.0,0.0,22.270178062691432,22.172541317018702,22.200000000000003,22.243122479850534,-0.24312247985053403,2500.0,-109.40511593274032,104.94175827361947,5495.53664234088,5495.53664234088,5565.330490693832
48780.0,13.55,22.0,0.0,22.270151494391683,22.331673861349582,22.3,22.26208165323369,-0.2620816532336896,2500.0,-117.93674395516032,104.58794804175399,5486.651204086594,5486.651204086594,5564.444952674122
48840.0,13.566666666666666,22.0,0.0,22.270114379340598,22.26222933664163,22.3,22.274721102155794,-0.2747211021557945,2500.0,-123.62449597010752,104.21707455384367,5480.592578583736,5480.592578583736,5563.133768721778
48900.0,13.583333333333334,22.0,0.0,22.270061641427237,22.229937650396966,22.200000000000003,22.249814068103866,-0.2498140681038663,2500.0,-112.41633064673984,103.87982556190344,5491.463494915163,5491.463494915163,5562.3000845688875
48960.0,13.6,22.0,0.0,22.269999057517783,22.08283598816632,22.1,22.19987604540258,-0.1998760454025792,2500.0,-89.94422043116063,103.60999290060997,5513.665772469449,5513.665772469449,5561.783309640932
49020.0,13.616666666666667,22.0,0.0,22.26993046006092,22.2560134092235,22.3,22.233250696935052,-0.23325069693505185,2500.0,-104.96281362077333,103.29510445974763,5498.332290838975,5498.332290838975,5561.727157287812
49080.0,13.633333333333333,22.0,0.0,22.269861394568192,22.136203162677294,22.1,22.1888337979567,-0.18883379795670052,2500.0,-84.97520908051524,103.04017883250609,5518.064969751991,5518.064969751991,5560.719530580156
49140.0,13.65,22.0,0.0,22.26978044475145,22.229701128931165,22.200000000000003,22.19255586530447,-0.19255586530447033,2500.0,-86.65013938701165,102.78022841434505,5516.130089027334,5516.130089027334,5559.84225749957
49200.0,13.666666666666666,22.0,0.0,22.26968921050719,22.246186455038746,22.200000000000003,22.195037243536316,-0.19503724353631569,2500.0,-87.76675959134207,102.51692813557102,5514.750168544229,5514.750168544229,5558.050812202733
49260.0,13.683333333333334,22.0,0.0,22.269576752622104,22.38963585655239,22.400000000000002,22.263358162357545,-0.2633581623575445,2500.0,-118.51117306089503,102.16139461638834,5483.650221555493,5483.650221555493,5557.17002870467
49320.0,13.7,22.0,0.0,22.269454062708693,22.142190596396848,22.1,22.208905441571698,-0.208905441571698,2500.0,-94.0074487072641,101.87937227026654,5507.871923563002,5507.871923563002,5556.3896278496795
49380.0,13.716666666666667,22.0,0.0,22.269322376054763,22.19383833536729,22.200000000000003,22.2059369610478,-0.2059369610478008,2500.0,-92.67163247151035,101.60135737285201,5508.929724901342,5508.929724901342,5555.427118954343
49440.0,13.733333333333333,22.0,0.0,22.269179534354052,22.472772914708273,22.5,22.303957974031867,-0.3039579740318672,2500.0,-136.78108831434025,101.19101410790898,5464.409925793569,5464.409925793569,5553.846825393088
49500.0,13.75,22.0,0.0,22.269018157655708,22.21455271853177,22.200000000000003,22.269305316021246,-0.26930531602124574,2500.0,-121.18739220956058,100.82745193128031,5479.64005972172,5479.64005972172,5551.615819070626
49560.0,13.766666666666667,22.0,0.0,22.26883049301159,22.205637648911154,22.200000000000003,22.246203544014165,-0.24620354401416478,2500.0,-110.79159480637415,100.49507714686119,5489.703482340487,5489.703482340487,5550.219878862053
49620.0,13.783333333333333,22.0,0.0,22.2686266400789,22.43068066956043,22.400000000000002,22.29746902934278,-0.2974690293427784,2500.0,-133.86106320425029,100.09349395724843,5466.232430752998,5466.232430752998,5549.629126107076
49680.0,13.8,22.0,0.0,22.26841630967195,22.312121546653604,22.3,22.29831268622852,-0.29831268622852036,2500.0,-134.24070880283415,99.69077183083992,5465.450063028006,5465.450063028006,5549.82025042032
49740.0,13.816666666666666,22.0,0.0,22.268208903747976,22.275657428524163,22.3,22.298875124152346,-0.29887512415234596,2500.0,-134.49380586855568,99.28729041323426,5464.793484544679,5464.793484544679,5549.019126787655
49800.0,13.833333333333334,22.0,0.0,22.267992506558183,22.301231603591685,22.3,22.299250082768232,-0.29925008276823206,2500.0,-134.6625372457044,98.88330280149715,5464.220765555792,5464.220765555792,5548.32048018841
49860.0,13.85,22.0,0.0,22.26776837480077,22.00916431362622,22.0,22.199500055178824,-0.19950005517882374,2500.0,-89.77502483047068,98.61397772700573,5508.8389528965345,5508.8389528965345,5547.942144347737
49920.0,13.866666666666667,22.0,0.0,22.26754037540854,22.34918110520666,22.3,22.23300003678588,-0.23300003678588155,2500.0,-104.8500165536467,98.2994276773448,5493.449411123698,5493.449411123698,5547.27364187013
49980.0,13.883333333333333,22.0,0.0,22.267305037984755,22.522064631425476,22.5,22.32200002452392,-0.32200002452391985,2500.0,-144.90001103576392,97.8647276442375,5452.964716608473,5452.964716608473,5547.920882944298
50040.0,13.9,22.0,0.0,22.267078173466132,22.37306146234779,22.400000000000002,22.348000016349282,-0.3480000163492818,2500.0,-156.60000735717682,97.394927622166,5440.794920264989,5440.794920264989,5548.927821229773
50100.0,13.916666666666666,22.0,0.0,22.26686407280049,21.94562866063543,21.900000000000002,22.198666677566187,-0.1986666775661874,2500.0,-89.40000490478432,97.12672760745163,5507.726722702667,5507.726722702667,5548.911966918853
50160.0,13.933333333333334,22.0,0.0,22.266650424185116,22.313702483717183,22.3,22.23244445171079,-0.23244445171079064,2500.0,-104.60000326985579,96.81292759764206,5492.212924327786,5492.212924327786,5548.473453318689
50220.0,13.95,22.0,0.0,22.266432154352383,22.07588717066726,22.1,22.18829630114053,-0.18829630114052875,2500.0,-84.73333551323793,96.55872759110235,5511.825392077864,5511.825392077864,5547.758049260023
50280.0,13.966666666666667,22.0,0.0,22.266205954480448,22.211538029407993,22.200000000000003,22.192197534093687,-0.19219753409368678,2500.0,-86.48889034215905,96.29926092007588,5509.810370577917,5509.810370577917,5547.364352589997
50340.0,13.983333333333333,22.0,0.0,22.265975708848085,22.282757652866295,22.3,22.22813168939579,-0.22813168939579143,2500.0,-102.65926022810615,95.99128313939157,5493.332022911285,5493.332022911285,5546.43074018958
50400.0,14.0,22.0,0.0,22.265734950603814,22.018328846059898,22.0,22.15208779293053,-0.15208779293052999,2500.0,-68.4395068187385,95.78596461893537,5527.346457800197,5527.346457800197,5544.6438697681315
50460.0,14.016666666666667,22.0,0.0,22.26547347218922,22.52389456022282,22.5,22.268058528620355,-0.2680585286203545,2500.0,-120.62633787915954,95.42408560529789,5474.797747726138,5474.797747726138,5543.80756836857
50520.0,14.033333333333333,22.0,0.0,22.265202742593075,22.242870410865677,22.200000000000003,22.245372352413572,-0.2453723524135718,2500.0,-110.4175585861073,95.09283292953957,5484.675274343432,5484.675274343432,5542.846813891132
50580.0,14.05,22.0,0.0,22.26492129613199,22.415002574120106,22.400000000000002,22.29691490160905,-0.29691490160904976,2500.0,-133.6117057240724,94.69199781236736,5461.080292088294,5461.080292088294,5542.058311031961
50640.0,14.066666666666666,22.0,0.0,22.26463123197598,22.383327203704148,22.400000000000002,22.3312766010727,-0.33127660107270174,2500.0,-149.07447048271578,94.24477440091921,5445.170303918204,5445.170303918204,5541.134859249539
50700.0,14.083333333333334,22.0,0.0,22.264330956591046,22.525002290852882,22.5,22.38751773404847,-0.387517734048469,2500.0,-174.38298032181106,93.72162545995377,5419.338645138142,5419.338645138142,5540.125821238442
50760.0,14.1,22.0,0.0,22.264019473576134,22.494373148432157,22.5,22.42501182269898,-0.4250118226989805,2500.0,-191.25532021454123,93.14785949931014,5401.89253928477,5401.89253928477,5539.314782466387
50820.0,14.116666666666667,22.0,0.0,22.263699192545,21.96106715448803,22.0,22.28334121513265,-0.2833412151326513,2500.0,-127.50354680969309,92.76534885888107,5465.261802049188,5465.261802049188,5538.887298966439
50880.0,14.133333333333333,22.0,0.0,22.263374742554962,22.264336923147862,22.3,22.288894143421768,-0.2888941434217678,2500.0,-130.0023645397955,92.37534176526168,5462.372977225466,5462.372977225466,5538.211382164314
50940.0,14.15,22.0,0.0,22.26304315491327,21.828562051584786,21.8,22.125929428947845,-0.12592942894784542,2500.0,-56.66824302653044,92.20533703618209,5535.537094009652,5535.537094009652,5537.875608624109
51000.0,14.166666666666666,22.0,0.0,22.26270853275202,22.165953136422377,22.200000000000003,22.150619619298567,-0.15061961929856693,2500.0,-67.77882868435512,92.00200055012903,5524.223171865774,5524.223171865774,5537.513183297497
51060.0,14.183333333333334,22.0,0.0,22.262370565353333,22.398055102572098,22.400000000000002,22.233746412865713,-0.23374641286571318,2500.0,-105.18588578957093,91.68644289276031,5486.500557103189,5486.500557103189,5537.133799718275
51120.0,14.2,22.0,0.0,22.26202905925389,22.43768838981401,22.400000000000002,22.28916427524381,-0.2891642752438095,2500.0,-130.12392385971427,91.29607112118117,5461.172147261466,5461.172147261466,5536.2424067488955
51180.0,14.216666666666667,22.0,0.0,22.261677880957116,22.512443072600007,22.5,22.35944285016254,-0.35944285016254085,2500.0,-161.74928257314338,90.81082327346174,5429.061540700319,5429.061540700319,5535.769565362464
51240.0,14.233333333333333,22.0,0.0,22.261322082098594,22.178966552168657,22.200000000000003,22.306295233441695,-0.30629523344169485,2500.0,-137.83285504876267,90.39732470831545,5452.564469659554,5452.564469659554,5535.322234688112
51300.0,14.25,22.0,0.0,22.260961982668555,22.318154798892127,22.3,22.304196822294465,-0.30419682229446465,2500.0,-136.8885700325091,89.98665899821792,5453.0980889657085,5453.0980889657085,5534.140362873203
51360.0,14.266666666666667,22.0,0.0,22.26058878107503,22.27332350724142,22.3,22.302797881529642,-0.30279788152964215,2500.0,-136.25904668833897,89.5778818581529,5453.318835169814,5453.318835169814,5533.232024487345
51420.0,14.283333333333333,22.0,0.0,22.260205799025652,22.506943161380843,22.5,22.368531921019763,-0.3685319210197626,2500.0,-165.8393644588932,89.08036376477622,5423.240999305883,5423.240999305883,5532.506548784898
51480.0,14.3,22.0,0.0,22.259815260213994,22.57087525835143,22.6,22.44568794734651,-0.44568794734651007,2500.0,-200.55957630592954,88.47868503585843,5387.91910872993,5387.91910872993,5531.401980151033
51540.0,14.316666666666666,22.0,0.0,22.259412638195165,22.18110597845925,22.200000000000003,22.363791964897676,-0.3637919648976755,2500.0,-163.70638420395397,87.98756588324656,5424.281181679292,5424.281181679292,5530.302781532316
51600.0,14.333333333333334,22.0,0.0,22.25899803365897,23.00932502711224,23.0,22.575861309931785,-0.5758613099317849,2500.0,-259.1375894693032,87.21015311483865,5328.072563645535,5328.072563645535,5529.210959915855
51660.0,14.35,22.0,0.0,22.25857157107698,22.251363424241106,22.3,22.483907539954522,-0.4839075399545223,2500.0,-217.75839297953502,86.55687793590005,5368.798484956365,5368.798484956365,5528.127790009854
51720.0,14.366666666666667,22.0,0.0,22.25813338984387,22.17835570318501,22.200000000000003,22.389271693303016,-0.3892716933030158,2500.0,-175.1722619863571,86.03136114994098,5410.859099163585,5410.859099163585,5527.806309391299
51780.0,14.383333333333333,22.0,0.0,22.257692665387033,22.371260672736476,22.400000000000002,22.392847795535346,-0.39284779553534577,2500.0,-176.7815079909056,85.50101662596826,5408.719508635062,5408.719508635062,5527.2336944201725
51840.0,14.4,22.0,0.0,22.257246391723914,22.40268486873548,22.400000000000002,22.39523186369023,-0.3952318636902312,2500.0,-177.85433866060404,84.96745360998645,5407.113114949382,5407.113114949382,5525.995878123311
51900.0,14.416666666666666,22.0,0.0,22.256786603086223,22.359909454038654,22.400000000000002,22.396821242460156,-0.39682124246015604,2500.0,-178.56955910707023,84.43174493266524,5405.862185825596,5405.862185825596,5524.575862159006
51960.0,14.433333333333334,22.0,0.0,22.25631115362287,22.1203758269207,22.1,22.29788082830677,-0.29788082830677,2500.0,-134.0463727380465,84.0296058144511,5449.983233076405,5449.983233076405,5524.2950431680665
52020.0,14.45,22.0,0.0,22.25583376068002,22.5445939549835,22.5,22.365253885537847,-0.36525388553784666,2500.0,-164.36424849203098,83.536513068975,5419.172264576944,5419.172264576944,5523.760341187395
52080.0,14.466666666666667,22.0,0.0,22.25535138349223,22.26051615627119,22.3,22.343502590358565,-0.3435025903585647,2500.0,-154.5761656613541,83.07278457199094,5428.496618910637,5428.496618910637,5523.561425368903
52140.0,14.483333333333333,22.0,0.0,22.25486806644618,22.55696209978259,22.6,22.42900172690571,-0.42900172690571026,2500.0,-193.05077710756962,82.49363224066823,5389.442855133098,5389.442855133098,5523.332241122386
52200.0,14.5,22.0,0.0,22.25438344914031,22.527695821443135,22.5,22.45266781793714,-0.45266781793714017,2500.0,-203.70051807171308,81.8825306864531,5378.1820126147395,5378.1820126147395,5522.832237485534
52260.0,14.516666666666667,22.0,0.0,22.253894285642716,21.994123239775945,22.0,22.301778545291427,-0.3017785452914268,2500.0,-135.80034538114205,81.47512965030967,5445.674784269168,5445.674784269168,5522.907474490778
52320.0,14.533333333333333,22.0,0.0,22.253407492479678,22.05254486709351,22.1,22.234519030194285,-0.234519030194285,2500.0,-105.53356358742825,81.15852895954738,5475.62496537212,5475.62496537212,5522.105645711368
52380.0,14.55,22.0,0.0,22.252912537750774,22.04806591018869,22.0,22.156346020129526,-0.1563460201295257,2500.0,-70.35570905828656,80.94746183237251,5510.591752774087,5510.591752774087,5521.481806188569
52440.0,14.566666666666666,22.0,0.0,22.252411581811785,22.297827093930053,22.3,22.20423068008635,-0.2042306800863507,2500.0,-91.90380603885782,80.67175041425594,5488.767944375399,5488.767944375399,5520.475114286898
52500.0,14.583333333333334,22.0,0.0,22.251900048437793,22.258322872937953,22.3,22.236153786724234,-0.23615378672423404,2500.0,-106.26920402590531,80.35294280217823,5474.083738776273,5474.083738776273,5519.220034114087
52560.0,14.6,22.0,0.0,22.251374988701848,22.300890036608646,22.3,22.257435857816155,-0.2574358578161551,2500.0,-115.84613601726979,80.00540439412643,5464.159268376857,5464.159268376857,5517.555344297822
52620.0,14.616666666666667,22.0,0.0,22.250831527867316,22.08428936599075,22.1,22.204957238544104,-0.20495723854410386,2500.0,-92.23075734484674,79.72871212209189,5487.497954777245,5487.497954777245,5515.627630880937
52680.0,14.633333333333333,22.0,0.0,22.250266564854286,22.331696038037368,22.3,22.236638159029404,-0.236638159029404,2500.0,-106.4871715632318,79.4092506074022,5472.9220790441705,5472.9220790441705,5514.788200400409
52740.0,14.65,22.0,0.0,22.249693223564528,22.52671414551818,22.5,22.324425439352936,-0.324425439352936,2500.0,-145.9914477088212,78.97127626427573,5432.979828555454,5432.979828555454,5513.914613347493
52800.0,14.666666666666666,22.0,0.0,22.249111119254003,21.978392176324856,22.0,22.21628362623529,-0.2162836262352883,2500.0,-97.32763180587973,78.6792933688581,5481.351661562979,5481.351661562979,5514.274988025196
52860.0,14.683333333333334,22.0,0.0,22.248535085752543,22.20577603702303,22.200000000000003,22.210855750823526,-0.21085575082352648,2500.0,-94.88508787058691,78.39463810524633,5483.509550234659,5483.509550234659,5514.440791089205
52920.0,14.7,22.0,0.0,22.247962769988355,22.294163920889005,22.3,22.24057050054902,-0.24057050054901907,2500.0,-108.25672524705858,78.06986792950515,5469.813142682447,5469.813142682447,5513.975120522771
52980.0,14.716666666666667,22.0,0.0,22.247386583124662,22.21797646740859,22.200000000000003,22.227047000366014,-0.22704700036601366,2500.0,-102.17115016470615,77.76335447901103,5475.5922043143055,5475.5922043143055,5513.095070968417
53040.0,14.733333333333333,22.0,0.0,22.24680156422691,22.203976075275133,22.200000000000003,22.218031333577343,-0.2180313335773434,2500.0,-98.11410010980453,77.46901217868161,5479.354912068877,5479.354912068877,5511.694512130615
53100.0,14.75,22.0,0.0,22.2462014936798,22.59665429058885,22.6,22.3453542223849,-0.34535422238489843,2500.0,-155.4094000732043,77.002783978462,5421.593383905258,5421.593383905258,5510.709011422764
53160.0,14.766666666666667,22.0,0.0,22.245591397335833,22.499004898292792,22.5,22.396902814923266,-0.3969028149232656,2500.0,-178.60626671546953,76.46696517831559,5397.860698462846,5397.860698462846,5509.748829381813
53220.0,14.783333333333333,22.0,0.0,22.244971609096407,22.411650597761636,22.400000000000002,22.397935209948844,-0.39793520994884446,2500.0,-179.07084447698,75.92975264488464,5396.858908167905,5396.858908167905,5508.80832947828
53280.0,14.8,22.0,0.0,22.24434239422286,22.088902481544565,22.1,22.29862347329923,-0.2986234732992301,2500.0,-134.38056298465355,75.52661095593069,5441.146047971277,5441.146047971277,5507.38220730874
53340.0,14.816666666666666,22.0,0.0,22.243697953527896,22.688819297522265,22.700000000000003,22.432415648866154,-0.43241564886615436,2500.0,-194.58704198976946,74.94284982996138,5380.355807840192,5380.355807840192,5505.39115566576
53400.0,14.833333333333334,22.0,0.0,22.2430315535353,22.31221208607978,22.3,22.388277099244103,-0.38827709924410314,2500.0,-174.72469465984642,74.41867574598184,5399.693981086136,5399.693981086136,5504.039322765986
53460.0,14.85,22.0,0.0,22.242350930747886,22.123755742179753,22.1,22.2921847328294,-0.2921847328294014,2500.0,-131.48312977323062,74.02422635666215,5442.541096583432,5442.541096583432,5501.106543447312
53520.0,14.866666666666667,22.0,0.0,22.24163715647701,22.171161700183244,22.200000000000003,22.261456488552938,-0.26145648855293757,2500.0,-117.65541984882191,73.67126009711568,5456.015840248294,5456.015840248294,5498.90140913913
53580.0,14.883333333333333,22.0,0.0,22.24089906191725,22.14003333808571,22.1,22.207637659035292,-0.2076376590352922,2500.0,-93.43694656588148,73.39094925741804,5479.954002691537,5479.954002691537,5497.434037306204
53640.0,14.9,22.0,0.0,22.240145573179174,22.66145290197144,22.700000000000003,22.37175843935686,-0.37175843935686004,2500.0,-167.291297710587,72.88907536428628,5405.597777653699,5405.597777653699,5495.955461828352
53700.0,14.916666666666666,22.0,0.0,22.239376602001578,22.277613997136925,22.3,22.34783895957124,-0.34783895957124145,2500.0,-156.52753180705866,72.41949276886511,5415.891960961806,5415.891960961806,5494.474756047036
53760.0,14.933333333333334,22.0,0.0,22.238592169268138,22.248456105856686,22.200000000000003,22.29855930638083,-0.29855930638083095,2500.0,-134.35168787137394,72.016437705251,5437.664749833877,5437.664749833877,5492.997879876679
53820.0,14.95,22.0,0.0,22.237792367318853,21.804469935455202,21.8,22.132372870920555,-0.13237287092055539,2500.0,-59.56779191424992,71.83773432950824,5512.269942415258,5512.269942415258,5492.280969096674
53880.0,14.966666666666667,22.0,0.0,22.236986361846057,22.38174841230151,22.400000000000002,22.221581913947038,-0.22158191394703763,2500.0,-99.71186127616693,71.53859874567975,5471.826737469512,5471.826737469512,5491.062490688012
53940.0,14.983333333333333,22.0,0.0,22.236168152648776,22.02186896123174,22.0,22.14772127596469,-0.14772127596469176,2500.0,-66.47457418411129,71.33917502312741,5504.864600839016,5504.864600839016,5490.019726158389
54000.0,15.0,22.0,0.0,22.235339884904732,22.006748558155454,22.0,22.098480850643128,-0.09848085064312784,2500.0,-44.31638278940753,71.20622587475918,5526.8898430853515,5526.8898430853515,5488.343444974634
54060.0,15.016666666666667,22.0,0.0,22.234493986589715,22.354405526182518,22.400000000000002,22.198987233762086,-0.19898723376208594,2500.0,-89.54425519293866,70.93759310918037,5481.393337916241,5481.393337916241,5486.507421101969
54120.0,15.033333333333333,22.0,0.0,22.23362859368317,22.05834689024588,22.1,22.165991489174726,-0.16599148917472561,2500.0,-74.69617012862653,70.7135045987945,5496.017334470168,5496.017334470168,5485.8268771547555
54180.0,15.05,22.0,0.0,22.23275763042798,22.397324620529165,22.400000000000002,22.243994326116486,-0.24399432611648564,2500.0,-109.79744675241854,70.38411225853724,5460.586665506119,5460.586665506119,5485.656845291712
54240.0,15.066666666666666,22.0,0.0,22.231887239680194,22.453665857269893,22.5,22.329329550744323,-0.3293295507443226,2500.0,-148.19829783494515,69.93951736503242,5421.741219530088,5421.741219530088,5486.072427083085
54300.0,15.083333333333334,22.0,0.0,22.23102444708615,21.870545462987973,21.900000000000002,22.186219700496217,-0.18621970049621694,2500.0,-83.79886522329762,69.68812076936251,5485.889255546064,5485.889255546064,5486.1173523712905
54360.0,15.1,22.0,0.0,22.230164781973347,22.200342774999687,22.200000000000003,22.190813133664147,-0.19081313366414676,2500.0,-85.86591014886605,69.43052303891591,5483.56461289005,5483.56461289005,5485.916792144707
54420.0,15.116666666666667,22.0,0.0,22.229305289133162,21.91194169535093,21.900000000000002,22.093875422442764,-0.09387542244276403,2500.0,-42.243940099243815,69.30379121861819,5527.059851119375,5527.059851119375,5485.554166748576
54480.0,15.133333333333333,22.0,0.0,22.228444023266746,22.213457226703795,22.200000000000003,22.12925028162851,-0.1292502816285115,2500.0,-58.16262673283017,69.12930333841969,5510.96667660559,5510.96667660559,5485.58656321572
54540.0,15.15,22.0,0.0,22.227585729955535,22.40742532565678,22.400000000000002,22.21950018775234,-0.2195001877523417,2500.0,-98.77508448855377,68.83297808495402,5470.0578935964,5470.0578935964,5485.375488479528
54600.0,15.166666666666666,22.0,0.0,22.226727478627424,21.95136200544638,22.0,22.14633345850156,-0.14633345850155877,2500.0,-65.85005632570144,68.63542791597692,5502.785371590276,5502.785371590276,5484.502227480793
54660.0,15.183333333333334,22.0,0.0,22.22586132292131,22.583693285069092,22.6,22.29755563900104,-0.29755563900103965,2500.0,-133.90003755046786,68.23372780332552,5434.333690252858,5434.333690252858,5484.44971804883
54720.0,15.2,22.0,0.0,22.224997135569133,22.16006890779326,22.200000000000003,22.265037092667363,-0.2650370926673631,2500.0,-119.26669170031339,67.87592772822458,5448.609236027911,5448.609236027911,5484.43404858526
54780.0,15.216666666666667,22.0,0.0,22.22413535274545,21.98462179273752,22.0,22.176691395111575,-0.1766913951115754,2500.0,-79.51112780020893,67.63739434482396,5488.126266544616,5488.126266544616,5484.190366820213
54840.0,15.233333333333333,22.0,0.0,22.223273231089056,22.195409760692886,22.200000000000003,22.184460930074387,-0.1844609300743869,2500.0,-83.00741853347411,67.38837208922354,5484.380953555749,5484.380953555749,5484.047064111781
54900.0,15.25,22.0,0.0,22.22241197616513,22.377766921710112,22.400000000000002,22.256307286716257,-0.25630728671625747,2500.0,-115.33827902231586,67.04235725215658,5451.704078229841,5451.704078229841,5483.968861577732
54960.0,15.266666666666667,22.0,0.0,22.22155236657557,21.942965707369975,21.900000000000002,22.137538191144174,-0.13753819114417354,2500.0,-61.89218601487809,66.85668069411194,5504.964494679233,5504.964494679233,5482.929270283191
55020.0,15.283333333333333,22.0,0.0,22.22068286071924,22.217829668489582,22.200000000000003,22.158358794096117,-0.15835879409611664,2500.0,-71.26145734325249,66.64289632208218,5495.3814389788295,5495.3814389788295,5481.511460752852
55080.0,15.3,22.0,0.0,22.219798949666117,21.94183645041156,21.900000000000002,22.07223919606408,-0.07223919606407847,2500.0,-32.50763822883531,66.54537340739569,5534.03773517856,5534.03773517856,5480.100584876436
55140.0,15.316666666666666,22.0,0.0,22.218900759835638,22.45640999414054,22.5,22.214826130709387,-0.21482613070938683,2500.0,-96.67175881922407,66.255358130938,5469.583599311713,5469.583599311713,5479.451342594683
55200.0,15.333333333333334,22.0,0.0,22.217997473667268,22.245572052233797,22.200000000000003,22.209884087139592,-0.20988408713959217,2500.0,-94.44783921281648,65.97201461329956,5471.524175400483,5471.524175400483,5477.799750348775
55260.0,15.35,22.0,0.0,22.21707707825045,22.12854010738777,22.1,22.173256058093063,-0.1732560580930631,2500.0,-77.96522614187839,65.73811893487392,5487.772892792996,5487.772892792996,5476.497987527731
55320.0,15.366666666666667,22.0,0.0,22.216143822866034,22.41964111774225,22.400000000000002,22.24883737206204,-0.2488373720620416,2500.0,-111.97681742791872,65.40218848259016,5453.425371054671,5453.425371054671,5475.932039345326
55380.0,15.383333333333333,22.0,0.0,22.21520657586958,21.953884323950014,22.0,22.165891581374694,-0.1658915813746944,2500.0,-74.65121161861248,65.17823484773433,5490.527023229122,5490.527023229122,5475.600102693709
55440.0,15.4,22.0,0.0,22.214268157374295,22.131930798653148,22.1,22.143927720916462,-0.14392772091646222,2500.0,-64.767474412408,64.9839324244971,5500.216458012089,5500.216458012089,5475.672667693673
55500.0,15.416666666666666,22.0,0.0,22.213333424914495,22.578837138316118,22.6,22.29595181394431,-0.2959518139443098,2500.0,-133.17831627493942,64.58439747567228,5431.406081200733,5431.406081200733,5474.504752859673
55560.0,15.433333333333334,22.0,0.0,22.212387481674067,22.183774205581255,22.200000000000003,22.263967875962877,-0.2639678759628765,2500.0,-118.78554418329443,64.2280408431224,5445.442496659828,5445.442496659828,5473.527872994709
55620.0,15.45,22.0,0.0,22.211432653704982,22.478944839876466,22.5,22.34264525064192,-0.34264525064191886,2500.0,-154.1903627888635,63.76546975475581,5409.575106965893,5409.575106965893,5472.930154275361
55680.0,15.466666666666667,22.0,0.0,22.210473517595172,22.245620707659466,22.200000000000003,22.29509683376128,-0.2950968337612814,2500.0,-132.7935751925766,63.36708902917808,5430.573513836601,5430.573513836601,5473.585817411026
55740.0,15.483333333333333,22.0,0.0,22.209525126851318,22.065600134514373,22.1,22.230064555840855,-0.23006455584085472,2500.0,-103.52905012838463,63.05650187879293,5459.5274517504085,5459.5274517504085,5473.556499412001
55800.0,15.5,22.0,0.0,22.20857922946371,22.155334955240892,22.200000000000003,22.22004303722724,-0.2200430372272386,2500.0,-99.01936675225738,62.75944377853615,5463.740077026279,5463.740077026279,5474.078301102451
55860.0,15.516666666666667,22.0,0.0,22.207642431388546,22.219029239701825,22.200000000000003,22.21336202481816,-0.21336202481816002,2500.0,-96.01291116817201,62.47140504503163,5466.45849387686,5466.45849387686,5474.958493468833
55920.0,15.533333333333333,22.0,0.0,22.206719006016005,22.120716262887424,22.1,22.17557468321211,-0.17557468321210834,2500.0,-79.00860744544875,62.23437922269529,5483.225771777247,5483.225771777247,5475.06574087629
55980.0,15.55,22.0,0.0,22.20579963788847,22.036859291936423,22.0,22.117049788808075,-0.1170497888080746,2500.0,-52.67240496363357,62.07636200780439,5509.403957044171,5509.403957044171,5475.414934102854
56040.0,15.566666666666666,22.0,0.0,22.20488721818404,22.04440888256461,22.0,22.07803319253872,-0.07803319253871877,2500.0,-35.114936642423444,61.97101719787712,5526.856080555453,5526.856080555453,5475.167796292909
56100.0,15.583333333333334,22.0,0.0,22.203974570085002,21.903080982732263,21.900000000000002,22.018688795025813,-0.01868879502581322,2500.0,-8.40995776161595,61.945787324592274,5553.535829562976,5553.535829562976,5474.277353346862
56160.0,15.6,22.0,0.0,22.20305397461491,22.22087462860268,22.200000000000003,22.079125863350544,-0.07912586335054428,2500.0,-35.606638507744925,61.838967409069035,5526.232328901325,5526.232328901325,5474.470885050182
56220.0,15.616666666666667,22.0,0.0,22.202138463311666,22.276554632292633,22.3,22.15275057556703,-0.15275057556702976,2500.0,-68.73775900516338,61.63275413205355,5492.89499512689,5492.89499512689,5474.622447180846
56280.0,15.633333333333333,22.0,0.0,22.2012275172879,22.346687497697644,22.3,22.201833717044686,-0.20183371704468556,2500.0,-90.8251726701085,61.36027861404322,5470.535105943935,5470.535105943935,5475.4964039131555
56340.0,15.65,22.0,0.0,22.200329791582995,21.834812542436808,21.8,22.06788914469646,-0.06788914469645846,2500.0,-30.550115113406306,61.268628268703,5530.718513155296,5530.718513155296,5476.087575124696
56400.0,15.666666666666666,22.0,0.0,22.199441853109743,22.356215397415628,22.400000000000002,22.178592763130972,-0.17859276313097183,2500.0,-80.36674340893732,61.027528038476184,5480.660784629538,5480.660784629538,5475.987080432557
56460.0,15.683333333333334,22.0,0.0,22.198555372515603,22.190734157963902,22.200000000000003,22.185728508753982,-0.18572850875398217,2500.0,-83.57782893929198,60.776794551658305,5477.198965612366,5477.198965612366,5476.433718618519
56520.0,15.7,22.0,0.0,22.197676911021478,21.90755372064803,21.900000000000002,22.090485672502655,-0.09048567250265549,2500.0,-40.71855262619497,60.654638893779726,5519.936086267585,5519.936086267585,5475.732051479092
56580.0,15.716666666666667,22.0,0.0,22.196792664906162,22.211959687395783,22.200000000000003,22.126990448335107,-0.12699044833510698,2500.0,-57.14570175079814,60.48320178852734,5503.337500037729,5503.337500037729,5475.280004554906
56640.0,15.733333333333333,22.0,0.0,22.195905646966104,22.35442460919872,22.400000000000002,22.217993632223404,-0.21799363222340418,2500.0,-98.09713450053188,60.188910385025736,5462.0917758844935,5462.0917758844935,5475.494108921401
56700.0,15.75,22.0,0.0,22.195023859332263,22.295108005568764,22.3,22.245329088148935,-0.24532908814893517,2500.0,-110.39808966702083,59.85771611602467,5449.459626449004,5449.459626449004,5475.64222299864
56760.0,15.766666666666667,22.0,0.0,22.19414649443025,22.33481194195672,22.3,22.263552725432625,-0.26355272543262487,2500.0,-118.59872644468119,59.501919936690626,5440.903193492009,5440.903193492009,5475.24325391916
56820.0,15.783333333333333,22.0,0.0,22.19326697399399,22.377933861015297,22.400000000000002,22.309035150288416,-0.3090351502884161,2500.0,-139.06581762978726,59.08472248380127,5420.018904854014,5420.018904854014,5475.7386079318285
56880.0,15.8,22.0,0.0,22.19239603636719,22.36718748733918,22.400000000000002,22.339356766858945,-0.3393567668589448,2500.0,-152.71054508652514,58.626590848541696,5405.916045762016,5405.916045762016,5476.065988449279
56940.0,15.816666666666666,22.0,0.0,22.19153164011948,22.180041630349663,22.200000000000003,22.2929045112393,-0.29290451123929984,2500.0,-131.80703005768493,58.231169758368644,5426.424139700684,5426.424139700684,5477.0321842281
57000.0,15.833333333333334,22.0,0.0,22.190681431409857,21.76983530971095,21.8,22.128603007492867,-0.1286030074928668,2500.0,-57.87135337179006,58.05755569825327,5500.186202326463,5500.186202326463,5476.90804114616
57060.0,15.85,22.0,0.0,22.18983228360938,22.03358596912475,22.0,22.085735338328575,-0.0857353383285755,2500.0,-38.58090224785897,57.94181299150969,5519.3609107436505,5519.3609107436505,5476.818310050398
57120.0,15.866666666666667,22.0,0.0,22.188984606479156,22.255903834155543,22.3,22.15715689221905,-0.15715689221904938,2500.0,-70.72060149857222,57.72965118701398,5487.009049688441,5487.009049688441,5477.000886429441
57180.0,15.883333333333333,22.0,0.0,22.18814166329687,22.08996709902198,22.1,22.1381045948127,-0.13810459481269888,2500.0,-62.147067665714495,57.54320998401683,5495.396142318303,5495.396142318303,5476.607961173195
57240.0,15.9,22.0,0.0,22.18729653384106,22.32017297550285,22.3,22.192069729875133,-0.19206972987513282,2500.0,-86.43137844380976,57.2839158486854,5470.852537404875,5470.852537404875,5476.839945540793
57300.0,15.916666666666666,22.0,0.0,22.186456723586026,22.34182034458271,22.3,22.228046486583423,-0.2280464865834233,2500.0,-102.62091896254049,56.97605309179779,5454.355134129257,5454.355134129257,5477.229554081981
57360.0,15.933333333333334,22.0,0.0,22.185624108064253,22.191095230330085,22.200000000000003,22.218697657722284,-0.21869765772228433,2500.0,-98.41394597502796,56.68081125387271,5458.266865278845,5458.266865278845,5476.4658295339605
57420.0,15.95,22.0,0.0,22.184784825694468,22.55662224616809,22.6,22.345798438481523,-0.34579843848152336,2500.0,-155.6092973166855,56.21398336192266,5400.604686045238,5400.604686045238,5475.948773986058
57480.0,15.966666666666667,22.0,0.0,22.183941856505218,21.98483526819492,22.0,22.230532292321016,-0.23053229232101557,2500.0,-103.73953154445701,55.90276476728929,5452.163233222832,5452.163233222832,5474.842546202389
57540.0,15.983333333333333,22.0,0.0,22.18308814149013,22.365299808008896,22.400000000000002,22.287021528214012,-0.2870215282140123,2500.0,-129.15968769630553,55.51528570420037,5426.3555980078945,5426.3555980078945,5474.104728996293
57600.0,16.0,22.0,0.0,22.182228133813616,22.083710933122962,22.1,22.224681018809342,-0.224681018809342,2500.0,-101.1064584642039,55.21196632880776,5454.105507864604,5454.105507864604,5473.861774375528
57660.0,16.016666666666666,22.0,0.0,22.18136779070468,22.021274527882458,22.0,22.149787345872895,-0.14978734587289466,2500.0,-67.4043056428026,55.00975341187935,5487.605447769077,5487.605447769077,5473.693079419707
57720.0,16.033333333333335,22.0,0.0,22.180508004285603,22.294271058270606,22.3,22.19985823058193,-0.1998582305819312,2500.0,-89.93620376186904,54.739944800593754,5464.803741038724,5464.803741038724,5473.572502993993
57780.0,16.05,22.0,0.0,22.179649350308672,22.052526596438277,22.1,22.166572153721287,-0.16657215372128675,2500.0,-74.95746917457905,54.51507239307001,5479.557603218491,5479.557603218491,5473.733390807048
57840.0,16.066666666666666,22.0,0.0,22.17879520294743,22.346652999290654,22.3,22.21104810248086,-0.21104810248085926,2500.0,-94.97164611638667,54.230157454720846,5459.258511338334,5459.258511338334,5474.327900244333
57900.0,16.083333333333332,22.0,0.0,22.17795075214152,21.940692014697873,21.900000000000002,22.107365401653908,-0.10736540165390807,2500.0,-48.31443074425863,54.08521416248808,5505.770783418229,5505.770783418229,5475.203369916186
57960.0,16.1,22.0,0.0,22.17711934032409,22.18023612713527,22.200000000000003,22.13824360110261,-0.1382436011026087,2500.0,-62.20962049617391,53.898585300999564,5491.688964804826,5491.688964804826,5476.508910910299
58020.0,16.116666666666667,22.0,0.0,22.176306089234043,22.00372010477334,22.0,22.09216240073507,-0.0921624007350701,2500.0,-41.47308033078154,53.77416606000722,5512.301085729226,5512.301085729226,5477.337634543483
58080.0,16.133333333333333,22.0,0.0,22.175505222580863,22.12460961065762,22.1,22.09477493382338,-0.09477493382338054,2500.0,-42.64872022052124,53.64621989934565,5510.997499678824,5510.997499678824,5477.596923886539
58140.0,16.15,22.0,0.0,22.17470986999976,22.09642760166976,22.1,22.096516622548922,-0.09651662254892202,2500.0,-43.43248014701491,53.51592245890461,5510.0834423118895,5510.0834423118895,5477.479226920829
58200.0,16.166666666666668,22.0,0.0,22.173915491112812,21.944321614892143,21.900000000000002,22.031011081699283,-0.03101108169928324,2500.0,-13.954986764677457,53.47405749861058,5539.519070733933,5539.519070733933,5478.366548358071
58260.0,16.183333333333334,22.0,0.0,22.17313414321977,22.300390076480127,22.3,22.12067405446619,-0.12067405446618906,2500.0,-54.30332450978508,53.31114752508122,5499.007823015297,5499.007823015297,5478.404785629262
58320.0,16.2,22.0,0.0,22.17235559821766,21.919506889977498,21.900000000000002,22.047116036310793,-0.04711603631079342,2500.0,-21.20221633985704,53.24754087606165,5532.045324536205,5532.045324536205,5478.38468862898
58380.0,16.216666666666665,22.0,0.0,22.171579147686554,21.971761234295368,22.0,22.031410690873862,-0.03141069087386228,2500.0,-14.134810893238026,53.20513644338193,5539.070325550144,5539.070325550144,5479.077211922957
58440.0,16.233333333333334,22.0,0.0,22.17081333678657,22.34536357051902,22.3,22.120940460582574,-0.1209404605825739,2500.0,-54.42320726215826,53.041866821595455,5498.618659559437,5498.618659559437,5479.481550058203
58500.0,16.25,22.0,0.0,22.170054675376907,22.361002745578467,22.400000000000002,22.21396030705505,-0.21396030705504998,2500.0,-96.28213817477248,52.75302040707114,5456.470882232298,5456.470882232298,5479.19172048864
58560.0,16.266666666666666,22.0,0.0,22.16929481199664,22.299183867064794,22.3,22.242640204703367,-0.2426402047033669,2500.0,-109.1880921165151,52.42545613072159,5443.237364014207,5443.237364014207,5478.69618558798
58620.0,16.283333333333335,22.0,0.0,22.168531281787704,22.232939399982836,22.200000000000003,22.22842680313558,-0.22842680313558006,2500.0,-102.79206141101102,52.117079946488566,5449.325018535478,5449.325018535478,5478.066302386381
58680.0,16.3,22.0,0.0,22.16776248357098,22.61981699029243,22.6,22.35228453542372,-0.3522845354237205,2500.0,-158.52804094067423,51.64149582366654,5393.113454882992,5393.113454882992,5477.098845760841
58740.0,16.316666666666666,22.0,0.0,22.166984382269394,21.921503299777033,21.900000000000002,22.201523023615813,-0.2015230236158132,2500.0,-90.68536062711594,51.369439741785186,5460.684079114669,5460.684079114669,5475.912465760861
58800.0,16.333333333333332,22.0,0.0,22.166194378711715,22.01399674244374,22.0,22.13434868241054,-0.13434868241053977,2500.0,-60.456907084742895,51.18806902053095,5490.731161935788,5490.731161935788,5475.087660326524
58860.0,16.35,22.0,0.0,22.165396847499498,21.963141356694212,22.0,22.089565788273696,-0.08956578827369555,2500.0,-40.304604723162996,51.06715520636147,5510.7625504831985,5510.7625504831985,5475.505969359857
58920.0,16.366666666666667,22.0,0.0,22.164606728589316,22.34089849507907,22.3,22.1597105255158,-0.15971052551579845,2500.0,-71.8697364821093,50.85154599691514,5478.981809514806,5478.981809514806,5476.236885049587
58980.0,16.383333333333333,22.0,0.0,22.163827751024144,22.218029740408983,22.200000000000003,22.173140350343868,-0.17314035034386777,2500.0,-77.9131576547405,50.617806523950925,5472.70464886921,5472.70464886921,5476.416421126901
59040.0,16.4,22.0,0.0,22.163053264824594,22.381850451358925,22.400000000000002,22.248760233562578,-0.24876023356257804,2500.0,-111.94210510316012,50.28198020864145,5438.339875105481,5438.339875105481,5476.732749813425
59100.0,16.416666666666668,22.0,0.0,22.16228489802788,22.353437364478516,22.400000000000002,22.29917348904172,-0.2991734890417206,2500.0,-134.62807006877426,49.87809599843513,5415.250025929661,5415.250025929661,5476.634746273282
59160.0,16.433333333333334,22.0,0.0,22.16151766028908,22.11319266873312,22.1,22.232782326027813,-0.232782326027813,2500.0,-104.75204671251586,49.563839858297584,5444.811793145782,5444.811793145782,5476.263419404215
59220.0,16.45,22.0,0.0,22.160748268341063,21.9936689346456,22.0,22.155188217351878,-0.1551882173518777,2500.0,-69.83469780834497,49.35433576487255,5479.519637956528,5479.519637956528,5475.963476835459
59280.0,16.466666666666665,22.0,0.0,22.159977585258066,21.95828759219704,22.0,22.10345881156792,-0.10345881156791847,2500.0,-46.55646520556331,49.214666369255866,5502.658201163692,5502.658201163692,5474.707496988955
59340.0,16.483333333333334,22.0,0.0,22.15919414246616,22.598328884791442,22.6,22.26897254104528,-0.26897254104527946,2500.0,-121.03764347037576,48.85155343884474,5427.813909968469,5427.813909968469,5474.33175925952
59400.0,16.5,22.0,0.0,22.158408541149875,22.34877321055143,22.3,22.27931502736352,-0.2793150273635199,2500.0,-125.69176231358395,48.474478151903995,5422.78271583832,5422.78271583832,5473.532156571993
59460.0,16.516666666666666,22.0,0.0,22.157615701405287,22.273122103243356,22.3,22.286210018242347,-0.2862100182423468,2500.0,-128.79450820905606,48.088094627276824,5419.29358641822,5419.29358641822,5473.208379093537
59520.0,16.533333333333335,22.0,0.0,22.156821354850194,22.085955266446145,22.1,22.224140012161566,-0.2241400121615662,2500.0,-100.8630054727048,47.785505610858706,5446.922500138154,5446.922500138154,5473.448330238129
59580.0,16.55,22.0,0.0,22.1560322707485,22.113352636596176,22.1,22.18276000810771,-0.1827600081077101,2500.0,-82.24200364846953,47.53877959991329,5465.296775951444,5465.296775951444,5473.304253751472
59640.0,16.566666666666666,22.0,0.0,22.155243824981273,22.083425397828627,22.1,22.155173338738475,-0.15517333873847505,2500.0,-69.82800243231378,47.329295592616354,5477.501293160302,5477.501293160302,5473.408476242589
59700.0,16.583333333333332,22.0,0.0,22.15445899522124,22.086702029509656,22.1,22.13678222582565,-0.1367822258256517,2500.0,-61.55200162154326,47.144639587751726,5485.592637966209,5485.592637966209,5473.172643494185
59760.0,16.6,22.0,0.0,22.153673689957508,21.669973816237206,21.700000000000003,21.991188150550435,0.00881184944956459,2500.0,3.9653322523040657,47.15653558450864,5551.121867836813,5551.121867836813,5473.715945826252
59820.0,16.616666666666667,22.0,0.0,22.152897260237552,22.137657376911292,22.1,22.027458767033625,-0.027458767033625264,2500.0,-12.356445165131369,47.11946624901324,5534.763021083882,5534.763021083882,5474.0154961425615
59880.0,16.633333333333333,22.0,0.0,22.15212675441055,22.072700021063724,22.1,22.051639178022416,-0.05163917802241613,2500.0,-23.23763011008726,47.04975335868298,5523.8121232485955,5523.8121232485955,5474.653589302339
59940.0,16.65,22.0,0.0,22.151366217218946,22.20635748187237,22.200000000000003,22.10109278534828,-0.10109278534827837,2500.0,-45.491753406725266,46.91327809846281,5501.421524691737,5501.421524691737,5475.259321141947
60000.0,16.666666666666668,22.0,0.0,22.150615230420993,22.189583143054897,22.200000000000003,22.134061856898853,-0.1340618568988532,2500.0,-60.32783560448394,46.73229459164936,5486.4044589871655,5486.4044589871655,5475.839723161446
60060.0,16.683333333333334,22.0,0.0,22.149873461407665,22.317617060072767,22.3,22.1893745712659,-0.18937457126590118,2500.0,-85.21855706965553,46.476638920440394,5461.258081850785,5461.258081850785,5476.901045620988
60120.0,16.7,22.0,0.0,22.149146653570895,22.143616797484373,22.1,22.1595830475106,-0.15958304751060126,2500.0,-71.81237137977057,46.26120180630108,5474.448830426531,5474.448830426531,5477.2694919108935
60180.0,16.716666666666665,22.0,0.0,22.148426447513113,22.304912805968495,22.3,22.2063886983404,-0.20638869834040108,2500.0,-92.87491425318049,45.98257706354154,5453.107662810361,5453.107662810361,5478.182422454649
60240.0,16.733333333333334,22.0,0.0,22.147719357240028,21.632630752942283,21.6,22.004259132226935,-0.0042591322269345255,2500.0,-1.9166095021205365,45.97682723503518,5544.060217732914,5544.060217732914,5479.197220839574
60300.0,16.75,22.0,0.0,22.147026565818383,21.923891148903515,21.900000000000002,21.96950608815129,0.03049391184870842,2500.0,13.72226033191879,46.01799401603094,5559.740254347949,5559.740254347949,5479.520911484905
60360.0,16.766666666666666,22.0,0.0,22.146339737058746,22.488628296471266,22.5,22.14633739210086,-0.14633739210086105,2500.0,-65.85182644538747,45.82043853669477,5479.968612091307,5479.968612091307,5479.1367443306945
60420.0,16.783333333333335,22.0,0.0,22.145650358779537,21.898946579235936,21.900000000000002,22.06422492806724,-0.06422492806724023,2500.0,-28.901217630258103,45.733734883804,5516.832517253545,5516.832517253545,5478.538421325419
60480.0,16.8,22.0,0.0,22.144955868759105,22.086294914954063,22.1,22.076149952044826,-0.07614995204482611,2500.0,-34.26747842017175,45.63093244854348,5511.363454028372,5511.363454028372,5478.05153127892
60540.0,16.816666666666666,22.0,0.0,22.144257619528176,22.282778326547096,22.3,22.150766634696552,-0.15076663469655216,2500.0,-67.84498561344847,45.42739749170314,5477.582411878255,5477.582411878255,5476.635896672322
60600.0,16.833333333333332,22.0,0.0,22.14354447742966,21.96420055714727,22.0,22.1005110897977,-0.10051108979769907,2500.0,-45.22999040896458,45.291707520476244,5500.061717111511,5500.061717111511,5476.370033046361
60660.0,16.85,22.0,0.0,22.142830284393927,22.28450518343208,22.3,22.167007393198467,-0.16700739319846747,2500.0,-75.15332693931036,45.06624753965831,5469.912920600348,5469.912920600348,5476.609385194518
60720.0,16.866666666666667,22.0,0.0,22.142121106163078,21.85366981696577,21.900000000000002,22.07800492879898,-0.07800492879897902,2500.0,-35.10221795954056,44.96094088577969,5509.858722926239,5509.858722926239,5477.178604615996
60780.0,16.883333333333333,22.0,0.0,22.14142088609998,21.75591964935339,21.8,21.98533661919932,0.014663380800680414,2500.0,6.5985213603061865,44.98073644986061,5551.579257810166,5551.579257810166,5477.208658030976
60840.0,16.9,22.0,0.0,22.140723127338052,21.872032667081946,21.900000000000002,21.956891079466214,0.04310892053378623,2500.0,19.399014240203805,45.03893349258122,5564.437947732785,5564.437947732785,5477.133591211613
60900.0,16.916666666666668,22.0,0.0,22.14002656105058,21.80645307825105,21.8,21.904594052977476,0.09540594702252392,2500.0,42.93267616013576,45.167731521061626,5588.100407681198,5588.100407681198,5476.487029276511
60960.0,16.933333333333334,22.0,0.0,22.139324325718746,22.13295245075999,22.1,21.969729368651652,0.03027063134834762,2500.0,13.62178410675643,45.20859687338189,5558.830380980138,5558.830380980138,5475.466412554063
61020.0,16.95,22.0,0.0,22.13861194969224,22.07222408310533,22.1,22.013152912434435,-0.013152912434435393,2500.0,-5.918810595495927,45.190840441595405,5539.272029846099,5539.272029846099,5474.955502230591
61080.0,16.966666666666665,22.0,0.0,22.13789557986993,22.200751098158793,22.200000000000003,22.07543527495629,-0.07543527495629121,2500.0,-33.945873730331044,45.08900282040441,5511.143129090074,5511.143129090074,5475.031571159357
61140.0,16.983333333333334,22.0,0.0,22.137182271984233,21.927203377966947,21.900000000000002,22.01695684997086,-0.016956849970860333,2500.0,-7.63058248688715,45.066111072943755,5537.4355285860565,5537.4355285860565,5475.492014992762
61200.0,17.0,22.0,0.0,22.136476629348195,22.642228103634658,22.6,22.211304566647243,-0.21130456664724306,2500.0,-95.08705499125938,44.78084990796997,5449.69379491671,5449.69379491671,5474.697379909024
61260.0,17.016666666666666,22.0,0.0,22.13576356801906,22.113839402353552,22.1,22.174203044431497,-0.17420304443149703,2500.0,-78.39136999417366,44.54567579798746,5466.154305803813,5466.154305803813,5473.832135507845
61320.0,17.033333333333335,22.0,0.0,22.135042262941095,22.123058785200335,22.1,22.149468696287666,-0.14946869628766635,2500.0,-67.26091332944986,44.34389305799911,5477.082979728549,5477.082979728549,5472.923159689684
61380.0,17.05,22.0,0.0,22.134312214068547,22.222644241257616,22.200000000000003,22.16631246419178,-0.1663124641917797,2500.0,-74.84060888630086,44.1193712313402,5469.278762345039,5469.278762345039,5472.489815363825
61440.0,17.066666666666666,22.0,0.0,22.133579155210708,22.082059204476455,22.1,22.144208309461188,-0.14420830946118812,2500.0,-64.89373925753466,43.9246900135676,5479.030950756033,5479.030950756033,5472.369931373619
61500.0,17.083333333333332,22.0,0.0,22.13284685692156,22.003742700129735,22.0,22.096138872974123,-0.09613887297412305,2500.0,-43.26249283835537,43.794902535052536,5500.532409696697,5500.532409696697,5472.455454070064
61560.0,17.1,22.0,0.0,22.132117781799636,22.1464774904687,22.1,22.097425915316084,-0.09742591531608369,2500.0,-43.84166189223766,43.663377549375824,5499.821715657138,5499.821715657138,5472.6744071349995
61620.0,17.116666666666667,22.0,0.0,22.131393521339856,22.312349037357237,22.3,22.164950610210724,-0.16495061021072388,2500.0,-74.22777459482575,43.44069422559134,5469.212919630765,5469.212919630765,5473.981864813363
61680.0,17.133333333333333,22.0,0.0,22.130687123153596,22.261038933571406,22.3,22.209967073473816,-0.20996707347381616,2500.0,-94.48518306321728,43.15723867640169,5448.672055613185,5448.672055613185,5474.994884084538
61740.0,17.15,22.0,0.0,22.129995000393148,22.315611071167258,22.3,22.239978048982543,-0.23997804898254316,2500.0,-107.99012204214442,42.83326831027526,5434.843146268131,5434.843146268131,5475.808504737272
61800.0,17.166666666666668,22.0,0.0,22.129314717448814,22.013758577803998,22.0,22.159985365988362,-0.1599853659883621,2500.0,-71.99341469476295,42.617288066190966,5470.623873371428,5470.623873371428,5476.23538840318
61860.0,17.183333333333334,22.0,0.0,22.128641597957305,21.970981255607395,22.0,22.106656910658906,-0.1066569106589057,2500.0,-47.995609796507566,42.47330123680145,5494.477691440294,5494.477691440294,5476.404872912913
61920.0,17.2,22.0,0.0,22.127972531638388,22.526205946238655,22.5,22.237771273772605,-0.23777127377260499,2500.0,-106.99707319767225,42.15231001720843,5435.155236819536,5435.155236819536,5476.152426395211
61980.0,17.216666666666665,22.0,0.0,22.127302443160215,22.076924490119833,22.1,22.191847515848405,-0.19184751584840498,2500.0,-86.33138213178225,41.893315870813076,5455.561933739031,5455.561933739031,5476.1240331290655
62040.0,17.233333333333334,22.0,0.0,22.126634024228284,22.21977277341887,22.200000000000003,22.194565010565604,-0.19456501056560427,2500.0,-87.55425475452192,41.63065310654952,5454.076398352027,5454.076398352027,5475.740426957087
62100.0,17.25,22.0,0.0,22.125963007279086,22.271147375054216,22.3,22.229710007043735,-0.22971000704373523,2500.0,-103.36950316968085,41.320544597040474,5437.95104142736,5437.95104142736,5476.879090136684
62160.0,17.266666666666666,22.0,0.0,22.125307667338888,22.407008137732692,22.400000000000002,22.286473338029158,-0.28647333802915753,2500.0,-128.91300211312088,40.93380559070111,5412.020803477581,5412.020803477581,5478.260109540205
62220.0,17.283333333333335,22.0,0.0,22.124670865651353,21.852025218954378,21.900000000000002,22.157648892019438,-0.15764889201943788,2500.0,-70.94200140874705,40.72097958647487,5469.778978177727,5469.778978177727,5478.288584582723
62280.0,17.3,22.0,0.0,22.124036316069393,22.025622470221553,22.0,22.10509926134629,-0.10509926134628955,2500.0,-47.2946676058303,40.579095583657384,5493.284427977827,5493.284427977827,5478.93098346057
62340.0,17.316666666666666,22.0,0.0,22.12341137892271,22.03435271791966,22.0,22.07006617423086,-0.0700661742308597,2500.0,-31.529778403886866,40.484506248445726,5508.954727844559,5508.954727844559,5479.4715246367
62400.0,17.333333333333332,22.0,0.0,22.122794803081582,22.06017866556574,22.1,22.080044116153907,-0.08004411615390694,2500.0,-36.019852269258124,40.376446691637945,5504.35659442238,5504.35659442238,5479.440039424059
62460.0,17.35,22.0,0.0,22.122179699145427,21.637332676090484,21.6,21.920029410769274,0.07997058923072586,2500.0,35.98676515382664,40.484406987099426,5576.471172140927,5576.471172140927,5479.783734052184
62520.0,17.366666666666667,22.0,0.0,22.12157056485662,22.100051345877255,22.1,21.980019607179518,0.01998039282048225,2500.0,8.991176769217013,40.51138051740708,5549.502557286624,5549.502557286624,5479.619220494653
62580.0,17.383333333333333,22.0,0.0,22.120961283807983,21.539926630432884,21.5,21.820013071453012,0.17998692854698817,2500.0,80.99411784614468,40.75436287094551,5621.74848071709,5621.74848071709,5480.123212201846
62640.0,17.4,22.0,0.0,22.12035987850298,22.177778558082622,22.200000000000003,21.946675380968678,0.05332461903132213,2500.0,23.996078564094958,40.826351106637794,5564.822429670733,5564.822429670733,5481.314146295318
62700.0,17.416666666666668,22.0,0.0,22.119774568623015,22.22514411167709,22.200000000000003,22.031116920645786,-0.031116920645786195,2500.0,-14.002614290603788,40.78434326376598,5526.781728973162,5526.781728973162,5482.699542985943
62760.0,17.433333333333334,22.0,0.0,22.11920763943298,22.236692107447396,22.200000000000003,22.087411280430526,-0.08741128043052626,2500.0,-39.33507619373682,40.66633803518477,5501.3312618414475,5501.3312618414475,5484.456224064197
62820.0,17.45,22.0,0.0,22.11866349120345,21.87564715843436,21.900000000000002,22.02494085362035,-0.024940853620350367,2500.0,-11.223384129157665,40.6326678827973,5529.40928375364,5529.40928375364,5485.69579334613
62880.0,17.466666666666665,22.0,0.0,22.118135850249992,22.307145413921166,22.3,22.1166272357469,-0.11662723574690048,2500.0,-52.48225608610522,40.47522111453898,5487.992965028434,5487.992965028434,5486.58873062113
62940.0,17.483333333333334,22.0,0.0,22.117620507466697,21.942839053636767,21.900000000000002,22.0444181571646,-0.04441815716459985,2500.0,-19.98817072406993,40.415256602366775,5520.427085878297,5520.427085878297,5486.997970595612
63000.0,17.5,22.0,0.0,22.117111621591445,21.869746191088765,21.900000000000002,21.996278771443066,0.0037212285569339087,2500.0,1.674552850620259,40.42028026091864,5542.094833111539,5542.094833111539,5487.838596562119
63060.0,17.516666666666666,22.0,0.0,22.116614349885417,21.918648555229396,21.900000000000002,21.964185847628713,0.03581415237128738,2500.0,16.11636856707932,40.46862936661987,5556.584997933699,5556.584997933699,5487.202849868029
63120.0,17.533333333333335,22.0,0.0,22.116110941034176,21.944703288735326,21.900000000000002,21.942790565085808,0.05720943491419206,2500.0,25.744245711386426,40.54586210375403,5566.290107815141,5566.290107815141,5486.852040800292
63180.0,17.55,22.0,0.0,22.115604832700676,22.148306720369572,22.1,21.995193710057205,0.0048062899427954164,2500.0,2.1628304742579374,40.55235059517681,5542.715181069435,5542.715181069435,5486.6892231157635
63240.0,17.566666666666666,22.0,0.0,22.115098288879963,22.27830042969095,22.3,22.096795806704804,-0.09679580670480448,2500.0,-43.558113017162015,40.42167625612532,5496.863563238963,5496.863563238963,5486.399048769585
63300.0,17.583333333333332,22.0,0.0,22.114589782598557,21.692578573504303,21.700000000000003,21.964530537803203,0.03546946219679725,2500.0,15.961257988558764,40.469560030091,5556.43081801865,5556.43081801865,5486.276247136026
63360.0,17.6,22.0,0.0,22.114081328216393,22.00422592068389,22.0,21.976353691868802,0.023646308131198168,2500.0,10.640838659039176,40.50148254606812,5551.142321205108,5551.142321205108,5486.51384984537
63420.0,17.616666666666667,22.0,0.0,22.113577250429888,22.292371580688354,22.3,22.0842357945792,-0.08423579457920027,2500.0,-37.90610756064012,40.3877642233862,5502.481656662746,5502.481656662746,5486.735647608899
63480.0,17.633333333333333,22.0,0.0,22.113077346449906,22.152316335002716,22.200000000000003,22.1228238630528,-0.12282386305280113,2500.0,-55.27073837376051,40.22195200826492,5484.951213634505,5484.951213634505,5486.443602142596
63540.0,17.65,22.0,0.0,22.112575437636266,22.212930095529657,22.200000000000003,22.1485492420352,-0.1485492420352017,2500.0,-66.84715891584077,40.0214105315174,5473.174251615676,5473.174251615676,5485.814076367106
63600.0,17.666666666666668,22.0,0.0,22.112067480239762,21.811133286323066,21.8,22.0323661613568,-0.03236616135680137,2500.0,-14.564772610560617,39.97771621368571,5525.412943603125,5525.412943603125,5484.964560865456
63660.0,17.683333333333334,22.0,0.0,22.11155085252943,22.30129833515685,22.3,22.121577440904534,-0.12157744090453448,2500.0,-54.70984840704052,39.813586668464595,5485.103738261424,5485.103738261424,5484.725549407222
63720.0,17.7,22.0,0.0,22.111032906564727,21.79724407166509,21.8,22.014384960603024,-0.01438496060302441,2500.0,-6.473232271360985,39.79416697165051,5533.320934700289,5533.320934700289,5484.888085107774
63780.0,17.716666666666665,22.0,0.0,22.110518464866328,22.148532757672157,22.1,22.042923307068683,-0.042923307068683414,2500.0,-19.315488180907536,39.73622050710779,5520.4207323262,5520.4207323262,5484.05920430297
63840.0,17.733333333333334,22.0,0.0,22.109995619923364,22.38224709810096,22.400000000000002,22.161948871379124,-0.16194887137912417,2500.0,-72.87699212060588,39.51758953074597,5466.64059741014,5466.64059741014,5483.584249793571
63900.0,17.75,22.0,0.0,22.109468644061117,22.48533872203051,22.5,22.274632580919416,-0.2746325809194161,2500.0,-123.58466141373725,39.14683554650476,5415.562174132768,5415.562174132768,5483.092452269545
63960.0,17.766666666666666,22.0,0.0,22.108937347556168,22.21124465756543,22.200000000000003,22.24975505394628,-0.24975505394628073,2500.0,-112.38977427582633,38.80966622367728,5426.419891947851,5426.419891947851,5482.340095422175
64020.0,17.783333333333335,22.0,0.0,22.108398616658565,22.284592457050223,22.3,22.26650336929752,-0.2665033692975207,2500.0,-119.92651618388433,38.44988667512563,5418.523370491242,5418.523370491242,5481.168107223099
64080.0,17.8,22.0,0.0,22.107847438095266,21.986581111260914,22.0,22.177668912865016,-0.17766891286501618,2500.0,-79.95101078925728,38.210033642757864,5458.2590228535,5458.2590228535,5480.978288405676
64140.0,17.816666666666666,22.0,0.0,22.107295635241847,22.011006808794665,22.0,22.11844594191001,-0.11844594191001079,2500.0,-53.300673859504855,38.05013162117935,5484.749457761674,5484.749457761674,5481.183390731879
64200.0,17.833333333333332,22.0,0.0,22.106747949024903,22.34063262330242,22.3,22.17896396127334,-0.17896396127333958,2500.0,-80.53378257300281,37.808530273460335,5457.274747700458,5457.274747700458,5481.646246350423
64260.0,17.85,22.0,0.0,22.106207460134033,22.106528736628526,22.1,22.152642640848892,-0.15264264084889234,2500.0,-68.68918838200156,37.602462708314334,5468.913274326313,5468.913274326313,5482.024752151622
64320.0,17.866666666666667,22.0,0.0,22.10567313477945,22.08021037000725,22.1,22.135095093899263,-0.13509509389926322,2500.0,-60.79279225466845,37.42008433155033,5476.6272920768815,5476.6272920768815,5483.598859151444
64380.0,17.883333333333333,22.0,0.0,22.10515930168493,21.823047681647516,21.8,22.023396729266175,-0.023396729266174532,2500.0,-10.52852816977854,37.38849874704099,5526.859970577262,5526.859970577262,5484.697254120364
64440.0,17.9,22.0,0.0,22.10466019082932,22.134778386408268,22.1,22.048931152844116,-0.048931152844115644,2500.0,-22.01901877985204,37.32244169070143,5515.30342291085,5515.30342291085,5486.981441230309
64500.0,17.916666666666668,22.0,0.0,22.104189987551596,22.233362668968123,22.200000000000003,22.099287435229414,-0.09928743522941375,2500.0,-44.679345853236185,37.18840365314173,5492.509057799905,5492.509057799905,5488.27879103765
64560.0,17.933333333333334,22.0,0.0,22.103736763081393,21.944902868033303,21.900000000000002,22.032858290152944,-0.03285829015294439,2500.0,-14.786230568824976,37.14404496143525,5522.357814392611,5522.357814392611,5488.920506669909
64620.0,17.95,22.0,0.0,22.103292598872187,22.00187663438244,22.0,22.021905526768627,-0.021905526768627226,2500.0,-9.857487045882252,37.11447250029761,5527.256985454415,5527.256985454415,5489.127352589434
64680.0,17.966666666666665,22.0,0.0,22.102852249306643,22.418943568510823,22.400000000000002,22.147937017845752,-0.1479370178457522,2500.0,-66.57165803058848,36.91475752620585,5470.343099495617,5470.343099495617,5489.798718108837
64740.0,17.983333333333334,22.0,0.0,22.10242127717603,22.138074507005804,22.1,22.13195801189717,-0.1319580118971686,2500.0,-59.38110535372587,36.736614210144666,5477.355508856419,5477.355508856419,5489.768622224164
64800.0,18.0,22.0,0.0,22.101991236811195,22.044272507694195,22.0,22.087972007931448,-0.0879720079314481,2500.0,-39.58740356915165,36.617851999437214,5497.030448430286,5497.030448430286,5490.279596618399
64860.0,18.016666666666666,22.0,0.0,22.10156861826018,21.874172060392315,21.900000000000002,22.0253146719543,-0.025314671954298262,2500.0,-11.391602379434218,36.58367719229891,5525.192074812864,5525.192074812864,5491.143183893285
64920.0,18.033333333333335,22.0,0.0,22.10115763061212,21.97724182435591,22.0,22.01687644796953,-0.016876447969529806,2500.0,-7.594401586288413,36.56089398754004,5528.966492401251,5528.966492401251,5492.233880793959
64980.0,18.05,22.0,0.0,22.10076096428981,22.05076171408151,22.1,22.044584298646352,-0.044584298646352494,2500.0,-20.062934390858622,36.50070518436746,5516.437770793509,5516.437770793509,5493.468151244311
65040.0,18.066666666666666,22.0,0.0,22.100380299211874,22.374205869454617,22.400000000000002,22.163056199097568,-0.16305619909756786,2500.0,-73.37528959390553,36.28057931558575,5462.905289721681,5462.905289721681,5494.28893507473
65100.0,18.083333333333332,22.0,0.0,22.100010625535134,21.977911685898686,22.0,22.10870413273171,-0.10870413273170954,2500.0,-48.91685972926929,36.13382873639794,5487.216969007129,5487.216969007129,5494.331845544134
65160.0,18.1,22.0,0.0,22.09964257580506,22.45850972929827,22.5,22.239136088487808,-0.23913608848780754,2500.0,-107.6112398195134,35.810995016939394,5428.1997551974255,5428.1997551974255,5495.36682841871
65220.0,18.116666666666667,22.0,0.0,22.099288050018668,21.913550486628495,21.900000000000002,22.12609072565854,-0.12609072565853907,2500.0,-56.74082654634258,35.640772537300364,5478.899945990957,5478.899945990957,5496.29641996515
65280.0,18.133333333333333,22.0,0.0,22.098945742908192,22.027428381942983,22.0,22.08406048377236,-0.08406048377236175,2500.0,-37.82721769756279,35.52729088420768,5497.700073186646,5497.700073186646,5496.399507243443
65340.0,18.15,22.0,0.0,22.098605699766388,22.26731442934857,22.3,22.156040322514908,-0.15604032251490807,2500.0,-70.21814513170864,35.31663644881255,5465.098491317104,5465.098491317104,5496.208702349961
65400.0,18.166666666666668,22.0,0.0,22.098264387095288,22.05022540086827,22.1,22.137360215009938,-0.137360215009938,2500.0,-61.8120967544721,35.131200158549134,5473.319103404077,5473.319103404077,5495.824794837723
65460.0,18.183333333333334,22.0,0.0,22.097919491472055,21.931867082991936,21.900000000000002,22.058240143339958,-0.058240143339958195,2500.0,-26.208064502981188,35.05257596504019,5508.844511462059,5508.844511462059,5496.31793065048
65520.0,18.2,22.0,0.0,22.097581548165444,22.071212865869107,22.1,22.072160095559973,-0.0721600955599726,2500.0,-32.47204300198767,34.955159836034234,5502.483116834046,5502.483116834046,5496.131027443996
65580.0,18.216666666666665,22.0,0.0,22.097242375850275,22.186984874536062,22.200000000000003,22.114773397039983,-0.11477339703998268,2500.0,-51.64802866799221,34.800215750030254,5483.152187082038,5483.152187082038,5496.750859231601
65640.0,18.233333333333334,22.0,0.0,22.096911659033502,21.753764816063693,21.8,22.00984893135999,-0.009848931359989876,2500.0,-4.432019111995444,34.78691969269427,5530.354900580699,5530.354900580699,5497.145357116511
65700.0,18.25,22.0,0.0,22.0965866683418,22.046879399192065,22.0,22.006565954239996,-0.0065659542399956194,2500.0,-2.9546794079980288,34.77805565447028,5531.823376246472,5531.823376246472,5496.636944454738
65760.0,18.266666666666666,22.0,0.0,22.09625655167023,22.0743892267799,22.1,22.037710636159996,-0.03771063615999637,2500.0,-16.969786271998366,34.72714629565428,5517.757360023656,5517.757360023656,5495.285698282705
65820.0,18.283333333333335,22.0,0.0,22.09591121039461,22.01516165840948,22.0,22.025140424106667,-0.025140424106666615,2500.0,-11.313190847999977,34.69320672311028,5523.38001587511,5523.38001587511,5494.137934843791
65880.0,18.3,22.0,0.0,22.095553131981553,22.24262434525735,22.200000000000003,22.083426949404448,-0.08342694940444773,2500.0,-37.54212723200148,34.580580341414276,5497.038453109412,5497.038453109412,5492.877692104582
65940.0,18.316666666666666,22.0,0.0,22.095181004890865,21.98147057098769,22.0,22.05561796626963,-0.05561796626962945,2500.0,-25.028084821333252,34.505496086950274,5509.477411265617,5509.477411265617,5492.3007142837305
66000.0,18.333333333333332,22.0,0.0,22.094803070447597,22.02190010073033,22.0,22.03707864417975,-0.0370786441797506,2500.0,-16.68538988088777,34.455439917307615,5517.77005003642,5517.77005003642,5492.174860008363
66060.0,18.35,22.0,0.0,22.094424759556354,22.10195327702886,22.1,22.058052429453166,-0.058052429453166354,2500.0,-26.12359325392486,34.37706913754584,5508.253475883621,5508.253475883621,5491.593191469898
66120.0,18.366666666666667,22.0,0.0,22.094040603575323,22.239810422438413,22.200000000000003,22.105368286302113,-0.10536828630211303,2500.0,-47.415728835950866,34.23482195103798,5486.819093115087,5486.819093115087,5491.215192850838
66180.0,18.383333333333333,22.0,0.0,22.093653064078808,22.049420540549267,22.0,22.07024552420141,-0.07024552420141106,2500.0,-31.610485890634976,34.13999049336608,5502.529504602731,5502.529504602731,5490.972061171273
66240.0,18.4,22.0,0.0,22.093263769620627,22.396583223800977,22.400000000000002,22.18016368280094,-0.18016368280094142,2500.0,-81.07365726042363,33.89676952158481,5452.823112261161,5452.823112261161,5491.570192994706
66300.0,18.416666666666668,22.0,0.0,22.0928828206277,21.911339160622955,21.900000000000002,22.086775788533963,-0.08677578853396284,2500.0,-39.04910484028328,33.77962220706395,5494.73051736678,5494.73051736678,5491.965746826642
66360.0,18.433333333333334,22.0,0.0,22.092507761127738,22.349810631594554,22.3,22.15785052568931,-0.1578505256893088,2500.0,-71.03273656018897,33.566523997383385,5462.533787437194,5462.533787437194,5491.97480200953
66420.0,18.45,22.0,0.0,22.092133935468468,21.920569625246333,21.900000000000002,22.07190035045954,-0.07190035045953991,2500.0,-32.35515770679296,33.46945852426301,5501.11430081747,5501.11430081747,5492.481185549248
66480.0,18.466666666666665,22.0,0.0,22.091767307888652,22.059154011493476,22.1,22.08126690030636,-0.08126690030636041,2500.0,-36.570105137862186,33.35974820884942,5496.789643070988,5496.789643070988,5493.060782214334
66540.0,18.483333333333334,22.0,0.0,22.091408735351557,22.164217972425067,22.200000000000003,22.120844600204244,-0.12084460020424359,2500.0,-54.380070091909616,33.19660799857369,5478.816537906664,5478.816537906664,5492.6821541690215
66600.0,18.5,22.0,0.0,22.09104669499553,22.502014667247472,22.5,22.247229733469496,-0.24722973346949573,2500.0,-111.25338006127308,32.86284785838987,5421.609467797117,5421.609467797117,5492.426710080478
66660.0,18.516666666666666,22.0,0.0,22.09068267543151,22.269847904762127,22.3,22.264819822312997,-0.2648198223129974,2500.0,-119.16892004084883,32.50534109826732,5413.336421057418,5413.336421057418,5492.503439052975
66720.0,18.533333333333335,22.0,0.0,22.09032066867385,22.009148098762463,22.0,22.176546548208663,-0.17654654820866256,2500.0,-79.44594669389815,32.267003258185625,5452.821056564288,5452.821056564288,5493.048249648974
66780.0,18.55,22.0,0.0,22.089966285663618,22.349790108781963,22.3,22.217697698805775,-0.21769769880577527,2500.0,-97.96396446259888,31.973111364797827,5434.009146902199,5434.009146902199,5493.646887028179
66840.0,18.566666666666666,22.0,0.0,22.089620149450965,22.046879168472223,22.0,22.145131799203853,-0.14513179920385255,2500.0,-65.30930964173365,31.777183435872626,5466.467873794139,5466.467873794139,5494.026735090934
66900.0,18.583333333333332,22.0,0.0,22.089279609823702,21.93099043856377,21.900000000000002,22.063421199469236,-0.06342119946923575,2500.0,-28.539539761156085,31.69156481658916,5503.152025055433,5503.152025055433,5493.50804433478
66960.0,18.6,22.0,0.0,22.088933867526247,22.178670805883584,22.200000000000003,22.108947466312827,-0.10894746631282715,2500.0,-49.026359840772216,31.544485737066843,5482.518125896295,5482.518125896295,5493.403193079319
67020.0,18.616666666666667,22.0,0.0,22.08858790424062,22.10748207384728,22.1,22.105964977541884,-0.10596497754188405,2500.0,-47.684239893847824,31.401433017385298,5483.717193123537,5483.717193123537,5492.31646911462
67080.0,18.633333333333333,22.0,0.0,22.088229938157273,22.27896321160992,22.3,22.170643318361257,-0.17064331836125746,2500.0,-76.78949326256586,31.1710645375976,5454.381571275032,5454.381571275032,5492.092860395893
67140.0,18.65,22.0,0.0,22.08787036266755,21.97792268983809,22.0,22.113762212240836,-0.11376221224083594,2500.0,-51.19299550837617,31.017485551072472,5479.824490042696,5479.824490042696,5492.186313942405
67200.0,18.666666666666668,22.0,0.0,22.08751298734686,22.163813686879045,22.200000000000003,22.14250814149389,-0.14250814149389157,2500.0,-64.12866367225121,30.825099560055722,5466.696435887804,5466.696435887804,5491.734850231983
67260.0,18.683333333333334,22.0,0.0,22.0871512665876,22.214061133154555,22.200000000000003,22.161672094329262,-0.161672094329262,2500.0,-72.7524424481679,30.60684223271122,5457.854399784544,5457.854399784544,5491.427921118185
67320.0,18.7,22.0,0.0,22.086786947841254,22.14239605975139,22.1,22.141114729552843,-0.141114729552843,2500.0,-63.501628298779345,30.41633734781488,5466.914709049036,5466.914709049036,5491.718197623916
67380.0,18.716666666666665,22.0,0.0,22.08642720536922,22.080630498950946,22.1,22.127409819701896,-0.1274098197018958,2500.0,-57.33441886585311,30.244334091217322,5472.909915225365,5472.909915225365,5491.897612944085
67440.0,18.733333333333334,22.0,0.0,22.08607069510844,21.94654702029024,21.900000000000002,22.05160654646793,-0.05160654646793006,2500.0,-23.222945910568527,30.174665253485617,5506.951719342917,5506.951719342917,5491.751855846384
67500.0,18.75,22.0,0.0,22.08571350529327,22.266463863564347,22.3,22.134404364311955,-0.1344043643119548,2500.0,-60.48196394037966,29.993219361664476,5469.511255421285,5469.511255421285,5492.395239925289
67560.0,18.766666666666666,22.0,0.0,22.085365107656493,22.11281000771898,22.1,22.122936242874637,-0.122936242874637,2500.0,-55.32130929358665,29.827255433783716,5474.505946140197,5474.505946140197,5493.052375530642
67620.0,18.783333333333335,22.0,0.0,22.08502564083989,22.18428643534166,22.200000000000003,22.148624161916427,-0.1486241619164268,2500.0,-66.88087286239207,29.626612815196538,5462.745739952805,5462.745739952805,5493.464125272192
67680.0,18.8,22.0,0.0,22.08469213342064,22.01453648524852,22.0,22.09908277461095,-0.09908277461094883,2500.0,-44.587248574926974,29.492851069471758,5484.905602494545,5484.905602494545,5493.962723448907
67740.0,18.816666666666666,22.0,0.0,22.084365609701763,22.086967947850194,22.1,22.0993885164073,-0.09938851640729851,2500.0,-44.72483238328433,29.358676572321908,5484.6338441890375,5484.6338441890375,5494.013985609916
67800.0,18.833333333333332,22.0,0.0,22.084040680699978,21.876595082359035,21.900000000000002,22.032925677604865,-0.0329256776048652,2500.0,-14.81655492218934,29.314226907555337,5514.497671985366,5514.497671985366,5494.271709370844
67860.0,18.85,22.0,0.0,22.083719819170327,22.100824878197486,22.1,22.05528378506991,-0.05528378506991061,2500.0,-24.877703281459773,29.239593797710956,5504.361890516251,5504.361890516251,5494.663348381937
67920.0,18.866666666666667,22.0,0.0,22.0834046198934,22.236446684624262,22.200000000000003,22.103522523379944,-0.10352252337994372,2500.0,-46.585135520974674,29.09983839114803,5482.514702870174,5482.514702870174,5494.889850506965
67980.0,18.883333333333333,22.0,0.0,22.083093084239803,22.10169174145577,22.1,22.102348348919964,-0.10234834891996414,2500.0,-46.05675701398386,28.96166812010608,5482.904911106122,5482.904911106122,5494.7553378837665
68040.0,18.9,22.0,0.0,22.082780869041688,22.25465943114534,22.3,22.16823223261331,-0.16823223261330966,2500.0,-75.70450467598934,28.734554606078113,5453.030049930088,5453.030049930088,5494.884907329083
68100.0,18.916666666666668,22.0,0.0,22.08247114532251,22.145053241747046,22.1,22.14548815507554,-0.14548815507554025,2500.0,-65.46966978399311,28.538145596726135,5463.068475812734,5463.068475812734,5494.183877411284
68160.0,18.933333333333334,22.0,0.0,22.08215393841548,22.354925264419343,22.400000000000002,22.230325436717028,-0.23032543671702754,2500.0,-103.64644652266239,28.227206257158148,5424.580759734496,5424.580759734496,5494.192988077209
68220.0,18.95,22.0,0.0,22.08183779245716,22.0438278660266,22.0,22.153550291144683,-0.15355029114468266,2500.0,-69.0976310151072,28.019913364112828,5458.922282349005,5458.922282349005,5493.6653347332085
68280.0,18.966666666666665,22.0,0.0,22.08151626309659,21.75379021778601,21.8,22.035700194096457,-0.03570019409645653,2500.0,-16.065087343405438,27.971718102082612,5511.906630758677,5511.906630758677,5493.789484167946
68340.0,18.983333333333334,22.0,0.0,22.081197188117315,22.16769483393443,22.200000000000003,22.090466796064305,-0.0904667960643053,2500.0,-40.710058228937385,27.8495879273958,5487.139529698458,5487.139529698458,5493.8394868163305
68400.0,19.0,22.0,0.0,22.080879670394758,22.047841772819247,22.0,22.0603111973762,-0.060311197376201164,2500.0,-27.140038819290524,27.76816781093793,5500.628128991647,5500.628128991647,5493.589104334503
68460.0,19.016666666666666,22.0,0.0,22.080560100635587,21.885701424179054,21.900000000000002,22.006874131584134,-0.006874131584133636,2500.0,-3.093359212860136,27.75888773329935,5524.665528520439,5524.665528520439,5492.389443725547
68520.0,19.033333333333335,22.0,0.0,22.080227093658387,22.210480165242938,22.200000000000003,22.07124942105609,-0.07124942105609122,2500.0,-32.06223947524105,27.662701014873626,5495.600461539633,5495.600461539633,5491.071893347745
68580.0,19.05,22.0,0.0,22.079879275097586,22.132745102948512,22.1,22.080832947370727,-0.08083294737072677,2500.0,-36.37482631682705,27.553576535923145,5491.1787502190955,5491.1787502190955,5490.434379401354
68640.0,19.066666666666666,22.0,0.0,22.07952484982511,22.168592570212034,22.200000000000003,22.120555298247154,-0.1205552982471545,2500.0,-54.24988421121952,27.390826883289485,5473.140942672069,5473.140942672069,5489.493958859702
68700.0,19.083333333333332,22.0,0.0,22.07916020278195,22.012685012624612,22.0,22.08037019883144,-0.0803701988314387,2500.0,-36.166589474147415,27.28232711486704,5491.11573764072,5491.11573764072,5489.110190775275
68760.0,19.1,22.0,0.0,22.078792044462908,22.11820147731246,22.1,22.086913465887626,-0.08691346588762627,2500.0,-39.11105964943182,27.164993935918748,5488.053934286487,5488.053934286487,5489.344221346611
68820.0,19.116666666666667,22.0,0.0,22.07842779898568,22.129295607816765,22.1,22.091275643925083,-0.09127564392508347,2500.0,-41.07403976628756,27.041771816619885,5485.967732050332,5485.967732050332,5489.230453089106
68880.0,19.133333333333333,22.0,0.0,22.07806328102579,22.43299430233413,22.400000000000002,22.194183762616724,-0.1941837626167242,2500.0,-87.3826931775259,26.779623737087306,5439.396930559562,5439.396930559562,5489.1385654230135
68940.0,19.15,22.0,0.0,22.07769875396779,21.940906801076054,21.900000000000002,22.09612250841115,-0.096122508411149,2500.0,-43.25512878501705,26.649858350732256,5483.394729565714,5483.394729565714,5488.559282187214
69000.0,19.166666666666668,22.0,0.0,22.077328369092136,22.075229529180657,22.1,22.097415005607434,-0.09741500560743432,2500.0,-43.836752523345446,26.51834809316222,5482.681595569817,5482.681595569817,5488.413702318139
69060.0,19.183333333333334,22.0,0.0,22.076957348412677,22.149729310866604,22.1,22.098276670404957,-0.09827667040495669,2500.0,-44.22450168223051,26.385674588115528,5482.161172905885,5482.161172905885,5488.051747877634
69120.0,19.2,22.0,0.0,22.07658309734197,21.73162571212289,21.700000000000003,21.965517780269973,0.03448221973002674,2500.0,15.516998878512034,26.432225584751066,5541.949224463263,5541.949224463263,5487.548458742749
69180.0,19.216666666666665,22.0,0.0,22.076203929554858,21.755610256069218,21.8,21.910345186846648,0.08965481315335211,2500.0,40.34466591900845,26.55325958250809,5566.8979255015165,5566.8979255015165,5487.2045629145205
69240.0,19.233333333333334,22.0,0.0,22.075821772521167,22.50898544668673,22.5,22.106896791231097,-0.10689679123109741,2500.0,-48.103556053993834,26.408948914346112,5478.305392860352,5478.305392860352,5486.966318786368
69300.0,19.25,22.0,0.0,22.07543790302904,21.72201411229671,21.700000000000003,21.9712645274874,0.02873547251260078,2500.0,12.93096263067035,26.447741802238124,5539.378704432908,5539.378704432908,5487.299408795644
69360.0,19.266666666666666,22.0,0.0,22.075059182225502,22.190045011156553,22.200000000000003,22.047509684991603,-0.047509684991602796,2500.0,-21.37935824622126,26.38360372749946,5505.004245481278,5505.004245481278,5487.002939572738
69420.0,19.283333333333335,22.0,0.0,22.0746780399537,21.905032958740787,21.900000000000002,21.998339789994404,0.001660210005596241,2500.0,0.7470945025183084,26.385845011007017,5527.132939513525,5527.132939513525,5486.794656348862
69480.0,19.3,22.0,0.0,22.074295541710026,21.9216635211598,21.900000000000002,21.96555985999627,0.0344401400037313,2500.0,15.498063001679085,26.432339200012056,5541.930402201691,5541.930402201691,5486.3938410755945
69540.0,19.316666666666666,22.0,0.0,22.073909381177803,21.677404400323333,21.700000000000003,21.87703990666418,0.12296009333581992,2500.0,55.332042001118964,26.59833532601541,5581.930377327134,5581.930377327134,5486.3690370992435
69600.0,19.333333333333332,22.0,0.0,22.07352408147946,21.89337636701439,21.900000000000002,21.884693271109455,0.11530672889054472,2500.0,51.88802800074512,26.75399941001764,5578.642027410763,5578.642027410763,5486.340117217407
69660.0,19.35,22.0,0.0,22.073139590641627,22.230015313742364,22.200000000000003,21.989795514072974,0.010204485927026496,2500.0,4.592018667161923,26.767775466019128,5531.359794133181,5531.359794133181,5486.809409796873
69720.0,19.366666666666667,22.0,0.0,22.072761884787266,21.795013316603963,21.8,21.926530342715317,0.07346965728468291,2500.0,33.06134577810731,26.866959503353446,5559.928305281461,5559.928305281461,5487.101951142196
69780.0,19.383333333333333,22.0,0.0,22.07238882254661,22.191474198614966,22.200000000000003,22.017686895143548,-0.017686895143548043,2500.0,-7.959102814596619,26.843082194909655,5518.883979380313,5518.883979380313,5487.02549700433
69840.0,19.4,22.0,0.0,22.07201596204302,22.13467551191274,22.1,22.045124596762367,-0.04512459676236702,2500.0,-20.30606854306516,26.782163989280463,5506.476095446215,5506.476095446215,5486.956820572693
69900.0,19.416666666666668,22.0,0.0,22.071643396003765,22.475303855874245,22.5,22.19674973117491,-0.19674973117491135,2500.0,-88.5373790287101,26.516551852194333,5437.979172823484,5437.979172823484,5486.391374395316
69960.0,19.433333333333334,22.0,0.0,22.071265162308496,21.976358445656953,22.0,22.13116648744994,-0.13116648744993853,2500.0,-59.02491935247234,26.339477094136914,5467.314557741664,5467.314557741664,5486.00265941894
70020.0,19.45,22.0,0.0,22.070883398734598,22.32356620657516,22.3,22.187444324966627,-0.1874443249666271,2500.0,-84.3499462349822,26.086427255431968,5441.73648102045,5441.73648102045,5484.9789610908665
70080.0,19.466666666666665,22.0,0.0,22.070490496071486,22.248264286919774,22.200000000000003,22.191629549977755,-0.19162954997775472,2500.0,-86.23329748998962,25.827727362961998,5439.594429872972,5439.594429872972,5484.544683111835
70140.0,19.483333333333334,22.0,0.0,22.070093560780613,22.012759877316956,22.0,22.127753033318506,-0.12775303331850552,2500.0,-57.48886499332748,25.655260767982018,5468.166395774655,5468.166395774655,5485.000715572616
70200.0,19.5,22.0,0.0,22.069703288685144,21.73711209089791,21.700000000000003,21.985168688879003,0.01483131112099656,2500.0,6.674090004448452,25.675283037995364,5532.349373042444,5532.349373042444,5485.036362474713
70260.0,19.516666666666666,22.0,0.0,22.069314615168786,22.371202691086086,22.400000000000002,22.123445792586004,-0.12344579258600419,2500.0,-55.550606663701885,25.508631218004258,5469.958024554303,5469.958024554303,5485.296225249996
70320.0,19.533333333333335,22.0,0.0,22.06893022602628,21.79605244485757,21.8,22.01563052839067,-0.015630528390669696,2500.0,-7.033737775801363,25.487530004676852,5518.4537922288755,5518.4537922288755,5485.952380304503
70380.0,19.55,22.0,0.0,22.068554863911853,21.973871673387293,22.0,22.010420352260446,-0.010420352260446464,2500.0,-4.689158517200909,25.473462529125246,5520.784304011924,5520.784304011924,5486.113181658422
70440.0,19.566666666666666,22.0,0.0,22.06818255750002,22.244817865500057,22.200000000000003,22.073613568173634,-0.07361356817363429,2500.0,-33.12610567813543,25.374084212090843,5492.247978533956,5492.247978533956,5486.1976078011
70500.0,19.583333333333332,22.0,0.0,22.067812381121133,22.29100349487979,22.3,22.149075712115756,-0.14907571211575643,2500.0,-67.0840704520904,25.17283200073457,5458.088761548644,5458.088761548644,5485.979996715617
70560.0,19.6,22.0,0.0,22.067440703938356,21.89835136470676,21.900000000000002,22.06605047474384,-0.06605047474383952,2500.0,-29.722713634727782,25.083663859830388,5495.360950225103,5495.360950225103,5486.065592397702
70620.0,19.616666666666667,22.0,0.0,22.067071168935314,22.06067083175567,22.1,22.07736698316256,-0.07736698316255897,2500.0,-34.815142423151535,24.979218432560934,5490.164076009409,5490.164076009409,5486.0987314291815
70680.0,19.633333333333333,22.0,0.0,22.066703140205657,22.014987451791786,22.0,22.051577988775037,-0.05157798877503694,2500.0,-23.210094948766624,24.909588147714633,5501.6994931989475,5501.6994931989475,5486.0965481062
70740.0,19.65,22.0,0.0,22.066336189362314,22.302647904478786,22.3,22.134385325850026,-0.13438532585002605,2500.0,-60.47339663251172,24.7281679578171,5464.254771325305,5464.254771325305,5485.318221147089
70800.0,19.666666666666668,22.0,0.0,22.06596099944799,22.566887674284175,22.6,22.289590217233354,-0.28959021723335354,2500.0,-130.3155977550091,24.33722116455207,5394.021623409543,5394.021623409543,5485.286162954067
70860.0,19.683333333333334,22.0,0.0,22.065586550405097,21.69960918530111,21.700000000000003,22.093060144822235,-0.09306014482223546,2500.0,-41.877065170005956,24.211589969042052,5482.334524799036,5482.334524799036,5485.242753497662
70920.0,19.7,22.0,0.0,22.065212703795854,22.24849728579271,22.200000000000003,22.128706763214826,-0.12870676321482577,2500.0,-57.9180434466716,24.037835838702037,5466.119792392031,5466.119792392031,5485.191393821133
70980.0,19.716666666666665,22.0,0.0,22.06483936241032,21.493204287028977,21.5,21.91913784214322,0.08086215785678164,2500.0,36.387971035551736,24.146999751808696,5560.53497078736,5560.53497078736,5486.137357665169
71040.0,19.733333333333334,22.0,0.0,22.064478492615073,22.067291767048005,22.1,21.97942522809548,0.020574771904520617,2500.0,9.258647357034278,24.1747756938798,5533.433423050914,5533.433423050914,5487.483367129108
71100.0,19.75,22.0,0.0,22.06413485754278,21.84237795275294,21.8,21.91961681873032,0.08038318126968136,2500.0,36.17243157135661,24.283292988593868,5560.45572455995,5560.45572455995,5487.3304008912955
71160.0,19.766666666666666,22.0,0.0,22.063790417780847,22.46215417580286,22.5,22.113077879153547,-0.11307787915354695,2500.0,-50.885045619096125,24.13063785173658,5473.245592232641,5473.245592232641,5488.197872616989
71220.0,19.783333333333335,22.0,0.0,22.06345742099891,22.09673112665912,22.1,22.108718586102366,-0.10871858610236629,2500.0,-48.92336374606483,23.983867760498388,5475.060504014434,5475.060504014434,5488.477978831394
71280.0,19.8,22.0,0.0,22.06312878448189,21.915774434890732,21.900000000000002,22.039145724068245,-0.0391457240682449,2500.0,-17.615575830710206,23.931021033006257,5506.315445202295,5506.315445202295,5489.122228176096
71340.0,19.816666666666666,22.0,0.0,22.062808864866557,21.962946293924794,22.0,22.026097149378828,-0.026097149378827567,2500.0,-11.743717220472405,23.895789881344836,5512.152072660872,5512.152072660872,5490.0023644098555
71400.0,19.833333333333332,22.0,0.0,22.062500466644877,21.947441316236432,21.900000000000002,21.98406476625255,0.015935233747448763,2500.0,7.170855186351943,23.917302446903896,5531.088157633256,5531.088157633256,5491.534497958477
71460.0,19.85,22.0,0.0,22.062211379220443,22.09987370093298,22.1,22.022709844168368,-0.022709844168367965,2500.0,-10.219429875765584,23.8866441572766,5513.6672142815105,5513.6672142815105,5492.986290116015
71520.0,19.866666666666667,22.0,0.0,22.061940580564173,22.03031088648823,22.0,22.015139896112245,-0.01513989611224531,2500.0,-6.81295325051039,23.86620529752507,5517.053252047015,5517.053252047015,5493.625848516301
71580.0,19.883333333333333,22.0,0.0,22.061678269004677,22.192855383800982,22.200000000000003,22.0767599307415,-0.076759930741499,2500.0,-34.54196883367455,23.762579391024047,5489.22061055735,5489.22061055735,5494.730889462387
71640.0,19.9,22.0,0.0,22.061430004871212,22.36948222125615,22.400000000000002,22.184506620494332,-0.1845066204943322,2500.0,-83.02797922244949,23.5134954533567,5440.485516230908,5440.485516230908,5495.133440961019
71700.0,19.916666666666668,22.0,0.0,22.061187316148132,22.20146972552963,22.200000000000003,22.189671080329557,-0.18967108032955693,2500.0,-85.35198614830063,23.2574394949118,5437.905453346611,5437.905453346611,5495.322485202439
71760.0,19.933333333333334,22.0,0.0,22.060947624022116,21.815747014481296,21.8,22.059780720219706,-0.05978072021970604,2500.0,-26.90132409886772,23.176735522615193,5496.275411423747,5496.275411423747,5494.366763329456
71820.0,19.95,22.0,0.0,22.060697182310005,21.73593582101281,21.700000000000003,21.939853813479804,0.06014618652019621,2500.0,27.065783934088294,23.25793287441746,5550.323716808506,5550.323716808506,5493.915893236326
71880.0,19.966666666666665,22.0,0.0,22.06044208148191,21.909358176350768,21.900000000000002,21.926569208986535,0.07343079101346461,2500.0,33.043855956059076,23.357064442285637,5556.400920398344,5556.400920398344,5493.046236366062
71940.0,19.983333333333334,22.0,0.0,22.060177310073858,22.270820362935805,22.3,22.051046139324356,-0.05104613932435598,2500.0,-22.97076269596019,23.288152154197753,5500.317389458238,5500.317389458238,5492.155372924511
72000.0,20.0,22.0,0.0,22.05990264261873,21.992893011885663,22.0,22.034030759549573,-0.03403075954957302,2500.0,-15.313841797307859,23.242210628805832,5507.928368831498,5507.928368831498,5491.75555663868
72060.0,20.016666666666666,22.0,0.0,22.05962400137054,21.926109437555223,21.900000000000002,21.989353839699717,0.010646160300282759,2500.0,4.790772135127241,23.256582945211214,5528.047355080339,5528.047355080339,5492.432120245409
72120.0,20.033333333333335,22.0,0.0,22.059354314809372,22.08701082637055,22.1,22.026235893133144,-0.026235893133144117,2500.0,-11.806151909914853,23.22116448948147,5511.415012579567,5511.415012579567,5492.057551983891
72180.0,20.05,22.0,0.0,22.05908094248875,21.775975752570467,21.8,21.95082392875543,0.04917607124457035,2500.0,22.12923206005666,23.287552185661642,5545.416784245718,5545.416784245718,5492.4974893213075
72240.0,20.066666666666666,22.0,0.0,22.05881366953314,21.83094812519928,21.8,21.900549285836952,0.09945071416304785,2500.0,44.75282137337153,23.421810649781758,5568.174632023153,5568.174632023153,5492.968936232818
72300.0,20.083333333333332,22.0,0.0,22.058552855759334,22.160617940801227,22.200000000000003,22.00036619055797,-0.0003661905579690483,2500.0,-0.16478575108607174,23.421316292528495,5523.256530541443,5523.256530541443,5492.95692027117
72360.0,20.1,22.0,0.0,22.05829268023531,21.997661981653668,22.0,22.00024412703865,-0.00024412703864840068,2500.0,-0.10985716739178031,23.42098672102632,5523.311129553635,5523.311129553635,5492.3757842924615
72420.0,20.116666666666667,22.0,0.0,22.058026311606113,21.96737906318801,22.0,22.0001627513591,-0.0001627513590989338,2500.0,-0.0732381115945202,23.420767006691534,5523.347528895097,5523.347528895097,5492.425537058006
72480.0,20.133333333333333,22.0,0.0,22.05776133911599,22.12128834417929,22.1,22.0334418342394,-0.03344183423940095,2500.0,-15.048825407730426,23.375620530468343,5508.326795122737,5508.326795122737,5492.387846040529
72540.0,20.15,22.0,0.0,22.05749670925113,21.94052246861497,21.900000000000002,21.98896122282627,0.011038777173730807,2500.0,4.967449728178863,23.39052287965288,5528.3579726078315,5528.3579726078315,5492.543040159836
72600.0,20.166666666666668,22.0,0.0,22.057234735605295,21.91997652629276,21.900000000000002,21.95930748188418,0.04069251811581864,2500.0,18.31163315211839,23.445457779109237,5541.757090931228,5541.757090931228,5492.0715690125935
72660.0,20.183333333333334,22.0,0.0,22.05696789022663,21.965005857719895,22.0,21.972871654589454,0.027128345410545762,2500.0,12.207755434745593,23.482081045413477,5535.689836480159,5535.689836480159,5490.437403252543
72720.0,20.2,22.0,0.0,22.05668223539498,22.1772063532173,22.200000000000003,22.04858110305964,-0.048581103059639474,2500.0,-21.861496376837763,23.41649655628296,5501.555000179445,5501.555000179445,5490.302355278318
72780.0,20.216666666666665,22.0,0.0,22.056395816952136,22.068359804096378,22.1,22.065720735373095,-0.06572073537309464,2500.0,-29.57433091789259,23.327773563529284,5493.753442645637,5493.753442645637,5489.899312563546
72840.0,20.233333333333334,22.0,0.0,22.05610542125204,21.81718590431678,21.8,21.977147156915397,0.022852843084603336,2500.0,10.283779388071501,23.3586249016935,5533.642404289765,5533.642404289765,5491.076573533943
72900.0,20.25,22.0,0.0,22.055830023870694,21.995218640964854,22.0,21.98476477127693,0.015235228723071259,2500.0,6.855852925382067,23.379192460469646,5530.235045385852,5530.235045385852,5491.7825210258925
72960.0,20.266666666666666,22.0,0.0,22.05556392405139,22.18520870934165,22.200000000000003,22.056509847517955,-0.056509847517954626,2500.0,-25.42943138307958,23.302904166320406,5497.873472783241,5497.873472783241,5492.927074418127
73020.0,20.283333333333335,22.0,0.0,22.055312357172255,22.42946274580363,22.400000000000002,22.17100656501197,-0.17100656501197165,2500.0,-76.95295425538724,23.072045303554244,5446.119091048167,5446.119091048167,5492.599049715035
73080.0,20.3,22.0,0.0,22.055057608697318,21.82658681027293,21.8,22.04733771000798,-0.04733771000798015,2500.0,-21.301969503591067,23.00813939504347,5501.706169891452,5501.706169891452,5492.306740620025
73140.0,20.316666666666666,22.0,0.0,22.054800116758667,22.122507175568373,22.1,22.064891806671987,-0.06489180667198724,2500.0,-29.201313002394258,22.920535456036287,5493.719222453642,5493.719222453642,5492.54021902973
73200.0,20.333333333333332,22.0,0.0,22.054546199036746,22.002796543673675,22.0,22.043261204447994,-0.04326120444799386,2500.0,-19.467542001597238,22.862132830031495,5503.394590828434,5503.394590828434,5492.867083256916
73260.0,20.35,22.0,0.0,22.05429696543872,22.219400852801172,22.200000000000003,22.095507469631997,-0.09550746963199686,2500.0,-42.978361334398585,22.7331977460283,5479.754836411629,5479.754836411629,5493.504101163188
73320.0,20.366666666666667,22.0,0.0,22.05405612375636,22.143967119219575,22.1,22.097004979754665,-0.09700497975466504,2500.0,-43.65224088959927,22.602241023359504,5478.95000013376,5478.95000013376,5493.840153048493
73380.0,20.383333333333333,22.0,0.0,22.053820037221673,22.348255418769835,22.3,22.16466998650311,-0.16466998650311027,2500.0,-74.10149392639963,22.379936541580303,5448.278442615181,5448.278442615181,5494.227038031802
73440.0,20.4,22.0,0.0,22.05358930156639,22.157479482021312,22.200000000000003,22.17644665766874,-0.17644665766874112,2500.0,-79.4009959509335,22.1417335537275,5442.740737602794,5442.740737602794,5494.143597573895
73500.0,20.416666666666668,22.0,0.0,22.053358256832578,21.944335594386796,21.900000000000002,22.084297771779163,-0.08429777177916264,2500.0,-37.93399730062319,22.027931561825635,5484.093934261202,5484.093934261202,5493.249296218179
73560.0,20.433333333333334,22.0,0.0,22.053117173616698,21.94539853798084,21.900000000000002,22.02286518118611,-0.02286518118610914,2500.0,-10.289331533749113,21.997063567224387,5511.707732033476,5511.707732033476,5492.3268988369855
73620.0,20.45,22.0,0.0,22.052865744881892,22.13397576682532,22.1,22.048576787457407,-0.04857678745740657,2500.0,-21.859554355832955,21.93148490415689,5500.0719305483235,5500.0719305483235,5492.392707380098
73680.0,20.466666666666665,22.0,0.0,22.05261586013581,22.131604498020728,22.1,22.06571785830494,-0.06571785830493937,2500.0,-29.573036237222716,21.84276579544522,5492.269729558223,5492.269729558223,5493.358224203905
73740.0,20.483333333333334,22.0,0.0,22.05237831124585,22.53196576476293,22.5,22.210478572203293,-0.2104785722032929,2500.0,-94.71535749148181,21.558619722970775,5426.843262231489,5426.843262231489,5494.408935807145
73800.0,20.5,22.0,0.0,22.052154083541797,22.387420627474917,22.400000000000002,22.273652381468864,-0.27365238146886384,2500.0,-123.14357166098873,21.189189007987807,5398.045617346999,5398.045617346999,5494.507410034664
73860.0,20.516666666666666,22.0,0.0,22.051931710211587,21.817216039736575,21.8,22.115768254312577,-0.11576825431257731,2500.0,-52.09571444065979,21.032901864665828,5468.937187424006,5468.937187424006,5494.731092681278
73920.0,20.533333333333335,22.0,0.0,22.051712688193128,22.121757647347838,22.1,22.110512169541717,-0.1105121695417175,2500.0,-49.730476293772874,20.883710435784508,5471.153234142012,5471.153234142012,5495.286363721262
73980.0,20.55,22.0,0.0,22.051500986493203,21.785303214219486,21.8,22.007008113027812,-0.007008113027811902,2500.0,-3.153650862515356,20.874249483196962,5517.720598620682,5517.720598620682,5495.555174535567
74040.0,20.566666666666666,22.0,0.0,22.05129314562815,21.720157766484284,21.700000000000003,21.904672075351876,0.09532792464812445,2500.0,42.897566091656,21.00294218147193,5563.900508273127,5563.900508273127,5496.386201364069
74100.0,20.583333333333332,22.0,0.0,22.051095900607635,22.199805100896178,22.200000000000003,22.00311471690125,-0.003114716901251313,2500.0,-1.401622605563091,20.99873731365524,5519.597114708093,5519.597114708093,5497.582675208388
74160.0,20.6,22.0,0.0,22.05091360500831,22.16126311161734,22.200000000000003,22.068743144600838,-0.06874314460083752,2500.0,-30.934415070376886,20.90593406844411,5489.971518998067,5489.971518998067,5498.010572797272
74220.0,20.616666666666667,22.0,0.0,22.050736991066852,21.843023432199452,21.8,21.979162096400557,0.020837903599442598,2500.0,9.377056619749169,20.934065238303358,5530.3111218580525,5530.3111218580525,5498.432248743212
74280.0,20.633333333333333,22.0,0.0,22.05056596707857,22.379303314698276,22.400000000000002,22.119441397600372,-0.11944139760037231,2500.0,-53.74862892016754,20.772819351542857,5467.024190431375,5467.024190431375,5498.84750341241
74340.0,20.65,22.0,0.0,22.050400439218283,21.854886453318223,21.900000000000002,22.046294265066916,-0.046294265066915585,2500.0,-20.832419280112013,20.71032209370252,5499.8779028135905,5499.8779028135905,5499.005491607582
74400.0,20.666666666666668,22.0,0.0,22.050237303799918,21.816691627570584,21.8,21.964196176711276,0.03580382328872389,2500.0,16.11172047992575,20.758657255142296,5536.870377735068,5536.870377735068,5499.494699624253
74460.0,20.683333333333334,22.0,0.0,22.05008052828401,22.180604172568014,22.200000000000003,22.042797451140853,-0.04279745114085287,2500.0,-19.258853013383792,20.700880696102143,5501.442027682719,5501.442027682719,5500.199072812703
74520.0,20.7,22.0,0.0,22.04993267557291,22.09412038471602,22.1,22.061864967427237,-0.061864967427236905,2500.0,-27.839235342256607,20.617362990075375,5492.778127647818,5492.778127647818,5500.790585540494
74580.0,20.716666666666665,22.0,0.0,22.049792364572678,22.017690764378912,22.0,22.04124331161816,-0.041243311618160305,2500.0,-18.559490228172137,20.561684519390855,5502.002194291219,5502.002194291219,5500.803325784476
74640.0,20.733333333333334,22.0,0.0,22.049652627388372,22.03623946080818,22.0,22.02749554107877,-0.02749554107877117,2500.0,-12.372993485447026,20.524565538934514,5508.151572053487,5508.151572053487,5500.685827732163
74700.0,20.75,22.0,0.0,22.049511899438993,22.0942720576907,22.1,22.051663694052515,-0.051663694052514586,2500.0,-23.248662323631564,20.45481955196362,5497.206157228332,5497.206157228332,5501.235104008123
74760.0,20.766666666666666,22.0,0.0,22.049378184988775,22.02146218783901,22.0,22.034442462701676,-0.03444246270167639,2500.0,-15.499108215754376,20.408322227316354,5504.909214011563,5504.909214011563,5501.718436364418
74820.0,20.783333333333335,22.0,0.0,22.049250671670183,22.014749698013976,22.0,22.022961641801118,-0.022961641801117594,2500.0,-10.332738810502917,20.37732401088485,5510.044585200382,5510.044585200382,5501.654353638065
74880.0,20.8,22.0,0.0,22.04912277189883,21.66993143416554,21.700000000000003,21.915307761200747,0.0846922387992528,2500.0,38.11150745966376,20.491658533263838,5558.603165992928,5558.603165992928,5500.728765928234
74940.0,20.816666666666666,22.0,0.0,22.048984148774274,21.78059187557234,21.8,21.876871840800497,0.12312815919950282,2500.0,55.40767163977627,20.657881548183166,5576.06555318796,5576.06555318796,5500.745055994287
75000.0,20.833333333333332,22.0,0.0,22.04884613699988,22.171036051064434,22.200000000000003,21.984581227200334,0.015418772799666414,2500.0,6.938447759849886,20.678696891462717,5527.617144651313,5527.617144651313,5500.6279587686095
75060.0,20.85,22.0,0.0,22.048707134094105,21.907846956004764,21.900000000000002,21.956387484800224,0.043612515199775714,2500.0,19.62563183989907,20.737573786982413,5540.363205626882,5540.363205626882,5500.67406930294
75120.0,20.866666666666667,22.0,0.0,22.04856910152346,22.1576077533458,22.200000000000003,22.037591656533486,-0.03759165653348617,2500.0,-16.916245440068778,20.686825050662208,5503.770579610594,5503.770579610594,5500.325415421417
75180.0,20.883333333333333,22.0,0.0,22.048427299203944,22.295520079053077,22.3,22.12506110435566,-0.12506110435565887,2500.0,-56.27749696004649,20.51799255978207,5464.240495599735,5464.240495599735,5499.969158499956
75240.0,20.9,22.0,0.0,22.04828164720833,21.977291481918645,22.0,22.08337406957044,-0.08337406957043925,2500.0,-37.51833130669766,20.405437565861973,5482.887106259164,5482.887106259164,5499.107646568544
75300.0,20.916666666666668,22.0,0.0,22.048126094025527,22.104720050294144,22.1,22.088916046380294,-0.08891604638029449,2500.0,-40.01222087113252,20.285400903248576,5480.273180032116,5480.273180032116,5498.168198085781
75360.0,20.933333333333334,22.0,0.0,22.04795973412048,22.463255023476215,22.5,22.225944030920196,-0.22594403092019633,2500.0,-101.67481391408835,19.980376461506314,5418.305562547418,5418.305562547418,5497.933627022038
75420.0,20.95,22.0,0.0,22.04779105844238,22.18677818690509,22.200000000000003,22.217296020613468,-0.21729602061346753,2500.0,-97.78320927606039,19.687026833678132,5421.903817557618,5421.903817557618,5498.163195438896
75480.0,20.966666666666665,22.0,0.0,22.04762564361232,22.41600040976259,22.400000000000002,22.278197347075647,-0.2781973470756469,2500.0,-125.18880618404111,19.31146041512601,5394.122654231085,5394.122654231085,5498.19500769072
75540.0,20.983333333333334,22.0,0.0,22.047461106773774,22.35414251755659,22.400000000000002,22.318798231383767,-0.3187982313837665,2500.0,-143.45920412269493,18.881082802757923,5375.421878680063,5375.421878680063,5498.096253055178
75600.0,21.0,22.0,0.0,22.047295878490115,22.197967948394343,22.200000000000003,22.279198820922513,-0.27919882092251314,2500.0,-125.63946941513092,18.504164394512532,5392.864694979381,5392.864694979381,5496.908703208116
75660.0,21.016666666666666,22.0,0.0,22.04711689529314,22.024738143008392,22.0,22.186132547281673,-0.18613254728167306,2500.0,-83.75964627675287,18.252885455682275,5434.493239178929,5434.493239178929,5495.260985110431
75720.0,21.033333333333335,22.0,0.0,22.046918676428586,21.878519969781475,21.900000000000002,22.090755031521116,-0.09075503152111608,2500.0,-40.839764184502236,18.13036616312877,5477.290601978627,5477.290601978627,5494.822255148991
75780.0,21.05,22.0,0.0,22.04671578746109,21.824376189556617,21.8,21.993836687680744,0.006163312319255709,2500.0,2.773490543665069,18.138686634759765,5520.912177178425,5520.912177178425,5494.427771465541
75840.0,21.066666666666666,22.0,0.0,22.046508773356294,22.14377456029255,22.1,22.02922445845383,-0.029224458453828817,2500.0,-13.151006304222967,18.099233615847098,5504.948227311624,5504.948227311624,5494.81598525146
75900.0,21.083333333333332,22.0,0.0,22.046307038859243,22.139943714194203,22.1,22.052816305635886,-0.05281630563588635,2500.0,-23.767337536148858,18.027931603238653,5494.260594067089,5494.260594067089,5495.967393968488
75960.0,21.1,22.0,0.0,22.046119726470288,22.011195284863746,22.0,22.035210870423924,-0.035210870423924234,2500.0,-15.844891690765905,17.980396928166353,5502.135505237401,5502.135505237401,5496.361222647482
76020.0,21.116666666666667,22.0,0.0,22.045937701962647,22.215630978179966,22.200000000000003,22.09014058028262,-0.09014058028261829,2500.0,-40.56326112717823,17.85870714478482,5477.295446017606,5477.295446017606,5496.254727586658
76080.0,21.133333333333333,22.0,0.0,22.0457549455878,21.92484752271917,21.900000000000002,22.02676038685508,-0.026760386855080753,2500.0,-12.042174084786339,17.82258062253046,5505.780406537744,5505.780406537744,5496.822334157848
76140.0,21.15,22.0,0.0,22.04557954876093,22.26762336238317,22.3,22.11784025790339,-0.11784025790338859,2500.0,-53.028116056524865,17.663496274360885,5464.635380217836,5464.635380217836,5496.325698429073
76200.0,21.166666666666668,22.0,0.0,22.045398718495797,22.05340013145302,22.1,22.111893505268927,-0.11189350526892738,2500.0,-50.35207737101732,17.512440042247835,5467.160362671231,5467.160362671231,5496.384901835481
76260.0,21.183333333333334,22.0,0.0,22.045219141162335,22.03795382600622,22.0,22.074595670179285,-0.07459567017928492,2500.0,-33.568051580678215,17.4117358875058,5483.8436843068275,5483.8436843068275,5497.059659767141
76320.0,21.2,22.0,0.0,22.045048199656055,22.044993540260162,22.0,22.049730446786192,-0.04973044678619232,2500.0,-22.378701053786543,17.34459978434444,5494.965898730558,5494.965898730558,5497.132699232401
76380.0,21.216666666666665,22.0,0.0,22.044878647447874,22.025160392090967,22.0,22.033153631190793,-0.03315363119079251,2500.0,-14.91913403585663,17.29984238223687,5502.38070834638,5502.38070834638,5497.060123039325
76440.0,21.233333333333334,22.0,0.0,22.044708732982002,22.542361590647747,22.5,22.18876908746053,-0.18876908746052834,2500.0,-84.94608935723775,17.04500411416516,5432.098914756927,5432.098914756927,5497.142490893523
76500.0,21.25,22.0,0.0,22.04454031667378,21.72223635084426,21.700000000000003,22.02584605830702,-0.025846058307021025,2500.0,-11.630726238159461,17.01011193545068,5505.379385697291,5505.379385697291,5497.3259755795225
76560.0,21.266666666666666,22.0,0.0,22.04437460743071,22.07981911618707,22.1,22.050564038871347,-0.05056403887134664,2500.0,-22.753817492105988,16.941850482974363,5494.188032990869,5494.188032990869,5497.323978607003
76620.0,21.283333333333335,22.0,0.0,22.0442093713517,22.293030609219514,22.3,22.133709359247565,-0.13370935924756466,2500.0,-60.1692116614041,16.761342847990154,5456.592131186586,5456.592131186586,5497.450399197079
76680.0,21.3,22.0,0.0,22.044046148028013,22.187548758542516,22.200000000000003,22.15580623949838,-0.15580623949837857,2500.0,-70.11280777427035,16.551004424667344,5446.438196650397,5446.438196650397,5497.660302297134
76740.0,21.316666666666666,22.0,0.0,22.043885933211495,21.98346953887004,22.0,22.103870826332255,-0.10387082633225475,2500.0,-46.74187184951464,16.4107788091188,5469.668906959604,5469.668906959604,5498.676016692064
76800.0,21.333333333333332,22.0,0.0,22.043738387612166,22.39176259245553,22.400000000000002,22.20258055088817,-0.20258055088817173,2500.0,-91.16124789967728,16.137295065419767,5424.976047165742,5424.976047165742,5499.965842300329
76860.0,21.35,22.0,0.0,22.043606762556934,21.8299081910038,21.8,22.068387033925447,-0.06838703392544687,2500.0,-30.774165266451092,16.044972569620413,5485.27080730317,5485.27080730317,5500.426697339512
76920.0,21.366666666666667,22.0,0.0,22.043481062637337,21.78222183669369,21.8,21.97892468928363,0.0210753107163697,2500.0,9.483889822366365,16.073424239087515,5525.557314061453,5525.557314061453,5501.092305810968
76980.0,21.383333333333333,22.0,0.0,22.043363727119157,22.15697783970564,22.200000000000003,22.052616459522422,-0.05261645952242233,2500.0,-23.67740678509005,16.002392018732245,5492.324985233642,5492.324985233642,5501.136943707629
77040.0,21.4,22.0,0.0,22.043247279262292,21.752353319015686,21.8,21.968410973014947,0.031589026985052726,2500.0,14.215062143273727,16.045037205162064,5530.260099348436,5530.260099348436,5500.522002905831
77100.0,21.416666666666668,22.0,0.0,22.043123801459377,21.567533850866052,21.6,21.8456073153433,0.15439268465669898,2500.0,69.47670809551454,16.253467329448608,5585.730175424963,5585.730175424963,5500.22808796172
77160.0,21.433333333333334,22.0,0.0,22.04299716711054,22.21957449465614,22.200000000000003,21.96373821022887,0.0362617897711317,2500.0,16.317805397009266,16.302420745639637,5532.620226142649,5532.620226142649,5499.895506162893
77220.0,21.45,22.0,0.0,22.04286692168316,22.19513698420725,22.200000000000003,22.042492140152582,-0.04249214015258218,2500.0,-19.12146306866198,16.24505635643365,5497.123593287772,5497.123593287772,5498.535673769302
77280.0,21.466666666666665,22.0,0.0,22.042720749003344,22.189178121592033,22.200000000000003,22.094994760101724,-0.09499476010172359,2500.0,-42.74764204577561,16.11681343029632,5473.36917138452,5473.36917138452,5497.258476165774
77340.0,21.483333333333334,22.0,0.0,22.042559688470323,21.9450654595335,21.900000000000002,22.029996506734484,-0.029996506734484285,2500.0,-13.498428030517928,16.076318146204766,5502.577890115686,5502.577890115686,5495.539545800196
77400.0,21.5,22.0,0.0,22.042378483954515,22.078967709492385,22.1,22.053331004489657,-0.053331004489656664,2500.0,-23.9989520203455,16.00432129014373,5492.005369269798,5492.005369269798,5493.537584681527
77460.0,21.516666666666666,22.0,0.0,22.042173799518828,21.84910848387034,21.8,21.96888733632644,0.031112663673560803,2500.0,14.000698653102361,16.046323386103037,5530.047022039205,5530.047022039205,5491.859703186491
77520.0,21.533333333333335,22.0,0.0,22.04194959455851,22.38881983588104,22.400000000000002,22.11259155755096,-0.11259155755096018,2500.0,-50.66620089793208,15.89432478340924,5465.2281238854775,5465.2281238854775,5490.903595453032
77580.0,21.55,22.0,0.0,22.04171458892027,22.199919439221162,22.200000000000003,22.141727705033976,-0.14172770503397558,2500.0,-63.77746726528901,15.702992381613376,5451.925525116325,5451.925525116325,5490.676712228458
77640.0,21.566666666666666,22.0,0.0,22.04147756570025,22.189928780174295,22.200000000000003,22.161151803355985,-0.16115180335598467,2500.0,-72.5183115101931,15.485437447082795,5442.96712593689,5442.96712593689,5491.180636644291
77700.0,21.583333333333332,22.0,0.0,22.041247300642883,21.651250352461556,21.700000000000003,22.007434535570656,-0.007434535570656209,2500.0,-3.345541006795294,15.47540082406241,5512.129859817267,5512.129859817267,5491.410096488747
77760.0,21.6,22.0,0.0,22.04102047989882,22.202480888696797,22.200000000000003,22.071623023713773,-0.07162302371377294,2500.0,-32.23036067119782,15.378709742048818,5483.1483490708515,5483.1483490708515,5491.457604781719
77820.0,21.616666666666667,22.0,0.0,22.040794909716503,22.339589314112775,22.3,22.14774868247585,-0.14774868247585005,2500.0,-66.48690711413252,15.17924902070642,5448.692341906573,5448.692341906573,5491.635569789314
77880.0,21.633333333333333,22.0,0.0,22.040572151824826,22.2838245689543,22.3,22.198499121650567,-0.19849912165056693,2500.0,-89.32460474275513,14.911275206478155,5425.586670463724,5425.586670463724,5491.396567726452
77940.0,21.65,22.0,0.0,22.04034719418207,22.198173261341367,22.200000000000003,22.198999414433715,-0.1989994144337146,2500.0,-89.54973649517157,14.642625996992638,5425.092889501821,5425.092889501821,5491.636298373307
78000.0,21.666666666666668,22.0,0.0,22.040125788180003,22.03993435437407,22.0,22.132666276289143,-0.13266627628914307,2500.0,-59.69982433011438,14.463526524002296,5454.763702193888,5454.763702193888,5491.186283070716
78060.0,21.683333333333334,22.0,0.0,22.039899646212312,21.971533076761304,22.0,22.08844418419276,-0.08844418419275968,2500.0,-39.799882886741855,14.34412687534207,5474.5442439886,5474.5442439886,5490.785851064058
78120.0,21.7,22.0,0.0,22.039669377486444,22.15999771461022,22.200000000000003,22.125629456128507,-0.1256294561285074,2500.0,-56.53325525782833,14.174527109568585,5457.64127185174,5457.64127185174,5490.670148284771
78180.0,21.716666666666665,22.0,0.0,22.039438411133403,22.115992282292876,22.1,22.11708630408567,-0.11708630408567089,2500.0,-52.6888368385519,14.016460599052929,5461.327623760501,5461.327623760501,5490.741744125534
78240.0,21.733333333333334,22.0,0.0,22.039208996829508,22.08648390290668,22.1,22.111390869390448,-0.11139086939044773,2500.0,-50.12589122570148,13.866082925375823,5463.740191699674,5463.740191699674,5490.935726862548
78300.0,21.75,22.0,0.0,22.038982598561372,21.97713764920357,22.0,22.074260579593634,-0.07426057959363419,2500.0,-33.417260817135386,13.765831142924418,5480.348570325788,5480.348570325788,5489.9551133274545
78360.0,21.766666666666666,22.0,0.0,22.038745112125618,22.374996417710705,22.400000000000002,22.182840386395757,-0.18284038639575684,2500.0,-82.27817387809057,13.518996621290146,5431.2408227432,5431.2408227432,5490.212184533619
78420.0,21.783333333333335,22.0,0.0,22.038511423003644,21.804942764564448,21.8,22.055226924263838,-0.05522692426383813,2500.0,-24.852115918727158,13.444440273533965,5488.592324354807,5488.592324354807,5490.278448674573
78480.0,21.8,22.0,0.0,22.03827923011873,22.033752738956313,22.0,22.036817949509228,-0.03681794950922779,2500.0,-16.568077279152504,13.39473604169651,5496.826658762544,5496.826658762544,5489.717010049773
78540.0,21.816666666666666,22.0,0.0,22.03804099654897,21.92200482199111,21.900000000000002,21.991211966339485,0.008788033660515282,2500.0,3.954615147231877,13.406599887138205,5517.361215034371,5517.361215034371,5488.995696493117
78600.0,21.833333333333332,22.0,0.0,22.037794821917238,22.24420343153541,22.200000000000003,22.06080797755966,-0.06080797755965861,2500.0,-27.363589901846375,13.324509117432664,5485.960919215587,5485.960919215587,5488.673583334225
78660.0,21.85,22.0,0.0,22.0375455204515,22.323641821910353,22.3,22.14053865170644,-0.1405386517064393,2500.0,-63.24239326789769,13.13478193762897,5449.892388669731,5449.892388669731,5487.6119577314175
78720.0,21.866666666666667,22.0,0.0,22.03728422738292,22.28610199554497,22.3,22.19369243447096,-0.19369243447096096,2500.0,-87.16159551193243,12.873297151093173,5425.711701639161,5425.711701639161,5487.572938557613
78780.0,21.883333333333333,22.0,0.0,22.03702324996346,22.18810468631516,22.200000000000003,22.195794956313975,-0.19579495631397492,2500.0,-88.10773034128871,12.608973960069306,5424.501243618781,5424.501243618781,5488.206011482677
78840.0,21.9,22.0,0.0,22.03677065235136,21.75625025705536,21.8,22.063863304209317,-0.06386330420931685,2500.0,-28.738486894192583,12.522758499386729,5483.784271605194,5483.784271605194,5488.274661045193
78900.0,21.916666666666668,22.0,0.0,22.03651963632685,22.452766177836118,22.5,22.209242202806212,-0.20924220280621242,2500.0,-94.15899126279558,12.240281525598343,5418.081290262802,5418.081290262802,5488.974418350247
78960.0,21.933333333333334,22.0,0.0,22.036277770438073,22.139616988353,22.1,22.172828135204142,-0.17282813520414209,2500.0,-77.77266084186394,12.006963543072752,5434.234302701208,5434.234302701208,5490.587014301493
79020.0,21.95,22.0,0.0,22.036055981298375,22.014363332299013,22.0,22.11521875680276,-0.11521875680276139,2500.0,-51.848440561242626,11.851418221389025,5460.002977660147,5460.002977660147,5491.287567832179
79080.0,21.966666666666665,22.0,0.0,22.035843264168467,22.04014338339141,22.0,22.076812504535177,-0.07681250453517663,2500.0,-34.56562704082948,11.747721340266537,5477.182094299436,5477.182094299436,5491.384834923106
79140.0,21.983333333333334,22.0,0.0,22.035632352395037,21.967728525664718,22.0,22.051208336356787,-0.05120833635678679,2500.0,-23.043751360554054,11.678590086184874,5488.634838725631,5488.634838725631,5491.084573864129
79200.0,22.0,22.0,0.0,22.035418470224222,22.120194584768985,22.1,22.067472224237857,-0.06747222423785715,2500.0,-30.362500907035717,11.587502583463767,5481.225001676428,5481.225001676428,5491.276129134989
79260.0,22.016666666666666,22.0,0.0,22.03520752836317,22.097241089985292,22.1,22.07831481615857,-0.07831481615857072,2500.0,-35.241667271356825,11.481777581649697,5476.240110310293,5476.240110310293,5491.288283137235
79320.0,22.033333333333335,22.0,0.0,22.034997365175727,21.962977356042387,22.0,22.052209877439047,-0.05220987743904715,2500.0,-23.494444847571216,11.411294247106982,5487.916849399537,5487.916849399537,5491.934262118935
79380.0,22.05,22.0,0.0,22.034795584225627,21.520817296870533,21.5,21.868139918292698,0.1318600817073019,2500.0,59.337036768285856,11.589305357411838,5570.926342125697,5570.926342125697,5491.489159815044
79440.0,22.066666666666666,22.0,0.0,22.03458906739073,22.027564800381136,22.0,21.912093278861796,0.08790672113820364,2500.0,39.558024512191636,11.707979430948413,5551.26600394314,5551.26600394314,5490.829765903399
79500.0,22.083333333333332,22.0,0.0,22.0343752573794,22.129742448627297,22.1,21.974728852574533,0.025271147425467433,2500.0,11.372016341460345,11.742095479972795,5523.114111821433,5523.114111821433,5490.0320552372905
79560.0,22.1,22.0,0.0,22.034152516270108,22.139386085248574,22.1,22.016485901716354,-0.016485901716354334,2500.0,-7.41865577235945,11.719839512655716,5504.301183740296,5504.301183740296,5490.40035198029
79620.0,22.116666666666667,22.0,0.0,22.03393486294506,22.003241862789924,22.0,22.010990601144236,-0.010990601144236223,2500.0,-4.9457705149063,11.705002201110997,5506.759231686205,5506.759231686205,5490.279485265132
79680.0,22.133333333333333,22.0,0.0,22.033716412179405,22.124379366072088,22.1,22.040660400762825,-0.04066040076282462,2500.0,-18.29718034327108,11.650110660081184,5493.35293031681,5493.35293031681,5489.586366209156
79740.0,22.15,22.0,0.0,22.033490299337377,22.239154087424772,22.200000000000003,22.093773600508552,-0.09377360050855188,2500.0,-42.198120228848346,11.523516299394638,5469.325396070547,5469.325396070547,5488.519704613399
79800.0,22.166666666666668,22.0,0.0,22.033252064894725,21.93920200838195,21.900000000000002,22.029182400339035,-0.029182400339035297,2500.0,-13.132080152565884,11.48412005893694,5498.352039906371,5498.352039906371,5487.462591028206
79860.0,22.183333333333334,22.0,0.0,22.03300185979238,22.326257668876103,22.3,22.119454933559357,-0.1194549335593571,2500.0,-53.754720101710696,11.322855898631808,5457.5681357969215,5457.5681357969215,5486.917609547634
79920.0,22.2,22.0,0.0,22.032745865527573,21.64171420516339,21.6,21.94630328903957,0.053696710960430494,2500.0,24.163519932193722,11.39534645842839,5535.558866390622,5535.558866390622,5486.711386788317
79980.0,22.216666666666665,22.0,0.0,22.03248816457245,21.780278457828636,21.8,21.89753552602638,0.10246447397361891,2500.0,46.10901328812851,11.533673498292776,5557.642686786421,5557.642686786421,5486.226884872707
80040.0,22.233333333333334,22.0,0.0,22.032225422697206,21.85119643262212,21.900000000000002,21.89835701735092,0.10164298264907856,2500.0,45.73934219208535,11.670891524869031,5557.410233716954,5557.410233716954,5485.811897187504
80100.0,22.25,22.0,0.0,22.031958489195365,21.543065147300258,21.5,21.765571344900614,0.2344286550993857,2500.0,105.49289479472357,11.987370209253204,5617.480265003977,5617.480265003977,5485.444035429373
80160.0,22.266666666666666,22.0,0.0,22.03168794215293,21.831735417946373,21.8,21.777047563267075,0.22295243673292475,2500.0,100.32859652981614,12.28835599884265,5612.616952528659,5612.616952528659,5485.35911101098
80220.0,22.283333333333335,22.0,0.0,22.031417187658604,22.28109158278588,22.3,21.95136504217805,0.0486349578219496,2500.0,21.88573101987732,12.354013191902284,5534.23974421178,5534.23974421178,5484.457139539851
80280.0,22.3,22.0,0.0,22.031136421770107,22.279442234820625,22.3,22.067576694785366,-0.06757669478536599,2500.0,-30.409512653414694,12.26278465394204,5481.853272000527,5481.853272000527,5484.526059286766
80340.0,22.316666666666666,22.0,0.0,22.03085732521624,22.05032901776148,22.1,22.078384463190243,-0.07838446319024328,2500.0,-35.273008435609476,12.156965628635213,5476.883957193026,5476.883957193026,5484.731069278029
80400.0,22.333333333333332,22.0,0.0,22.030581526071927,22.374781919419522,22.400000000000002,22.18558964212683,-0.18558964212682838,2500.0,-83.51533895707277,11.906419611763996,5428.391080654692,5428.391080654692,5485.274905040635
80460.0,22.35,22.0,0.0,22.030313080354198,22.078211124343436,22.1,22.157059761417887,-0.15705976141788724,2500.0,-70.67689263804925,11.694388933849847,5441.017496295801,5441.017496295801,5485.286338610217
80520.0,22.366666666666667,22.0,0.0,22.03004557717646,21.93048318585321,21.900000000000002,22.07137317427859,-0.07137317427859102,2500.0,-32.11792842536596,11.598035148573748,5479.480106723208,5479.480106723208,5484.696439444542
80580.0,22.383333333333333,22.0,0.0,22.029771797718265,22.078097951594827,22.1,22.08091544951906,-0.08091544951906116,2500.0,-36.41195228357752,11.488799291723018,5475.076847008146,5475.076847008146,5483.713360481119
80640.0,22.4,22.0,0.0,22.029487042650885,22.002057720578104,22.0,22.053943633012707,-0.05394363301270744,2500.0,-24.274634855718347,11.415975387155862,5487.141340531437,5487.141340531437,5482.726491866746
80700.0,22.416666666666668,22.0,0.0,22.02919129942533,22.17637799152533,22.200000000000003,22.10262908867514,-0.10262908867514042,2500.0,-46.18308990381319,11.277426117444422,5465.094336213631,5465.094336213631,5482.744121529054
80760.0,22.433333333333334,22.0,0.0,22.028896654985406,21.728286527034726,21.700000000000003,21.968419392450095,0.03158060754990544,2500.0,14.211273397457447,11.320059937636795,5525.531333335094,5525.531333335094,5481.6664076746165
80820.0,22.45,22.0,0.0,22.028589961912544,22.22847295057879,22.200000000000003,22.045612928300066,-0.04561292830006636,2500.0,-20.52581773502986,11.258482484431706,5490.732664749402,5490.732664749402,5480.875872591726
80880.0,22.466666666666665,22.0,0.0,22.028274702497907,21.936369356260204,21.900000000000002,21.997075285533377,0.002924714466622902,2500.0,1.3161215099803059,11.262430848961648,5512.578552358941,5512.578552358941,5480.527991009533
80940.0,22.483333333333334,22.0,0.0,22.027956214282526,22.19902081758458,22.200000000000003,22.064716857022255,-0.06471685702225471,2500.0,-29.12258566001462,11.175063091981604,5482.0524774319665,5482.0524774319665,5480.472226064365
81000.0,22.5,22.0,0.0,22.02763801235245,21.719429971983175,21.700000000000003,21.94314457134817,0.05685542865182924,2500.0,25.58494289332316,11.251817920661573,5536.836760813985,5536.836760813985,5480.60826960872
81060.0,22.516666666666666,22.0,0.0,22.027322397550698,21.94347066646024,21.900000000000002,21.928763047565447,0.0712369524345533,2500.0,32.056628595548986,11.34798780644822,5543.404616401997,5543.404616401997,5480.618548476515
81120.0,22.533333333333335,22.0,0.0,22.027007852939764,22.042620497009807,22.0,21.952508698376967,0.047491301623033166,2500.0,21.371085730364925,11.412101063639314,5532.783186794004,5532.783186794004,5480.545574507078
81180.0,22.55,22.0,0.0,22.02669337627503,22.206983902065264,22.200000000000003,22.03500579891798,-0.035005798917978836,2500.0,-15.752609513090476,11.364843235100043,5495.6122337220095,5495.6122337220095,5480.668429088619
81240.0,22.566666666666666,22.0,0.0,22.026381317295268,21.782875103460896,21.8,21.956670532611987,0.04332946738801269,2500.0,19.49826032460571,11.42333801607386,5530.921598340679,5530.921598340679,5482.172727639237
81300.0,22.583333333333332,22.0,0.0,22.02608824607505,22.359577097256803,22.400000000000002,22.104447021741326,-0.10444702174132559,2500.0,-47.00115978359651,11.282334536723068,5464.281174753127,5464.281174753127,5483.324282244302
81360.0,22.6,22.0,0.0,22.02580987272376,22.122342567724463,22.1,22.102964681160884,-0.1029646811608842,2500.0,-46.33410652239789,11.143332217155875,5464.809225694758,5464.809225694758,5483.987446070587
81420.0,22.616666666666667,22.0,0.0,22.025540292458434,21.920385208777812,21.900000000000002,22.03530978744059,-0.03530978744058899,2500.0,-15.889404348265046,11.09566400411108,5495.206259655846,5495.206259655846,5484.326008365082
81480.0,22.633333333333333,22.0,0.0,22.025275583681438,22.268735990519055,22.3,22.123539858293725,-0.12353985829372505,2500.0,-55.59293623217627,10.928885195414551,5455.335948963238,5455.335948963238,5484.699895420434
81540.0,22.65,22.0,0.0,22.025016155675438,22.045558360279962,22.0,22.082359905529152,-0.0823599055291524,2500.0,-37.06195748811858,10.817699322950197,5473.7557418348315,5473.7557418348315,5484.844112668707
81600.0,22.666666666666668,22.0,0.0,22.024759236560435,22.25641863270268,22.3,22.1549066036861,-0.15490660368610065,2500.0,-69.7079716587453,10.60857540797396,5440.900603749229,5440.900603749229,5484.58546739207
81660.0,22.683333333333334,22.0,0.0,22.024499984459457,22.48912954620881,22.5,22.269937735790734,-0.26993773579073377,2500.0,-121.4719811058302,10.244159464656471,5388.772178358826,5388.772178358826,5484.814910267309
81720.0,22.7,22.0,0.0,22.024244263429285,22.177949938961,22.200000000000003,22.246625157193826,-0.24662515719382583,2500.0,-110.98132073722162,9.911215502444804,5398.929894765223,5398.929894765223,5484.360797359469
81780.0,22.716666666666665,22.0,0.0,22.02398386020731,21.918647967493303,21.900000000000002,22.131083438129217,-0.13108343812921674,2500.0,-58.987547158147535,9.734252860970363,5450.746705702823,5450.746705702823,5485.214098509989
81840.0,22.733333333333334,22.0,0.0,22.02373447780881,21.93859299073058,21.900000000000002,22.05405562541948,-0.054055625419479725,2500.0,-24.325031438765876,9.661277766654065,5485.336246327888,5485.336246327888,5486.4212416479295
81900.0,22.75,22.0,0.0,22.02350032927516,22.14001119855085,22.1,22.06937041694632,-0.06937041694632029,2500.0,-31.21668762584413,9.567627703776532,5478.350940077932,5478.350940077932,5487.604391515747
81960.0,22.766666666666666,22.0,0.0,22.023281080985523,22.080862164404273,22.1,22.079580277964215,-0.07958027796421518,2500.0,-35.81112508389683,9.460194328524842,5473.649069244629,5473.649069244629,5489.768989407217
82020.0,22.783333333333335,22.0,0.0,22.02308846561545,21.856482472904855,21.900000000000002,22.019720185309478,-0.0197201853094775,2500.0,-8.874083389264875,9.433572078357047,5500.559488689092,5500.559488689092,5491.816455459241
82080.0,22.8,22.0,0.0,22.022920997684118,21.889299094558922,21.900000000000002,21.979813456872986,0.02018654312701429,2500.0,9.08394440715643,9.460823911578517,5518.544768318735,5518.544768318735,5492.523510271783
82140.0,22.816666666666666,22.0,0.0,22.02276251681433,22.155918922670768,22.200000000000003,22.053208971248658,-0.05320897124865809,2500.0,-23.94403706189614,9.388991800392828,5485.444954738497,5485.444954738497,5492.3456729672625
82200.0,22.833333333333332,22.0,0.0,22.022602377339492,22.491942051511753,22.5,22.202139314165773,-0.20213931416577324,2500.0,-90.96269137459797,9.116103726269035,5418.153412351671,5418.153412351671,5492.087977704358
82260.0,22.85,22.0,0.0,22.022439625939924,21.496366149678337,21.5,21.968092876110518,0.031907123889482136,2500.0,14.358205750266961,9.159178343519837,5523.517384093787,5523.517384093787,5491.0263627535305
82320.0,22.866666666666667,22.0,0.0,22.022264623415147,22.167047850979692,22.200000000000003,22.04539525074035,-0.04539525074034856,2500.0,-20.42786283315685,9.097894755020365,5488.6700319218635,5488.6700319218635,5490.192881645901
82380.0,22.883333333333333,22.0,0.0,22.02208014412465,21.979870707520316,22.0,22.030263500493568,-0.030263500493568074,2500.0,-13.618575222105633,9.057039029354048,5495.438463807249,5495.438463807249,5490.01433539719
82440.0,22.9,22.0,0.0,22.021894075717043,22.17776701846508,22.200000000000003,22.086842333662382,-0.08684233366238203,2500.0,-39.079050148071914,8.939801878909833,5469.860751730838,5469.860751730838,5489.765377257372
82500.0,22.916666666666668,22.0,0.0,22.02170557801698,22.195249853630035,22.200000000000003,22.124561555774925,-0.12456155577492467,2500.0,-56.0527000987161,8.771643778613685,5452.718943679898,5452.718943679898,5489.72164331194
82560.0,22.933333333333334,22.0,0.0,22.021517121002674,22.032084738010383,22.0,22.083041037183285,-0.08304103718328548,2500.0,-37.36846673247847,8.659538378416249,5471.291071645937,5471.291071645937,5489.311188193635
82620.0,22.95,22.0,0.0,22.02132430389799,21.818129594493552,21.8,21.988694024788856,0.01130597521114396,2500.0,5.087688845014782,8.674801444951294,5513.762490289966,5513.762490289966,5489.914857279326
82680.0,22.966666666666665,22.0,0.0,22.02113930927365,21.74172893057305,21.700000000000003,21.892462683192573,0.10753731680742717,2500.0,48.39179256334223,8.81997682264132,5557.211769385984,5557.211769385984,5489.928487403827
82740.0,22.983333333333334,22.0,0.0,22.020955033194674,21.64611929547604,21.6,21.794975122128385,0.20502487787161527,2500.0,92.26119504222687,9.096760407768002,5601.357955449995,5601.357955449995,5490.305988486412
82800.0,23.0,22.0,0.0,22.020775839956926,22.26524496000391,22.3,21.96331674808559,0.03668325191441113,2500.0,16.50746336148501,9.146282797852457,5525.653746159337,5525.653746159337,5490.168429968839
82860.0,23.016666666666666,22.0,0.0,22.02059553359668,21.97865506044528,22.0,21.97554449872373,0.02445550127627172,2500.0,11.004975574322273,9.179297724575424,5520.184273298897,5520.184273298897,5490.946235482925
82920.0,23.033333333333335,22.0,0.0,22.020425101821687,21.912370108349975,21.900000000000002,21.950362999149153,0.0496370008508471,2500.0,22.336650382881196,9.246307675724067,5531.582958058605,5531.582958058605,5491.820541831576
82980.0,23.05,22.0,0.0,22.0202656730182,21.964721790852924,22.0,21.966908666099435,0.033091333900564734,2500.0,14.89110025525413,9.29098097648983,5524.182081231744,5524.182081231744,5492.503252580949
83040.0,23.066666666666666,22.0,0.0,22.020114915030117,21.752221371350803,21.8,21.91127244406629,0.0887275559337084,2500.0,39.92740017016878,9.410763177000337,5549.338163347169,5549.338163347169,5492.5550689333
83100.0,23.083333333333332,22.0,0.0,22.019965231112227,22.080888147016438,22.1,21.97418162937753,0.02581837062247061,2500.0,11.618266780111774,9.445617977340673,5521.063884757453,5521.063884757453,5493.19451109009
83160.0,23.1,22.0,0.0,22.019823669551972,22.28356396876073,22.3,22.082787752918353,-0.08278775291835316,2500.0,-37.254488813258924,9.333854510900895,5472.079365697642,5472.079365697642,5492.712622151141
83220.0,23.116666666666667,22.0,0.0,22.01967675000913,22.24736887616332,22.200000000000003,22.12185850194557,-0.12185850194557091,2500.0,-54.83632587550691,9.169345533274374,5454.333019657767,5454.333019657767,5492.247565543535
83280.0,23.133333333333333,22.0,0.0,22.019524690545623,21.70636487630008,21.700000000000003,21.981239001297048,0.01876099870295178,2500.0,8.442449416328301,9.19467288152336,5517.637122297852,5517.637122297852,5492.296877112073
83340.0,23.15,22.0,0.0,22.01937367899933,22.292076055761118,22.3,22.087492667531365,-0.08749266753136453,2500.0,-39.37170038911404,9.076557780356017,5469.704857391242,5469.704857391242,5491.680861642926
83400.0,23.166666666666668,22.0,0.0,22.019215728302047,21.86636834935678,21.900000000000002,22.024995111687577,-0.024995111687577065,2500.0,-11.24780025940968,9.042814379577788,5497.795014120168,5497.795014120168,5491.382109646124
83460.0,23.183333333333334,22.0,0.0,22.019054666432893,21.63646421338434,21.6,21.883330074458385,0.11666992554161482,2500.0,52.50146649372667,9.200318779058968,5561.701785272786,5561.701785272786,5490.540751214509
83520.0,23.2,22.0,0.0,22.01888399144817,21.772989544366048,21.8,21.855553382972257,0.14444661702774297,2500.0,65.00097766248433,9.395321712046421,5574.396299374531,5574.396299374531,5488.844608333581
83580.0,23.216666666666665,22.0,0.0,22.01869347477383,21.82539065252482,21.8,21.83703558864817,0.1629644113518296,2500.0,73.33398510832332,9.615323667371392,5582.9493087756955,5582.9493087756955,5487.3460297741085
83640.0,23.233333333333334,22.0,0.0,22.0184855467068,22.017095978638793,22.0,21.89135705909878,0.10864294090121973,2500.0,48.88932340554888,9.76199163758804,5558.6513150431365,5558.6513150431365,5486.736041039587
83700.0,23.25,22.0,0.0,22.018270922559154,21.811875827961906,21.8,21.860904706065853,0.13909529393414743,2500.0,62.592882270366346,9.949770284399138,5572.5426525547655,5572.5426525547655,5486.712711127725
83760.0,23.266666666666666,22.0,0.0,22.01805666232501,21.716007570169023,21.700000000000003,21.8072698040439,0.19273019595609853,2500.0,86.72858818024434,10.20995604893987,5596.938544229184,5596.938544229184,5486.573348276896
83820.0,23.283333333333335,22.0,0.0,22.017841372517356,21.964942565491096,22.0,21.871513202695937,0.12848679730406332,2500.0,57.81905878682849,10.383413225300355,5568.202472012129,5568.202472012129,5486.357943626358
83880.0,23.3,22.0,0.0,22.01762414372332,22.402404932282035,22.400000000000002,22.047675468463957,-0.047675468463957316,2500.0,-21.453960808780792,10.319051342874014,5488.865090534094,5488.865090534094,5486.59463604407
83940.0,23.316666666666666,22.0,0.0,22.01741040692468,21.87694023044696,21.900000000000002,21.998450312309306,0.0015496876906944124,2500.0,0.6973594608124856,10.321143421256451,5511.018502882069,5511.018502882069,5487.127138248648
84000.0,23.333333333333332,22.0,0.0,22.017203701362888,22.110054404452836,22.1,22.032300208206205,-0.03230020820620538,2500.0,-14.535093692792422,10.277538140178075,5495.742444447385,5495.742444447385,5487.099101856813
84060.0,23.35,22.0,0.0,22.01699727948108,22.032986645726975,22.0,22.02153347213747,-0.021533472137470255,2500.0,-9.690062461861615,10.248467952792488,5500.55840549093,5500.55840549093,5485.950007031727
84120.0,23.366666666666667,22.0,0.0,22.016777687727018,22.548391230565933,22.5,22.181022314758312,-0.18102231475831232,2500.0,-81.46004164124054,10.004087827868767,5428.544046186628,5428.544046186628,5486.576129982762
84180.0,23.383333333333333,22.0,0.0,22.01656626822363,21.636914636291735,21.6,21.987348209838878,0.012651790161122278,2500.0,5.693305572505025,10.02116774458628,5515.714473317091,5515.714473317091,5486.611028348413
84240.0,23.4,22.0,0.0,22.01635590175914,22.235432231202136,22.200000000000003,22.05823213989259,-0.058232139892588464,2500.0,-26.20446295166481,9.942554355731287,5483.738091404066,5483.738091404066,5486.758152272727
84300.0,23.416666666666668,22.0,0.0,22.016147931881136,21.759870932721114,21.8,21.972154759928394,0.02784524007160627,2500.0,12.530358032222821,9.980145429827957,5522.51050346205,5522.51050346205,5486.476528930362
84360.0,23.433333333333334,22.0,0.0,22.015937206432657,21.89745415562863,21.900000000000002,21.948103173285595,0.051896826714404654,2500.0,23.353572021482094,10.050206145892403,5533.403778167375,5533.403778167375,5485.913902509521
84420.0,23.45,22.0,0.0,22.015720361643474,21.99638403096479,22.0,21.96540211552373,0.03459788447626977,2500.0,15.569048014321396,10.096913289935367,5525.665961304257,5525.665961304257,5485.670188661795
84480.0,23.466666666666665,22.0,0.0,22.015501242822484,22.652718483182092,22.700000000000003,22.21026807701582,-0.21026807701581873,2500.0,-94.62063465711843,9.813051385964012,5415.192416728846,5415.192416728846,5486.138393688931
84540.0,23.483333333333334,22.0,0.0,22.015288399818285,21.86268733776162,21.900000000000002,22.106845384677214,-0.10684538467721438,2500.0,-48.08042310474647,9.668810116649773,5461.588387011903,5461.588387011903,5487.322949950548
84600.0,23.5,22.0,0.0,22.015090410018235,21.637313587368567,21.6,21.937896923118146,0.062103076881854236,2500.0,27.946384596834406,9.752649270440276,5537.699033867275,5537.699033867275,5489.223533375539
84660.0,23.516666666666666,22.0,0.0,22.014915821188687,22.274388541256933,22.3,22.05859794874543,-0.05859794874542956,2500.0,-26.369076935443303,9.673542039633945,5483.30446510419,5483.30446510419,5489.830703588602
84720.0,23.533333333333335,22.0,0.0,22.014749042168184,21.846901820502165,21.8,21.972398632496954,0.027601367503045537,2500.0,12.420615376370492,9.710803885763058,5522.131419262134,5522.131419262134,5490.336596417107
84780.0,23.55,22.0,0.0,22.014588834198683,21.965998763460544,22.0,21.9815990883313,0.018400911668699393,2500.0,8.280410250914727,9.735645116515803,5518.01605536743,5518.01605536743,5491.024035777798
84840.0,23.566666666666666,22.0,0.0,22.01443735612542,22.00962899153657,22.0,21.987732725554203,0.012267274445797227,2500.0,5.520273500608752,9.752205937017628,5515.272479437626,5515.272479437626,5491.5766698686975
84900.0,23.583333333333332,22.0,0.0,22.014292964095468,22.033690721211645,22.0,21.991821817036133,0.008178182963867187,2500.0,3.680182333740234,9.76324648401885,5513.443428817759,5513.443428817759,5492.539361426672
84960.0,23.6,22.0,0.0,22.0141605575403,21.98013283186892,22.0,21.994547878024086,0.005452121975913826,2500.0,2.453454889161222,9.770606848686334,5512.2240617378475,5512.2240617378475,5493.014770148852
85020.0,23.616666666666667,22.0,0.0,22.014034253109465,22.067585540304275,22.1,22.02969858534939,-0.029698585349390072,2500.0,-13.364363407225532,9.730513758464658,5496.3661503512385,5496.3661503512385,5492.665846741332
85080.0,23.633333333333333,22.0,0.0,22.01390414051103,22.09137606095818,22.1,22.05313239023293,-0.05313239023292837,2500.0,-23.909575604817768,9.658785031650204,5485.749209426832,5485.749209426832,5492.026966289939
85140.0,23.65,22.0,0.0,22.013766751684976,22.184551315328562,22.200000000000003,22.102088260155288,-0.10208826015528771,2500.0,-45.93971706987947,9.520965880440565,5463.581248810561,5463.581248810561,5492.453802223405
85200.0,23.666666666666668,22.0,0.0,22.0136348970566,21.928188269876667,21.900000000000002,22.034725506770194,-0.034725506770193704,2500.0,-15.626478046587167,9.474086446300804,5493.847608399714,5493.847608399714,5492.074653142869
85260.0,23.683333333333334,22.0,0.0,22.013498888203145,21.863752859532163,21.900000000000002,21.989817004513462,0.010182995486538005,2500.0,4.582347968942102,9.487833490207631,5514.07018145915,5514.07018145915,5492.169992492491
85320.0,23.7,22.0,0.0,22.013364431448444,21.800654375715034,21.8,21.926544669675643,0.07345533032435725,2500.0,33.05489864596076,9.586998186145514,5542.641896832106,5542.641896832106,5493.328855705496
85380.0,23.716666666666665,22.0,0.0,22.013244284422566,22.131786064456406,22.1,21.984363113117094,0.015636886882905543,2500.0,7.036599097307494,9.608107983437437,5516.644707080745,5516.644707080745,5494.679979766646
85440.0,23.733333333333334,22.0,0.0,22.013140711326496,22.003881082287272,22.0,21.989575408744727,0.01042459125527273,2500.0,4.691066064872729,9.622181181632055,5514.313247246505,5514.313247246505,5496.15113525013
85500.0,23.75,22.0,0.0,22.013055102815517,22.123696017101086,22.1,22.026383605829817,-0.02638360582981747,2500.0,-11.872622623417861,9.586563313761802,5497.713940690344,5497.713940690344,5497.192804913347
85560.0,23.766666666666666,22.0,0.0,22.01298225116603,22.120621499529204,22.1,22.050922403886545,-0.05092240388654545,2500.0,-22.915081748945454,9.517818068514964,5486.60273631957,5486.60273631957,5498.44863570737
85620.0,23.783333333333335,22.0,0.0,22.01292468804102,22.350100074711943,22.400000000000002,22.167281602591032,-0.1672816025910322,2500.0,-75.27672116596449,9.291987905017072,5434.015266739052,5434.015266739052,5500.090134182734
85680.0,23.8,22.0,0.0,22.012886995587092,22.0543880147005,22.1,22.144854401727354,-0.1448544017273541,2500.0,-65.18448077730935,9.096434462685144,5443.911953685376,5443.911953685376,5501.225339813223
85740.0,23.816666666666666,22.0,0.0,22.012863038678088,22.1633373020161,22.200000000000003,22.163236267818238,-0.1632362678182382,2500.0,-73.45632051820718,8.876065501130523,5435.419744982923,5435.419744982923,5501.019335658571
85800.0,23.833333333333332,22.0,0.0,22.012836681589956,21.772318716330993,21.8,22.042157511878827,-0.04215751187882688,2500.0,-18.970880345472096,8.819152860094105,5489.848272514621,5489.848272514621,5501.18598844563
85860.0,23.85,22.0,0.0,22.012812403406535,21.796752068168544,21.8,21.961438341252553,0.038561658747447325,2500.0,17.352746436351296,8.87121109940316,5526.223957535754,5526.223957535754,5501.095262712326
85920.0,23.866666666666667,22.0,0.0,22.012787109348864,21.95043956018799,22.0,21.9742922275017,0.025707772498300585,2500.0,11.568497624235263,8.905916592275867,5520.474414216512,5520.474414216512,5501.0863150919695
85980.0,23.883333333333333,22.0,0.0,22.01276178380192,21.76941824863903,21.8,21.916194818334468,0.0838051816655323,2500.0,37.712331749489536,9.019053587524336,5546.731385337014,5546.731385337014,5499.877277276881
86040.0,23.9,22.0,0.0,22.012722025777837,22.150640669336067,22.200000000000003,22.010796545556314,-0.01079654555631393,2500.0,-4.8584455003412685,9.004478251023313,5504.146032750682,5504.146032750682,5500.141230544217
86100.0,23.916666666666668,22.0,0.0,22.012685554467033,21.74607499681217,21.700000000000003,21.907197697037542,0.09280230296245762,2500.0,41.76103633310593,9.12976136002263,5550.890797693129,5550.890797693129,5499.867844891882
86160.0,23.933333333333334,22.0,0.0,22.012645911942336,22.02632251568948,22.0,21.938131798025026,0.06186820197497411,2500.0,27.84069088873835,9.213283432688845,5537.053974321427,5537.053974321427,5500.245222534718
86220.0,23.95,22.0,0.0,22.012610916876927,21.520991792577007,21.5,21.79208786535002,0.20791213464998037,2500.0,93.56046059249117,9.493964814466318,5603.054425406957,5603.054425406957,5500.797865128596
86280.0,23.966666666666665,22.0,0.0,22.01258265850784,21.79162671382677,21.8,21.79472524356668,0.20527475643331883,2500.0,92.37364039499347,9.7710857356513,5602.144726130645,5602.144726130645,5501.21233339819
86340.0,23.983333333333334,22.0,0.0,22.012559458533094,21.944752391279305,21.900000000000002,21.829816829044454,0.17018317095554636,2500.0,76.58242692999586,10.000833016441288,5586.583259946437,5586.583259946437,5499.778668120368
86400.0,24.0,22.0,0.0,22.01251912417494,21.960711186801895,22.0,21.8865445526963,0.11345544730369994,2500.0,51.05495128666497,10.000833016441288,5561.055784303106,5561.055784303106,5499.142163435226
